Date,nino34,nino3,nino4,iod,soi,nino34_lag1,nino34_lag2,nino34_lag3,nino3_lag1,nino3_lag2,nino3_lag3,nino4_lag1,nino4_lag2,nino4_lag3,iod_lag1,iod_lag2,iod_lag3,soi_lag1,soi_lag2,soi_lag3,nino34_roll3,nino3_roll3,nino4_roll3,iod_roll3,soi_roll3,future_nino34_lead1,future_nino34_lead2,future_nino34_lead3,future_nino34_lead4,future_nino34_lead5,future_nino34_lead6
1951-04-01,-0.23,-0.21,-0.42,-0.09,-0.3,-0.38,-1.04,-1.3,-0.33,-0.76,-0.87,-0.58,-1.11,-1.1,0.26,0.4,0.06,-0.1,0.9,1.5,-0.55,-0.4333333333333333,-0.7033333333333333,0.18999999999999997,0.16666666666666666,-0.01,0.0,0.3,0.17,0.51,0.49
1951-05-01,-0.01,-0.18,0.26,0.16,-0.7,-0.23,-0.38,-1.04,-0.21,-0.33,-0.76,-0.42,-0.58,-1.11,-0.09,0.26,0.4,-0.3,-0.1,0.9,-0.20666666666666667,-0.24,-0.24666666666666667,0.11,-0.3666666666666667,0.0,0.3,0.17,0.51,0.49,0.55
1951-06-01,0.0,0.04,0.08,-0.12,0.2,-0.01,-0.23,-0.38,-0.18,-0.21,-0.33,0.26,-0.42,-0.58,0.16,-0.09,0.26,-0.7,-0.3,-0.1,-0.08,-0.11666666666666665,-0.026666666666666658,-0.016666666666666663,-0.2666666666666666,0.3,0.17,0.51,0.49,0.55,0.31
1951-07-01,0.3,0.62,0.23,-0.17,-1.0,0.0,-0.01,-0.23,0.04,-0.18,-0.21,0.08,0.26,-0.42,-0.12,0.16,-0.09,0.2,-0.7,-0.3,0.09666666666666666,0.16,0.19000000000000003,-0.043333333333333335,-0.5,0.17,0.51,0.49,0.55,0.31,0.13
1951-08-01,0.17,0.41,-0.26,-0.19,-0.2,0.3,0.0,-0.01,0.62,0.04,-0.18,0.23,0.08,0.26,-0.17,-0.12,0.16,-1.0,0.2,-0.7,0.15666666666666665,0.35666666666666663,0.01666666666666668,-0.16,-0.3333333333333333,0.51,0.49,0.55,0.31,0.13,-0.01
1951-09-01,0.51,0.46,-0.12,-0.03,-1.1,0.17,0.3,0.0,0.41,0.62,0.04,-0.26,0.23,0.08,-0.19,-0.17,-0.12,-0.2,-1.0,0.2,0.32666666666666666,0.4966666666666666,-0.04999999999999999,-0.13,-0.7666666666666666,0.49,0.55,0.31,0.13,-0.01,-0.11
1951-10-01,0.49,0.6,-0.22,-0.32,-1.0,0.51,0.17,0.3,0.46,0.41,0.62,-0.12,-0.26,0.23,-0.03,-0.19,-0.17,-1.1,-0.2,-1.0,0.38999999999999996,0.49,-0.19999999999999998,-0.18000000000000002,-0.7666666666666666,0.55,0.31,0.13,-0.01,-0.11,-0.02
1951-11-01,0.55,0.8,-0.04,0.21,-0.8,0.49,0.51,0.17,0.6,0.46,0.41,-0.22,-0.12,-0.26,-0.32,-0.03,-0.19,-1.0,-1.1,-0.2,0.5166666666666667,0.62,-0.12666666666666665,-0.04666666666666666,-0.9666666666666667,0.31,0.13,-0.01,-0.11,-0.02,-0.14
1951-12-01,0.31,0.61,0.04,0.2,-0.7,0.55,0.49,0.51,0.8,0.6,0.46,-0.04,-0.22,-0.12,0.21,-0.32,-0.03,-0.8,-1.0,-1.1,0.45,0.6699999999999999,-0.07333333333333332,0.03000000000000001,-0.8333333333333334,0.13,-0.01,-0.11,-0.02,-0.14,-0.54
1952-01-01,0.13,0.14,-0.04,0.12,-0.9,0.31,0.55,0.49,0.61,0.8,0.6,0.04,-0.04,-0.22,0.2,0.21,-0.32,-0.7,-0.8,-1.0,0.33,0.5166666666666667,-0.013333333333333324,0.17666666666666667,-0.7999999999999999,-0.01,-0.11,-0.02,-0.14,-0.54,-0.76
1952-02-01,-0.01,-0.04,-0.16,0.22,-0.6,0.13,0.31,0.55,0.14,0.61,0.8,-0.04,0.04,-0.04,0.12,0.2,0.21,-0.9,-0.7,-0.8,0.14333333333333334,0.23666666666666666,-0.05333333333333332,0.18000000000000002,-0.7333333333333334,-0.11,-0.02,-0.14,-0.54,-0.76,-0.56
1952-03-01,-0.11,-0.15,-0.34,0.13,0.5,-0.01,0.13,0.31,-0.04,0.14,0.61,-0.16,-0.04,0.04,0.22,0.12,0.2,-0.6,-0.9,-0.7,0.003333333333333336,-0.016666666666666663,-0.18000000000000002,0.15666666666666665,-0.3333333333333333,-0.02,-0.14,-0.54,-0.76,-0.56,-0.36
1952-04-01,-0.02,-0.31,-0.16,0.54,-0.2,-0.11,-0.01,0.13,-0.15,-0.04,0.14,-0.34,-0.16,-0.04,0.13,0.22,0.12,0.5,-0.6,-0.9,-0.04666666666666666,-0.16666666666666666,-0.21999999999999997,0.2966666666666667,-0.09999999999999999,-0.14,-0.54,-0.76,-0.56,-0.36,-0.46
1952-05-01,-0.14,-0.61,-0.25,0.29,0.8,-0.02,-0.11,-0.01,-0.31,-0.15,-0.04,-0.16,-0.34,-0.16,0.54,0.13,0.22,-0.2,0.5,-0.6,-0.09000000000000001,-0.3566666666666667,-0.25,0.32,0.3666666666666667,-0.54,-0.76,-0.56,-0.36,-0.46,-0.78
1952-06-01,-0.54,-0.92,-0.47,-0.17,0.7,-0.14,-0.02,-0.11,-0.61,-0.31,-0.15,-0.25,-0.16,-0.34,0.29,0.54,0.13,0.8,-0.2,0.5,-0.23333333333333336,-0.6133333333333333,-0.2933333333333333,0.22,0.43333333333333335,-0.76,-0.56,-0.36,-0.46,-0.78,-0.39
1952-07-01,-0.76,-0.99,-0.77,-0.35,0.5,-0.54,-0.14,-0.02,-0.92,-0.61,-0.31,-0.47,-0.25,-0.16,-0.17,0.29,0.54,0.7,0.8,-0.2,-0.48,-0.84,-0.4966666666666666,-0.07666666666666666,0.6666666666666666,-0.56,-0.36,-0.46,-0.78,-0.39,0.2
1952-08-01,-0.56,-0.68,-0.79,-0.46,0.1,-0.76,-0.54,-0.14,-0.99,-0.92,-0.61,-0.77,-0.47,-0.25,-0.35,-0.17,0.29,0.5,0.7,0.8,-0.6200000000000001,-0.8633333333333333,-0.6766666666666666,-0.32666666666666666,0.43333333333333335,-0.36,-0.46,-0.78,-0.39,0.2,0.24
1952-09-01,-0.36,-0.64,-0.37,-0.54,-0.2,-0.56,-0.76,-0.54,-0.68,-0.99,-0.92,-0.79,-0.77,-0.47,-0.46,-0.35,-0.17,0.1,0.5,0.7,-0.56,-0.77,-0.6433333333333333,-0.45,0.13333333333333333,-0.46,-0.78,-0.39,0.2,0.24,0.29
1952-10-01,-0.46,-0.62,-0.7,-0.62,0.4,-0.36,-0.56,-0.76,-0.64,-0.68,-0.99,-0.37,-0.79,-0.77,-0.54,-0.46,-0.35,-0.2,0.1,0.5,-0.46,-0.6466666666666666,-0.62,-0.5399999999999999,0.10000000000000002,-0.78,-0.39,0.2,0.24,0.29,0.22
1952-11-01,-0.78,-1.03,-0.54,0.03,0.0,-0.46,-0.36,-0.56,-0.62,-0.64,-0.68,-0.7,-0.37,-0.79,-0.62,-0.54,-0.46,0.4,-0.2,0.1,-0.5333333333333333,-0.7633333333333333,-0.5366666666666666,-0.37666666666666665,0.06666666666666668,-0.39,0.2,0.24,0.29,0.22,0.35
1952-12-01,-0.39,-0.56,-0.69,0.15,-1.2,-0.78,-0.46,-0.36,-1.03,-0.62,-0.64,-0.54,-0.7,-0.37,0.03,-0.62,-0.54,0.0,0.4,-0.2,-0.5433333333333334,-0.7366666666666667,-0.6433333333333332,-0.14666666666666664,-0.26666666666666666,0.2,0.24,0.29,0.22,0.35,0.39
1953-01-01,0.2,0.06,-0.34,0.48,0.3,-0.39,-0.78,-0.46,-0.56,-1.03,-0.62,-0.69,-0.54,-0.7,0.15,0.03,-0.62,-1.2,0.0,0.4,-0.3233333333333333,-0.51,-0.5233333333333333,0.22000000000000006,-0.3,0.24,0.29,0.22,0.35,0.39,0.14
1953-02-01,0.24,0.22,-0.22,0.5,-0.5,0.2,-0.39,-0.78,0.06,-0.56,-1.03,-0.34,-0.69,-0.54,0.48,0.15,0.03,0.3,-1.2,0.0,0.016666666666666663,-0.09333333333333334,-0.4166666666666666,0.3766666666666667,-0.4666666666666666,0.29,0.22,0.35,0.39,0.14,0.09
1953-03-01,0.29,0.31,-0.29,0.31,-0.2,0.24,0.2,-0.39,0.22,0.06,-0.56,-0.22,-0.34,-0.69,0.5,0.48,0.15,-0.5,0.3,-1.2,0.24333333333333332,0.19666666666666666,-0.28333333333333327,0.43,-0.13333333333333333,0.22,0.35,0.39,0.14,0.09,0.29
1953-04-01,0.22,0.13,-0.14,-0.14,0.2,0.29,0.24,0.2,0.31,0.22,0.06,-0.29,-0.22,-0.34,0.31,0.5,0.48,-0.2,-0.5,0.3,0.25,0.22,-0.2166666666666666,0.22333333333333338,-0.16666666666666666,0.35,0.39,0.14,0.09,0.29,0.16
1953-05-01,0.35,0.12,0.01,0.49,-1.7,0.22,0.29,0.24,0.13,0.31,0.22,-0.14,-0.29,-0.22,-0.14,0.31,0.5,0.2,-0.2,-0.5,0.2866666666666667,0.18666666666666665,-0.13999999999999993,0.22000000000000006,-0.5666666666666667,0.39,0.14,0.09,0.29,0.16,0.18
1953-06-01,0.39,0.26,0.18,0.01,0.1,0.35,0.22,0.29,0.12,0.13,0.31,0.01,-0.14,-0.29,0.49,-0.14,0.31,-1.7,0.2,-0.2,0.32,0.17,0.0166666666666667,0.12000000000000005,-0.4666666666666666,0.14,0.09,0.29,0.16,0.18,0.41
1953-07-01,0.14,-0.07,-0.05,-0.18,-0.0,0.39,0.35,0.22,0.26,0.12,0.13,0.18,0.01,-0.14,0.01,0.49,-0.14,0.1,-1.7,0.2,0.29333333333333333,0.10333333333333333,0.04666666666666671,0.10666666666666674,-0.5333333333333333,0.09,0.29,0.16,0.18,0.41,0.43
1953-08-01,0.09,-0.06,-0.22,0.02,-1.2,0.14,0.39,0.35,-0.07,0.26,0.12,-0.05,0.18,0.01,-0.18,0.01,0.49,-0.0,0.1,-1.7,0.20666666666666667,0.043333333333333335,-0.02999999999999997,-0.04999999999999994,-0.36666666666666664,0.29,0.16,0.18,0.41,0.43,0.28
1953-09-01,0.29,0.28,-0.46,0.05,-1.2,0.09,0.14,0.39,-0.06,-0.07,0.26,-0.22,-0.05,0.18,0.02,-0.18,0.01,-1.2,-0.0,0.1,0.17333333333333334,0.05000000000000001,-0.24333333333333332,-0.036666666666666604,-0.7999999999999999,0.16,0.18,0.41,0.43,0.28,-0.38
1953-10-01,0.16,0.12,-0.1,-0.17,0.1,0.29,0.09,0.14,0.28,-0.06,-0.07,-0.46,-0.22,-0.05,0.05,0.02,-0.18,-1.2,-1.2,-0.0,0.18000000000000002,0.11333333333333334,-0.25999999999999995,-0.03333333333333328,-0.7666666666666666,0.18,0.41,0.43,0.28,-0.38,-1.17
1953-11-01,0.18,0.04,-0.11,0.09,-0.3,0.16,0.29,0.09,0.12,0.28,-0.06,-0.1,-0.46,-0.22,-0.17,0.05,0.02,0.1,-1.2,-1.2,0.21,0.14666666666666667,-0.2233333333333333,-0.009999999999999948,-0.4666666666666666,0.41,0.43,0.28,-0.38,-1.17,-0.81
1953-12-01,0.41,0.2,0.03,0.08,-0.5,0.18,0.16,0.29,0.04,0.12,0.28,-0.11,-0.1,-0.46,0.09,-0.17,0.05,-0.3,0.1,-1.2,0.25,0.12,-0.05999999999999996,5.088522196198634e-17,-0.2333333333333333,0.43,0.28,-0.38,-1.17,-0.81,-0.93
1954-01-01,0.43,-0.16,0.04,-0.23,0.7,0.41,0.18,0.16,0.2,0.04,0.12,0.03,-0.11,-0.1,0.08,0.09,-0.17,-0.5,-0.3,0.1,0.34,0.026666666666666672,-0.013333333333333296,-0.019999999999999952,-0.033333333333333326,0.28,-0.38,-1.17,-0.81,-0.93,-1.18
1954-02-01,0.28,-0.13,-0.02,0.11,-0.3,0.43,0.41,0.18,-0.16,0.2,0.04,0.04,0.03,-0.11,-0.23,0.08,0.09,0.7,-0.5,-0.3,0.37333333333333335,-0.03,0.016666666666666705,-0.013333333333333275,-0.03333333333333335,-0.38,-1.17,-0.81,-0.93,-1.18,-1.43
1954-03-01,-0.38,-0.65,-0.35,0.28,0.3,0.28,0.43,0.41,-0.13,-0.16,0.2,-0.02,0.04,0.03,0.11,-0.23,0.08,-0.3,0.7,-0.5,0.11,-0.31333333333333335,-0.10999999999999995,0.0533333333333334,0.2333333333333333,-1.17,-0.81,-0.93,-1.18,-1.43,-1.6
1954-04-01,-1.17,-1.97,-0.71,0.32,0.6,-0.38,0.28,0.43,-0.65,-0.13,-0.16,-0.35,-0.02,0.04,0.28,0.11,-0.23,0.3,-0.3,0.7,-0.42333333333333334,-0.9166666666666666,-0.35999999999999993,0.23666666666666672,0.19999999999999998,-0.81,-0.93,-1.18,-1.43,-1.6,-1.48
1954-05-01,-0.81,-1.64,-0.71,0.09,0.5,-1.17,-0.38,0.28,-1.97,-0.65,-0.13,-0.71,-0.35,-0.02,0.32,0.28,0.11,0.6,0.3,-0.3,-0.7866666666666667,-1.42,-0.59,0.2300000000000001,0.4666666666666666,-0.93,-1.18,-1.43,-1.6,-1.48,-1.13
1954-06-01,-0.93,-1.58,-0.8,-0.17,0.1,-0.81,-1.17,-0.38,-1.64,-1.97,-0.65,-0.71,-0.71,-0.35,0.09,0.32,0.28,0.5,0.6,0.3,-0.9700000000000001,-1.7299999999999998,-0.7399999999999999,0.08000000000000006,0.4000000000000001,-1.18,-1.43,-1.6,-1.48,-1.13,-1.33
1954-07-01,-1.18,-1.46,-1.08,-0.53,0.4,-0.93,-0.81,-1.17,-1.58,-1.64,-1.97,-0.8,-0.71,-0.71,-0.17,0.09,0.32,0.1,0.5,0.6,-0.9733333333333335,-1.5599999999999998,-0.8633333333333333,-0.20333333333333328,0.3333333333333333,-1.43,-1.6,-1.48,-1.13,-1.33,-0.93
1954-08-01,-1.43,-1.56,-1.16,-0.58,1.1,-1.18,-0.93,-0.81,-1.46,-1.58,-1.64,-1.08,-0.8,-0.71,-0.53,-0.17,0.09,0.4,0.1,0.5,-1.18,-1.5333333333333334,-1.0133333333333334,-0.4266666666666666,0.5333333333333333,-1.6,-1.48,-1.13,-1.33,-0.93,-0.95
1954-09-01,-1.6,-1.73,-1.27,-0.79,0.2,-1.43,-1.18,-0.93,-1.56,-1.46,-1.58,-1.16,-1.08,-0.8,-0.58,-0.53,-0.17,1.1,0.4,0.1,-1.4033333333333333,-1.5833333333333333,-1.1700000000000002,-0.6333333333333333,0.5666666666666667,-1.48,-1.13,-1.33,-0.93,-0.95,-1.06
1954-10-01,-1.48,-1.66,-1.48,-0.89,0.3,-1.6,-1.43,-1.18,-1.73,-1.56,-1.46,-1.27,-1.16,-1.08,-0.79,-0.58,-0.53,0.2,1.1,0.4,-1.5033333333333336,-1.6500000000000001,-1.3033333333333332,-0.7533333333333333,0.5333333333333333,-1.13,-1.33,-0.93,-0.95,-1.06,-1.22
1954-11-01,-1.13,-1.46,-1.16,-0.17,0.1,-1.48,-1.6,-1.43,-1.66,-1.73,-1.56,-1.48,-1.27,-1.16,-0.89,-0.79,-0.58,0.3,0.2,1.1,-1.4033333333333335,-1.6166666666666665,-1.3033333333333335,-0.6166666666666666,0.19999999999999998,-1.33,-0.93,-0.95,-1.06,-1.22,-1.28
1954-12-01,-1.33,-1.55,-1.24,-0.31,1.4,-1.13,-1.48,-1.6,-1.46,-1.66,-1.73,-1.16,-1.48,-1.27,-0.17,-0.89,-0.79,0.1,0.3,0.2,-1.3133333333333335,-1.5566666666666666,-1.2933333333333332,-0.4566666666666667,0.6,-0.93,-0.95,-1.06,-1.22,-1.28,-1.18
1955-01-01,-0.93,-0.86,-0.91,-0.4,-0.5,-1.33,-1.13,-1.48,-1.55,-1.46,-1.66,-1.24,-1.16,-1.48,-0.31,-0.17,-0.89,1.4,0.1,0.3,-1.1300000000000001,-1.29,-1.1033333333333333,-0.2933333333333333,0.33333333333333326,-0.95,-1.06,-1.22,-1.28,-1.18,-1.15
1955-02-01,-0.95,-0.71,-1.09,-0.42,1.9,-0.93,-1.33,-1.13,-0.86,-1.55,-1.46,-0.91,-1.24,-1.16,-0.4,-0.31,-0.17,-0.5,1.4,0.1,-1.0700000000000003,-1.04,-1.08,-0.37666666666666665,0.9333333333333332,-1.06,-1.22,-1.28,-1.18,-1.15,-1.35
1955-03-01,-1.06,-0.9,-1.23,0.01,0.6,-0.95,-0.93,-1.33,-0.71,-0.86,-1.55,-1.09,-0.91,-1.24,-0.42,-0.4,-0.31,1.9,-0.5,1.4,-0.9800000000000001,-0.8233333333333333,-1.0766666666666667,-0.26999999999999996,0.6666666666666666,-1.22,-1.28,-1.18,-1.15,-1.35,-1.43
1955-04-01,-1.22,-1.31,-1.06,0.05,-0.1,-1.06,-0.95,-0.93,-0.9,-0.71,-0.86,-1.23,-1.09,-0.91,0.01,-0.42,-0.4,0.6,1.9,-0.5,-1.0766666666666669,-0.9733333333333333,-1.1266666666666667,-0.11999999999999995,0.7999999999999999,-1.28,-1.18,-1.15,-1.35,-1.43,-2.31
1955-05-01,-1.28,-1.82,-1.1,-0.55,1.0,-1.22,-1.06,-0.95,-1.31,-0.9,-0.71,-1.06,-1.23,-1.09,0.05,0.01,-0.42,-0.1,0.6,1.9,-1.1866666666666668,-1.3433333333333335,-1.1300000000000001,-0.1633333333333333,0.5,-1.18,-1.15,-1.35,-1.43,-2.31,-2.45
1955-06-01,-1.18,-1.69,-0.96,-0.52,1.3,-1.28,-1.22,-1.06,-1.82,-1.31,-0.9,-1.1,-1.06,-1.23,-0.55,0.05,0.01,1.0,-0.1,0.6,-1.2266666666666668,-1.6066666666666667,-1.04,-0.34,0.7333333333333334,-1.15,-1.35,-1.43,-2.31,-2.45,-2.03
1955-07-01,-1.15,-1.41,-0.86,-0.29,1.6,-1.18,-1.28,-1.22,-1.69,-1.82,-1.31,-0.96,-1.1,-1.06,-0.52,-0.55,0.05,1.3,1.0,-0.1,-1.2033333333333336,-1.64,-0.9733333333333333,-0.45333333333333337,1.3,-1.35,-1.43,-2.31,-2.45,-2.03,-1.2
1955-08-01,-1.35,-1.45,-1.25,-0.08,1.5,-1.15,-1.18,-1.28,-1.41,-1.69,-1.82,-0.86,-0.96,-1.1,-0.29,-0.52,-0.55,1.6,1.3,1.0,-1.2266666666666668,-1.5166666666666666,-1.0233333333333332,-0.2966666666666667,1.4666666666666668,-1.43,-2.31,-2.45,-2.03,-1.2,-0.99
1955-09-01,-1.43,-1.68,-1.35,-0.58,1.3,-1.35,-1.15,-1.18,-1.45,-1.41,-1.69,-1.25,-0.86,-0.96,-0.08,-0.29,-0.52,1.5,1.6,1.3,-1.3100000000000003,-1.5133333333333334,-1.1533333333333333,-0.31666666666666665,1.4666666666666668,-2.31,-2.45,-2.03,-1.2,-0.99,-0.83
1955-10-01,-2.31,-2.4,-2.0,-0.76,1.5,-1.43,-1.35,-1.15,-1.68,-1.45,-1.41,-1.35,-1.25,-0.86,-0.58,-0.08,-0.29,1.3,1.5,1.6,-1.696666666666667,-1.843333333333333,-1.5333333333333332,-0.47333333333333333,1.4333333333333333,-2.45,-2.03,-1.2,-0.99,-0.83,-0.97
1955-11-01,-2.45,-2.39,-2.0,0.1,1.2,-2.31,-1.43,-1.35,-2.4,-1.68,-1.45,-2.0,-1.35,-1.25,-0.76,-0.58,-0.08,1.5,1.3,1.5,-2.063333333333334,-2.1566666666666667,-1.7833333333333332,-0.41333333333333333,1.3333333333333333,-2.03,-1.2,-0.99,-0.83,-0.97,-0.8
1955-12-01,-2.03,-2.09,-1.45,0.05,1.0,-2.45,-2.31,-1.43,-2.39,-2.4,-1.68,-2.0,-2.0,-1.35,0.1,-0.76,-0.58,1.2,1.5,1.3,-2.2633333333333336,-2.293333333333333,-1.8166666666666667,-0.20333333333333334,1.2333333333333334,-1.2,-0.99,-0.83,-0.97,-0.8,-0.92
1956-01-01,-1.2,-1.06,-1.28,0.33,1.3,-2.03,-2.45,-2.31,-2.09,-2.39,-2.4,-1.45,-2.0,-2.0,0.05,0.1,-0.76,1.0,1.2,1.5,-1.8933333333333335,-1.8466666666666667,-1.5766666666666669,0.16,1.1666666666666667,-0.99,-0.83,-0.97,-0.8,-0.92,-1.06
1956-02-01,-0.99,-0.7,-1.19,0.38,1.6,-1.2,-2.03,-2.45,-1.06,-2.09,-2.39,-1.28,-1.45,-2.0,0.33,0.05,0.1,1.3,1.0,1.2,-1.406666666666667,-1.2833333333333332,-1.3066666666666666,0.25333333333333335,1.3,-0.83,-0.97,-0.8,-0.92,-1.06,-1.17
1956-03-01,-0.83,-0.54,-1.1,-0.15,1.3,-0.99,-1.2,-2.03,-0.7,-1.06,-2.09,-1.19,-1.28,-1.45,0.38,0.33,0.05,1.6,1.3,1.0,-1.006666666666667,-0.7666666666666666,-1.19,0.18666666666666668,1.4000000000000001,-0.97,-0.8,-0.92,-1.06,-1.17,-0.98
1956-04-01,-0.97,-0.66,-1.1,-0.3,0.9,-0.83,-0.99,-1.2,-0.54,-0.7,-1.06,-1.1,-1.19,-1.28,-0.15,0.38,0.33,1.3,1.6,1.3,-0.9300000000000003,-0.6333333333333333,-1.1300000000000001,-0.023333333333333317,1.2666666666666668,-0.8,-0.92,-1.06,-1.17,-0.98,-0.97
1956-05-01,-0.8,-0.76,-0.91,-0.53,1.4,-0.97,-0.83,-0.99,-0.66,-0.54,-0.7,-1.1,-1.1,-1.19,-0.3,-0.15,0.38,0.9,1.3,1.6,-0.866666666666667,-0.6533333333333333,-1.0366666666666668,-0.32666666666666666,1.2,-0.92,-1.06,-1.17,-0.98,-0.97,-1.14
1956-06-01,-0.92,-0.85,-0.79,-0.63,1.1,-0.8,-0.97,-0.83,-0.76,-0.66,-0.54,-0.91,-1.1,-1.1,-0.53,-0.3,-0.15,1.4,0.9,1.3,-0.896666666666667,-0.7566666666666667,-0.9333333333333335,-0.48666666666666664,1.1333333333333333,-1.06,-1.17,-0.98,-0.97,-1.14,-0.89
1956-07-01,-1.06,-1.03,-1.04,-0.63,1.1,-0.92,-0.8,-0.97,-0.85,-0.76,-0.66,-0.79,-0.91,-1.1,-0.63,-0.53,-0.3,1.1,1.4,0.9,-0.9266666666666671,-0.8799999999999999,-0.9133333333333334,-0.5966666666666667,1.2,-1.17,-0.98,-0.97,-1.14,-0.89,-0.51
1956-08-01,-1.17,-1.06,-1.46,-0.25,1.2,-1.06,-0.92,-0.8,-1.03,-0.85,-0.76,-1.04,-0.79,-0.91,-0.63,-0.63,-0.53,1.1,1.1,1.4,-1.0500000000000003,-0.9800000000000001,-1.0966666666666667,-0.5033333333333333,1.1333333333333335,-0.98,-0.97,-1.14,-0.89,-0.51,-0.22
1956-09-01,-0.98,-1.03,-1.42,-0.88,0.1,-1.17,-1.06,-0.92,-1.06,-1.03,-0.85,-1.46,-1.04,-0.79,-0.25,-0.63,-0.63,1.2,1.1,1.1,-1.0700000000000003,-1.04,-1.3066666666666666,-0.5866666666666667,0.7999999999999999,-0.97,-1.14,-0.89,-0.51,-0.22,0.18
1956-10-01,-0.97,-1.07,-1.12,-0.92,1.8,-0.98,-1.17,-1.06,-1.03,-1.06,-1.03,-1.42,-1.46,-1.04,-0.88,-0.25,-0.63,0.1,1.2,1.1,-1.0400000000000003,-1.0533333333333335,-1.3333333333333333,-0.6833333333333332,1.0333333333333334,-1.14,-0.89,-0.51,-0.22,0.18,0.41
1956-11-01,-1.14,-1.33,-0.81,-0.69,0.2,-0.97,-0.98,-1.17,-1.07,-1.03,-1.06,-1.12,-1.42,-1.46,-0.92,-0.88,-0.25,1.8,0.1,1.2,-1.0300000000000002,-1.1433333333333335,-1.1166666666666667,-0.83,0.7000000000000001,-0.89,-0.51,-0.22,0.18,0.41,0.62
1956-12-01,-0.89,-1.21,-0.65,-0.23,1.1,-1.14,-0.97,-0.98,-1.33,-1.07,-1.03,-0.81,-1.12,-1.42,-0.69,-0.92,-0.88,0.2,1.8,0.1,-1.0000000000000002,-1.2033333333333334,-0.86,-0.6133333333333334,1.0333333333333334,-0.51,-0.22,0.18,0.41,0.62,0.63
1957-01-01,-0.51,-0.72,-0.61,-0.66,0.6,-0.89,-1.14,-0.97,-1.21,-1.33,-1.07,-0.65,-0.81,-1.12,-0.23,-0.69,-0.92,1.1,0.2,1.8,-0.846666666666667,-1.0866666666666667,-0.6900000000000001,-0.5266666666666667,0.6333333333333333,-0.22,0.18,0.41,0.62,0.63,0.87
1957-02-01,-0.22,-0.2,-0.47,-0.14,-0.1,-0.51,-0.89,-1.14,-0.72,-1.21,-1.33,-0.61,-0.65,-0.81,-0.66,-0.23,-0.69,0.6,1.1,0.2,-0.5400000000000004,-0.71,-0.5766666666666667,-0.3433333333333333,0.5333333333333333,0.18,0.41,0.62,0.63,0.87,0.84
1957-03-01,0.18,0.26,-0.45,-0.01,0.2,-0.22,-0.51,-0.89,-0.2,-0.72,-1.21,-0.47,-0.61,-0.65,-0.14,-0.66,-0.23,-0.1,0.6,1.1,-0.18333333333333365,-0.21999999999999997,-0.51,-0.27,0.2333333333333333,0.41,0.62,0.63,0.87,0.84,0.72
1957-04-01,0.41,0.28,-0.06,-0.02,0.2,0.18,-0.22,-0.51,0.26,-0.2,-0.72,-0.45,-0.47,-0.61,-0.01,-0.14,-0.66,0.2,-0.1,0.6,0.12333333333333303,0.11333333333333334,-0.32666666666666666,-0.05666666666666667,0.10000000000000002,0.62,0.63,0.87,0.84,0.72,0.7
1957-05-01,0.62,0.53,0.01,0.11,-0.7,0.41,0.18,-0.22,0.28,0.26,-0.2,-0.06,-0.45,-0.47,-0.02,-0.01,-0.14,0.2,0.2,-0.1,0.40333333333333304,0.3566666666666667,-0.16666666666666666,0.02666666666666667,-0.09999999999999998,0.63,0.87,0.84,0.72,0.7,0.92
1957-06-01,0.63,0.69,-0.38,-0.33,0.2,0.62,0.41,0.18,0.53,0.28,0.26,0.01,-0.06,-0.45,0.11,-0.02,-0.01,-0.7,0.2,0.2,0.5533333333333331,0.5,-0.14333333333333334,-0.08,-0.09999999999999996,0.87,0.84,0.72,0.7,0.92,1.3
1957-07-01,0.87,1.08,-0.55,-0.23,0.2,0.63,0.62,0.41,0.69,0.53,0.28,-0.38,0.01,-0.06,-0.33,0.11,-0.02,0.2,-0.7,0.2,0.7066666666666664,0.7666666666666666,-0.3066666666666667,-0.15000000000000002,-0.09999999999999996,0.84,0.72,0.7,0.92,1.3,1.78
1957-08-01,0.84,0.88,-0.04,-0.12,-0.5,0.87,0.63,0.62,1.08,0.69,0.53,-0.55,-0.38,0.01,-0.23,-0.33,0.11,0.2,0.2,-0.7,0.7799999999999997,0.8833333333333333,-0.32333333333333336,-0.22666666666666668,-0.033333333333333305,0.72,0.7,0.92,1.3,1.78,1.49
1957-09-01,0.72,0.65,-0.11,-0.07,-0.9,0.84,0.87,0.63,0.88,1.08,0.69,-0.04,-0.55,-0.38,-0.12,-0.23,-0.33,-0.5,0.2,0.2,0.8099999999999997,0.8700000000000001,-0.23333333333333336,-0.14,-0.39999999999999997,0.7,0.92,1.3,1.78,1.49,0.98
1957-10-01,0.7,0.61,0.02,-0.23,0.0,0.72,0.84,0.87,0.65,0.88,1.08,-0.11,-0.04,-0.55,-0.07,-0.12,-0.23,-0.9,-0.5,0.2,0.753333333333333,0.7133333333333334,-0.043333333333333335,-0.14,-0.4666666666666666,0.92,1.3,1.78,1.49,0.98,0.46
1957-11-01,0.92,0.91,0.07,-0.55,-1.0,0.7,0.72,0.84,0.61,0.65,0.88,0.02,-0.11,-0.04,-0.23,-0.07,-0.12,0.0,-0.9,-0.5,0.7799999999999997,0.7233333333333333,-0.006666666666666658,-0.2833333333333334,-0.6333333333333333,1.3,1.78,1.49,0.98,0.46,0.38
1957-12-01,1.3,1.25,0.34,-0.42,-0.3,0.92,0.7,0.72,0.91,0.61,0.65,0.07,0.02,-0.11,-0.55,-0.23,-0.07,-1.0,0.0,-0.9,0.973333333333333,0.9233333333333333,0.14333333333333334,-0.39999999999999997,-0.43333333333333335,1.78,1.49,0.98,0.46,0.38,0.26
1958-01-01,1.78,1.3,0.73,-0.46,-1.9,1.3,0.92,0.7,1.25,0.91,0.61,0.34,0.07,0.02,-0.42,-0.55,-0.23,-0.3,-1.0,0.0,1.333333333333333,1.1533333333333333,0.38000000000000006,-0.47666666666666674,-1.0666666666666667,1.49,0.98,0.46,0.38,0.26,0.03
1958-02-01,1.49,1.03,0.93,-0.26,-0.5,1.78,1.3,0.92,1.3,1.25,0.91,0.73,0.34,0.07,-0.46,-0.42,-0.55,-1.9,-0.3,-1.0,1.5233333333333332,1.1933333333333334,0.6666666666666666,-0.38000000000000006,-0.9,0.98,0.46,0.38,0.26,0.03,-0.01
1958-03-01,0.98,0.52,0.67,0.0,0.3,1.49,1.78,1.3,1.03,1.3,1.25,0.93,0.73,0.34,-0.26,-0.46,-0.42,-0.5,-1.9,-0.3,1.4166666666666663,0.9500000000000001,0.7766666666666667,-0.24000000000000002,-0.7000000000000001,0.46,0.38,0.26,0.03,-0.01,-0.32
1958-04-01,0.46,0.23,0.27,-0.18,0.4,0.98,1.49,1.78,0.52,1.03,1.3,0.67,0.93,0.73,0.0,-0.26,-0.46,0.3,-0.5,-1.9,0.9766666666666662,0.5933333333333334,0.6233333333333334,-0.14666666666666667,0.06666666666666667,0.38,0.26,0.03,-0.01,-0.32,-0.27
1958-05-01,0.38,0.04,0.07,-0.57,-0.5,0.46,0.98,1.49,0.23,0.52,1.03,0.27,0.67,0.93,-0.18,0.0,-0.26,0.4,0.3,-0.5,0.6066666666666664,0.26333333333333336,0.33666666666666667,-0.25,0.06666666666666665,0.26,0.03,-0.01,-0.32,-0.27,0.05
1958-06-01,0.26,-0.05,0.02,-0.98,0.3,0.38,0.46,0.98,0.04,0.23,0.52,0.07,0.27,0.67,-0.57,-0.18,0.0,-0.5,0.4,0.3,0.3666666666666664,0.07333333333333333,0.12000000000000001,-0.5766666666666667,0.06666666666666667,0.03,-0.01,-0.32,-0.27,0.05,0.02
1958-07-01,0.03,-0.24,-0.06,-0.85,0.4,0.26,0.38,0.46,-0.05,0.04,0.23,0.02,0.07,0.27,-0.98,-0.57,-0.18,0.3,-0.5,0.4,0.22333333333333305,-0.08333333333333333,0.010000000000000004,-0.7999999999999999,0.06666666666666667,-0.01,-0.32,-0.27,0.05,0.02,0.53
1958-08-01,-0.01,-0.21,-0.14,-0.62,0.9,0.03,0.26,0.38,-0.24,-0.05,0.04,-0.06,0.02,0.07,-0.85,-0.98,-0.57,0.4,0.3,-0.5,0.09333333333333305,-0.16666666666666666,-0.06,-0.8166666666666665,0.5333333333333333,-0.32,-0.27,0.05,0.02,0.53,0.43
1958-09-01,-0.32,-0.51,-0.15,-1.0,-0.3,-0.01,0.03,0.26,-0.21,-0.24,-0.05,-0.14,-0.06,0.02,-0.62,-0.85,-0.98,0.9,0.4,0.3,-0.1000000000000003,-0.32,-0.11666666666666665,-0.8233333333333333,0.3333333333333334,-0.27,0.05,0.02,0.53,0.43,0.19
1958-10-01,-0.27,-0.5,0.01,-0.96,0.1,-0.32,-0.01,0.03,-0.51,-0.21,-0.24,-0.15,-0.14,-0.06,-1.0,-0.62,-0.85,-0.3,0.9,0.4,-0.2000000000000003,-0.4066666666666667,-0.09333333333333332,-0.8599999999999999,0.23333333333333336,0.05,0.02,0.53,0.43,0.19,0.06
1958-11-01,0.05,-0.21,-0.02,-0.53,-0.4,-0.27,-0.32,-0.01,-0.5,-0.51,-0.21,0.01,-0.15,-0.14,-0.96,-1.0,-0.62,0.1,-0.3,0.9,-0.18000000000000027,-0.4066666666666667,-0.05333333333333332,-0.83,-0.19999999999999998,0.02,0.53,0.43,0.19,0.06,-0.23
1958-12-01,0.02,-0.42,0.11,0.06,-0.6,0.05,-0.27,-0.32,-0.21,-0.5,-0.51,-0.02,0.01,-0.15,-0.53,-0.96,-1.0,-0.4,0.1,-0.3,-0.06666666666666697,-0.37666666666666665,0.03333333333333335,-0.47666666666666657,-0.3,0.53,0.43,0.19,0.06,-0.23,-0.35
1959-01-01,0.53,-0.08,0.05,0.49,-0.9,0.02,0.05,-0.27,-0.42,-0.21,-0.5,0.11,-0.02,0.01,0.06,-0.53,-0.96,-0.6,-0.4,0.1,0.19999999999999973,-0.23666666666666666,0.04666666666666668,0.006666666666666728,-0.6333333333333333,0.43,0.19,0.06,-0.23,-0.35,-0.86
1959-02-01,0.43,-0.06,-0.21,0.12,-1.4,0.53,0.02,0.05,-0.08,-0.42,-0.21,0.05,0.11,-0.02,0.49,0.06,-0.53,-0.9,-0.6,-0.4,0.3266666666666664,-0.18666666666666668,-0.016666666666666653,0.2233333333333334,-0.9666666666666667,0.19,0.06,-0.23,-0.35,-0.86,-0.77
1959-03-01,0.19,-0.13,-0.32,-0.24,1.3,0.43,0.53,0.02,-0.06,-0.08,-0.42,-0.21,0.05,0.11,0.12,0.49,0.06,-1.4,-0.9,-0.6,0.3833333333333331,-0.09000000000000001,-0.16,0.12333333333333345,-0.33333333333333326,0.06,-0.23,-0.35,-0.86,-0.77,-0.8
1959-04-01,0.06,-0.13,-0.18,-0.25,0.4,0.19,0.43,0.53,-0.13,-0.06,-0.08,-0.32,-0.21,0.05,-0.24,0.12,0.49,1.3,-1.4,-0.9,0.22666666666666643,-0.10666666666666667,-0.23666666666666666,-0.12333333333333324,0.10000000000000009,-0.23,-0.35,-0.86,-0.77,-0.8,-0.48
1959-05-01,-0.23,-0.41,-0.26,-0.63,0.5,0.06,0.19,0.43,-0.13,-0.13,-0.06,-0.18,-0.32,-0.21,-0.25,-0.24,0.12,0.4,1.3,-1.4,0.006666666666666404,-0.2233333333333333,-0.25333333333333335,-0.37333333333333324,0.7333333333333334,-0.35,-0.86,-0.77,-0.8,-0.48,-0.66
1959-06-01,-0.35,-0.55,-0.45,-0.7,-0.1,-0.23,0.06,0.19,-0.41,-0.13,-0.13,-0.26,-0.18,-0.32,-0.63,-0.25,-0.24,0.5,0.4,1.3,-0.1733333333333336,-0.3633333333333333,-0.29666666666666663,-0.5266666666666665,0.2666666666666667,-0.86,-0.77,-0.8,-0.48,-0.66,-0.42
1959-07-01,-0.86,-0.86,-0.63,-0.6,-0.3,-0.35,-0.23,0.06,-0.55,-0.41,-0.13,-0.45,-0.26,-0.18,-0.7,-0.63,-0.25,-0.1,0.5,0.4,-0.48000000000000026,-0.6066666666666666,-0.4466666666666667,-0.6433333333333332,0.03333333333333336,-0.77,-0.8,-0.48,-0.66,-0.42,-0.28
1959-08-01,-0.77,-0.87,-0.54,-0.47,-0.1,-0.86,-0.35,-0.23,-0.86,-0.55,-0.41,-0.63,-0.45,-0.26,-0.6,-0.7,-0.63,-0.3,-0.1,0.5,-0.6600000000000003,-0.7600000000000001,-0.54,-0.59,-0.16666666666666663,-0.8,-0.48,-0.66,-0.42,-0.28,-0.46
1959-09-01,-0.8,-0.73,-0.56,-0.49,0.0,-0.77,-0.86,-0.35,-0.87,-0.86,-0.55,-0.54,-0.63,-0.45,-0.47,-0.6,-0.7,-0.1,-0.3,-0.1,-0.8100000000000002,-0.82,-0.5766666666666667,-0.5199999999999999,-0.1333333333333333,-0.48,-0.66,-0.42,-0.28,-0.46,-0.3
1959-10-01,-0.48,-0.44,-0.44,-0.67,0.5,-0.8,-0.77,-0.86,-0.73,-0.87,-0.86,-0.56,-0.54,-0.63,-0.49,-0.47,-0.6,0.0,-0.1,-0.3,-0.6833333333333336,-0.68,-0.5133333333333333,-0.5433333333333333,0.1333333333333334,-0.66,-0.42,-0.28,-0.46,-0.3,-0.33
1959-11-01,-0.66,-0.53,-0.66,-0.33,0.9,-0.48,-0.8,-0.77,-0.44,-0.73,-0.87,-0.44,-0.56,-0.54,-0.67,-0.49,-0.47,0.5,0.0,-0.1,-0.646666666666667,-0.5666666666666667,-0.5533333333333333,-0.4966666666666666,0.46666666666666673,-0.42,-0.28,-0.46,-0.3,-0.33,-0.25
1959-12-01,-0.42,-0.48,-0.51,-0.18,0.9,-0.66,-0.48,-0.8,-0.53,-0.44,-0.73,-0.66,-0.44,-0.56,-0.33,-0.67,-0.49,0.9,0.5,0.0,-0.5200000000000002,-0.48333333333333334,-0.5366666666666667,-0.39333333333333326,0.7666666666666667,-0.28,-0.46,-0.3,-0.33,-0.25,-0.49
1960-01-01,-0.28,-0.34,-0.7,-0.2,0.1,-0.42,-0.66,-0.48,-0.48,-0.53,-0.44,-0.51,-0.66,-0.44,-0.18,-0.33,-0.67,0.9,0.9,0.5,-0.4533333333333336,-0.45,-0.6233333333333334,-0.23666666666666658,0.6333333333333334,-0.46,-0.3,-0.33,-0.25,-0.49,-0.41
1960-02-01,-0.46,-0.47,-0.75,0.08,0.1,-0.28,-0.42,-0.66,-0.34,-0.48,-0.53,-0.7,-0.51,-0.66,-0.2,-0.18,-0.33,0.1,0.9,0.9,-0.38666666666666694,-0.43,-0.6533333333333333,-0.09999999999999992,0.3666666666666667,-0.3,-0.33,-0.25,-0.49,-0.41,-0.15
1960-03-01,-0.3,-0.33,-0.57,-0.15,1.0,-0.46,-0.28,-0.42,-0.47,-0.34,-0.48,-0.75,-0.7,-0.51,0.08,-0.2,-0.18,0.1,0.1,0.9,-0.34666666666666696,-0.38000000000000006,-0.6733333333333333,-0.08999999999999993,0.4000000000000001,-0.33,-0.25,-0.49,-0.41,-0.15,-0.28
1960-04-01,-0.33,-0.43,-0.62,-0.6,0.8,-0.3,-0.46,-0.28,-0.33,-0.47,-0.34,-0.57,-0.75,-0.7,-0.15,0.08,-0.2,1.0,0.1,0.1,-0.36333333333333356,-0.41,-0.6466666666666666,-0.22333333333333324,0.6333333333333334,-0.25,-0.49,-0.41,-0.15,-0.28,-0.49
1960-05-01,-0.25,-0.54,-0.5,-0.97,0.5,-0.33,-0.3,-0.46,-0.43,-0.33,-0.47,-0.62,-0.57,-0.75,-0.6,-0.15,0.08,0.8,1.0,0.1,-0.2933333333333336,-0.43333333333333335,-0.5633333333333334,-0.5733333333333333,0.7666666666666667,-0.49,-0.41,-0.15,-0.28,-0.49,-0.45
1960-06-01,-0.49,-0.75,-0.64,-0.72,0.1,-0.25,-0.33,-0.3,-0.54,-0.43,-0.33,-0.5,-0.62,-0.57,-0.97,-0.6,-0.15,0.5,0.8,1.0,-0.3566666666666669,-0.5733333333333334,-0.5866666666666668,-0.7633333333333333,0.4666666666666668,-0.41,-0.15,-0.28,-0.49,-0.45,-0.38
1960-07-01,-0.41,-0.59,-0.75,-0.57,0.5,-0.49,-0.25,-0.33,-0.75,-0.54,-0.43,-0.64,-0.5,-0.62,-0.72,-0.97,-0.6,0.1,0.5,0.8,-0.3833333333333336,-0.6266666666666667,-0.63,-0.7533333333333333,0.3666666666666667,-0.15,-0.28,-0.49,-0.45,-0.38,-0.31
1960-08-01,-0.15,-0.33,-0.72,-0.72,0.8,-0.41,-0.49,-0.25,-0.59,-0.75,-0.54,-0.75,-0.64,-0.5,-0.57,-0.72,-0.97,0.5,0.1,0.5,-0.35000000000000026,-0.5566666666666668,-0.7033333333333333,-0.6699999999999999,0.4666666666666668,-0.28,-0.49,-0.45,-0.38,-0.31,-0.19
1960-09-01,-0.28,-0.34,-0.71,-0.92,0.7,-0.15,-0.41,-0.49,-0.33,-0.59,-0.75,-0.72,-0.75,-0.64,-0.72,-0.57,-0.72,0.8,0.5,0.1,-0.28000000000000025,-0.4200000000000001,-0.7266666666666666,-0.7366666666666667,0.6666666666666666,-0.49,-0.45,-0.38,-0.31,-0.19,-0.35
1960-10-01,-0.49,-0.87,-0.6,-1.11,0.1,-0.28,-0.15,-0.41,-0.34,-0.33,-0.59,-0.71,-0.72,-0.75,-0.92,-0.72,-0.57,0.7,0.8,0.5,-0.3066666666666669,-0.5133333333333333,-0.6766666666666666,-0.9166666666666666,0.5333333333333333,-0.45,-0.38,-0.31,-0.19,-0.35,-0.46
1960-11-01,-0.45,-0.95,-0.38,-1.08,0.5,-0.49,-0.28,-0.15,-0.87,-0.34,-0.33,-0.6,-0.71,-0.72,-1.11,-0.92,-0.72,0.1,0.7,0.8,-0.4066666666666669,-0.7200000000000001,-0.5633333333333334,-1.0366666666666666,0.4333333333333334,-0.38,-0.31,-0.19,-0.35,-0.46,-0.18
1960-12-01,-0.38,-0.66,-0.13,-0.67,0.8,-0.45,-0.49,-0.28,-0.95,-0.87,-0.34,-0.38,-0.6,-0.71,-1.08,-1.11,-0.92,0.5,0.1,0.7,-0.4400000000000002,-0.8266666666666668,-0.36999999999999994,-0.9533333333333333,0.4666666666666668,-0.31,-0.19,-0.35,-0.46,-0.18,-0.06
1961-01-01,-0.31,-0.55,-0.35,-0.18,-0.3,-0.38,-0.45,-0.49,-0.66,-0.95,-0.87,-0.13,-0.38,-0.6,-0.67,-1.08,-1.11,0.8,0.5,0.1,-0.3800000000000003,-0.7200000000000001,-0.2866666666666667,-0.6433333333333333,0.3333333333333334,-0.19,-0.35,-0.46,-0.18,-0.06,-0.41
1961-02-01,-0.19,-0.21,-0.41,0.16,0.9,-0.31,-0.38,-0.45,-0.55,-0.66,-0.95,-0.35,-0.13,-0.38,-0.18,-0.67,-1.08,-0.3,0.8,0.5,-0.2933333333333336,-0.4733333333333334,-0.29666666666666663,-0.22999999999999995,0.4666666666666668,-0.35,-0.46,-0.18,-0.06,-0.41,-0.67
1961-03-01,-0.35,-0.39,-0.53,0.19,-1.8,-0.19,-0.31,-0.38,-0.21,-0.55,-0.66,-0.41,-0.35,-0.13,0.16,-0.18,-0.67,0.9,-0.3,0.8,-0.28333333333333355,-0.38333333333333336,-0.43,0.05666666666666675,-0.39999999999999997,-0.46,-0.18,-0.06,-0.41,-0.67,-0.94
1961-04-01,-0.46,-0.27,-0.72,-0.2,0.8,-0.35,-0.19,-0.31,-0.39,-0.21,-0.55,-0.53,-0.41,-0.35,0.19,0.16,-0.18,-1.8,0.9,-0.3,-0.33333333333333354,-0.29000000000000004,-0.5533333333333333,0.050000000000000065,-0.03333333333333329,-0.18,-0.06,-0.41,-0.67,-0.94,-1.01
1961-05-01,-0.18,-0.27,-0.64,-0.32,0.3,-0.46,-0.35,-0.19,-0.27,-0.39,-0.21,-0.72,-0.53,-0.41,-0.2,0.19,0.16,0.8,-1.8,0.9,-0.33000000000000024,-0.31000000000000005,-0.63,-0.10999999999999993,-0.2333333333333333,-0.06,-0.41,-0.67,-0.94,-1.01,-0.63
1961-06-01,-0.06,-0.32,-0.51,0.18,0.1,-0.18,-0.46,-0.35,-0.27,-0.27,-0.39,-0.64,-0.72,-0.53,-0.32,-0.2,0.19,0.3,0.8,-1.8,-0.23333333333333361,-0.2866666666666667,-0.6233333333333334,-0.11333333333333327,0.39999999999999997,-0.41,-0.67,-0.94,-1.01,-0.63,-0.63
1961-07-01,-0.41,-0.97,-0.71,0.81,0.2,-0.06,-0.18,-0.46,-0.32,-0.27,-0.27,-0.51,-0.64,-0.72,0.18,-0.32,-0.2,0.1,0.3,0.8,-0.2166666666666669,-0.52,-0.62,0.2233333333333334,0.19999999999999998,-0.67,-0.94,-1.01,-0.63,-0.63,-0.59
1961-08-01,-0.67,-1.03,-0.87,1.08,0.2,-0.41,-0.06,-0.18,-0.97,-0.32,-0.27,-0.71,-0.51,-0.64,0.81,0.18,-0.32,0.2,0.1,0.3,-0.3800000000000003,-0.7733333333333334,-0.6966666666666667,0.6900000000000001,0.16666666666666666,-0.94,-1.01,-0.63,-0.63,-0.59,-0.57
1961-09-01,-0.94,-1.38,-0.7,1.37,0.1,-0.67,-0.41,-0.06,-1.03,-0.97,-0.32,-0.87,-0.71,-0.51,1.08,0.81,0.18,0.2,0.2,0.1,-0.6733333333333335,-1.1266666666666667,-0.7600000000000001,1.086666666666667,0.16666666666666666,-1.01,-0.63,-0.63,-0.59,-0.57,-0.48
1961-10-01,-1.01,-1.29,-0.93,0.98,-0.3,-0.94,-0.67,-0.41,-1.38,-1.03,-0.97,-0.7,-0.87,-0.71,1.37,1.08,0.81,0.1,0.2,0.2,-0.8733333333333336,-1.2333333333333334,-0.8333333333333334,1.1433333333333335,0.0,-0.63,-0.63,-0.59,-0.57,-0.48,-0.69
1961-11-01,-0.63,-0.82,-0.61,0.73,0.5,-1.01,-0.94,-0.67,-1.29,-1.38,-1.03,-0.93,-0.7,-0.87,0.98,1.37,1.08,-0.3,0.1,0.2,-0.8600000000000003,-1.1633333333333333,-0.7466666666666667,1.0266666666666666,0.10000000000000002,-0.63,-0.59,-0.57,-0.48,-0.69,-0.89
1961-12-01,-0.63,-0.64,-0.54,0.61,1.5,-0.63,-1.01,-0.94,-0.82,-1.29,-1.38,-0.61,-0.93,-0.7,0.73,0.98,1.37,0.5,-0.3,0.1,-0.7566666666666669,-0.9166666666666666,-0.6933333333333334,0.7733333333333334,0.5666666666666667,-0.59,-0.57,-0.48,-0.69,-0.89,-0.65
1962-01-01,-0.59,-0.57,-0.66,0.87,2.0,-0.63,-0.63,-1.01,-0.64,-0.82,-1.29,-0.54,-0.61,-0.93,0.61,0.73,0.98,1.5,0.5,-0.3,-0.6166666666666668,-0.6766666666666666,-0.6033333333333334,0.7366666666666667,1.3333333333333333,-0.57,-0.48,-0.69,-0.89,-0.65,-0.53
1962-02-01,-0.57,-0.44,-0.66,0.72,-0.3,-0.59,-0.63,-0.63,-0.57,-0.64,-0.82,-0.66,-0.54,-0.61,0.87,0.61,0.73,2.0,1.5,0.5,-0.5966666666666669,-0.55,-0.62,0.7333333333333334,1.0666666666666667,-0.48,-0.69,-0.89,-0.65,-0.53,-0.53
1962-03-01,-0.48,-0.74,-0.56,0.26,0.1,-0.57,-0.59,-0.63,-0.44,-0.57,-0.64,-0.66,-0.66,-0.54,0.72,0.87,0.61,-0.3,2.0,1.5,-0.5466666666666669,-0.5833333333333334,-0.6266666666666667,0.6166666666666668,0.6,-0.69,-0.89,-0.65,-0.53,-0.53,-0.78
1962-04-01,-0.69,-1.12,-0.59,0.18,0.2,-0.48,-0.57,-0.59,-0.74,-0.44,-0.57,-0.56,-0.66,-0.66,0.26,0.72,0.87,0.1,-0.3,2.0,-0.5800000000000002,-0.7666666666666667,-0.6033333333333334,0.3866666666666667,9.25185853854297e-18,-0.89,-0.65,-0.53,-0.53,-0.78,-0.75
1962-05-01,-0.89,-1.08,-0.8,-0.12,1.1,-0.69,-0.48,-0.57,-1.12,-0.74,-0.44,-0.59,-0.56,-0.66,0.18,0.26,0.72,0.2,0.1,-0.3,-0.6866666666666669,-0.9800000000000001,-0.65,0.10666666666666674,0.46666666666666673,-0.65,-0.53,-0.53,-0.78,-0.75,-0.95
1962-06-01,-0.65,-0.95,-0.59,-0.28,0.7,-0.89,-0.69,-0.48,-1.08,-1.12,-0.74,-0.8,-0.59,-0.56,-0.12,0.18,0.26,1.1,0.2,0.1,-0.7433333333333335,-1.05,-0.66,-0.07333333333333326,0.6666666666666666,-0.53,-0.53,-0.78,-0.75,-0.95,-0.93
1962-07-01,-0.53,-0.76,-0.77,-0.34,0.1,-0.65,-0.89,-0.69,-0.95,-1.08,-1.12,-0.59,-0.8,-0.59,-0.28,-0.12,0.18,0.7,1.1,0.2,-0.6900000000000003,-0.93,-0.7200000000000001,-0.2466666666666666,0.6333333333333334,-0.53,-0.78,-0.75,-0.95,-0.93,-0.78
1962-08-01,-0.53,-0.47,-0.81,-0.09,0.6,-0.53,-0.65,-0.89,-0.76,-0.95,-1.08,-0.77,-0.59,-0.8,-0.34,-0.28,-0.12,0.1,0.7,1.1,-0.5700000000000002,-0.7266666666666666,-0.7233333333333333,-0.2366666666666666,0.4666666666666666,-0.78,-0.75,-0.95,-0.93,-0.78,-0.53
1962-09-01,-0.78,-0.79,-0.85,-0.08,0.4,-0.53,-0.53,-0.65,-0.47,-0.76,-0.95,-0.81,-0.77,-0.59,-0.09,-0.34,-0.28,0.6,0.1,0.7,-0.6133333333333336,-0.6733333333333333,-0.81,-0.16999999999999993,0.3666666666666667,-0.75,-0.95,-0.93,-0.78,-0.53,-0.1
1962-10-01,-0.75,-0.84,-0.82,-0.15,1.0,-0.78,-0.53,-0.53,-0.79,-0.47,-0.76,-0.85,-0.81,-0.77,-0.08,-0.09,-0.34,0.4,0.6,0.1,-0.6866666666666669,-0.7000000000000001,-0.8266666666666667,-0.10666666666666659,0.6666666666666666,-0.95,-0.93,-0.78,-0.53,-0.1,-0.03
1962-11-01,-0.95,-1.12,-0.8,0.08,0.3,-0.75,-0.78,-0.53,-0.84,-0.79,-0.47,-0.82,-0.85,-0.81,-0.15,-0.08,-0.09,1.0,0.4,0.6,-0.8266666666666668,-0.9166666666666666,-0.8233333333333333,-0.04999999999999993,0.5666666666666667,-0.93,-0.78,-0.53,-0.1,-0.03,-0.3
1962-12-01,-0.93,-1.15,-0.8,0.2,0.2,-0.95,-0.75,-0.78,-1.12,-0.84,-0.79,-0.8,-0.82,-0.85,0.08,-0.15,-0.08,0.3,1.0,0.4,-0.8766666666666669,-1.0366666666666668,-0.8066666666666666,0.04333333333333341,0.5,-0.78,-0.53,-0.1,-0.03,-0.3,-0.11
1963-01-01,-0.78,-0.81,-0.86,0.18,1.0,-0.93,-0.95,-0.75,-1.15,-1.12,-0.84,-0.8,-0.8,-0.82,0.2,0.08,-0.15,0.2,0.3,1.0,-0.8866666666666668,-1.0266666666666666,-0.82,0.1533333333333334,0.5,-0.53,-0.1,-0.03,-0.3,-0.11,0.49
1963-02-01,-0.53,-0.61,-0.72,0.57,0.6,-0.78,-0.93,-0.95,-0.81,-1.15,-1.12,-0.86,-0.8,-0.8,0.18,0.2,0.08,1.0,0.2,0.3,-0.7466666666666669,-0.8566666666666668,-0.7933333333333333,0.3166666666666667,0.6,-0.1,-0.03,-0.3,-0.11,0.49,0.62
1963-03-01,-0.1,-0.3,-0.35,0.36,1.1,-0.53,-0.78,-0.93,-0.61,-0.81,-1.15,-0.72,-0.86,-0.8,0.57,0.18,0.2,0.6,1.0,0.2,-0.4700000000000002,-0.5733333333333334,-0.6433333333333333,0.3700000000000001,0.9,-0.03,-0.3,-0.11,0.49,0.62,0.68
1963-04-01,-0.03,-0.16,-0.34,-0.0,0.8,-0.1,-0.53,-0.78,-0.3,-0.61,-0.81,-0.35,-0.72,-0.86,0.36,0.57,0.18,1.1,0.6,1.0,-0.22000000000000022,-0.35666666666666674,-0.47,0.31000000000000005,0.8333333333333334,-0.3,-0.11,0.49,0.62,0.68,0.64
1963-05-01,-0.3,-0.28,-0.51,-0.69,0.4,-0.03,-0.1,-0.53,-0.16,-0.3,-0.61,-0.34,-0.35,-0.72,-0.0,0.36,0.57,0.8,1.1,0.6,-0.14333333333333356,-0.24666666666666673,-0.4000000000000001,-0.10999999999999992,0.7666666666666666,-0.11,0.49,0.62,0.68,0.64,0.77
1963-06-01,-0.11,-0.04,-0.65,-0.25,-0.5,-0.3,-0.03,-0.1,-0.28,-0.16,-0.3,-0.51,-0.34,-0.35,-0.69,-0.0,0.36,0.4,0.8,1.1,-0.14666666666666686,-0.16000000000000006,-0.5,-0.31333333333333324,0.23333333333333328,0.49,0.62,0.68,0.64,0.77,1.02
1963-07-01,0.49,0.44,-0.28,0.22,-0.1,-0.11,-0.3,-0.03,-0.04,-0.28,-0.16,-0.65,-0.51,-0.34,-0.25,-0.69,-0.0,-0.5,0.4,0.8,0.02666666666666645,0.039999999999999945,-0.48,-0.2399999999999999,-0.06666666666666674,0.62,0.68,0.64,0.77,1.02,0.79
1963-08-01,0.62,0.57,0.0,0.81,0.0,0.49,-0.11,-0.3,0.44,-0.04,-0.28,-0.28,-0.65,-0.51,0.22,-0.25,-0.69,-0.1,-0.5,0.4,0.3333333333333331,0.32333333333333325,-0.31,0.26000000000000006,-0.20000000000000007,0.68,0.64,0.77,1.02,0.79,0.38
1963-09-01,0.68,0.46,0.24,0.71,-0.6,0.62,0.49,-0.11,0.57,0.44,-0.04,0.0,-0.28,-0.65,0.81,0.22,-0.25,0.0,-0.1,-0.5,0.5966666666666666,0.49,-0.013333333333333345,0.5800000000000001,-0.2333333333333334,0.64,0.77,1.02,0.79,0.38,-0.26
1963-10-01,0.64,0.43,0.23,0.69,-1.2,0.68,0.62,0.49,0.46,0.57,0.44,0.24,0.0,-0.28,0.71,0.81,0.22,-0.6,0.0,-0.1,0.6466666666666664,0.4866666666666666,0.15666666666666665,0.7366666666666667,-0.6000000000000001,0.77,1.02,0.79,0.38,-0.26,-0.87
1963-11-01,0.77,0.56,0.01,0.55,-0.8,0.64,0.68,0.62,0.43,0.46,0.57,0.23,0.24,0.0,0.69,0.71,0.81,-1.2,-0.6,0.0,0.6966666666666664,0.48333333333333334,0.16,0.65,-0.8666666666666667,1.02,0.79,0.38,-0.26,-0.87,-1.12
1963-12-01,1.02,0.76,0.0,0.22,-1.2,0.77,0.64,0.68,0.56,0.43,0.46,0.01,0.23,0.24,0.55,0.69,0.71,-0.8,-1.2,-0.6,0.8099999999999997,0.5833333333333334,0.08,0.48666666666666675,-1.0666666666666667,0.79,0.38,-0.26,-0.87,-1.12,-1.14
1964-01-01,0.79,0.36,0.09,-0.14,-0.4,1.02,0.77,0.64,0.76,0.56,0.43,0.0,0.01,0.23,0.22,0.55,0.69,-1.2,-0.8,-1.2,0.8599999999999998,0.5599999999999999,0.03333333333333333,0.21000000000000008,-0.8000000000000002,0.38,-0.26,-0.87,-1.12,-1.14,-0.96
1964-02-01,0.38,-0.1,-0.15,-0.37,0.0,0.79,1.02,0.77,0.36,0.76,0.56,0.09,0.0,0.01,-0.14,0.22,0.55,-0.4,-1.2,-0.8,0.7299999999999999,0.3399999999999999,-0.02,-0.09666666666666661,-0.5333333333333333,-0.26,-0.87,-1.12,-1.14,-0.96,-1.26
1964-03-01,-0.26,-0.48,-0.64,0.05,1.1,0.38,0.79,1.02,-0.1,0.36,0.76,-0.15,0.09,0.0,-0.37,-0.14,0.22,0.0,-0.4,-1.2,0.3033333333333331,-0.07333333333333336,-0.23333333333333336,-0.15333333333333327,0.2333333333333333,-0.87,-1.12,-1.14,-0.96,-1.26,-1.4
1964-04-01,-0.87,-1.39,-0.61,0.46,1.1,-0.26,0.38,0.79,-0.48,-0.1,0.36,-0.64,-0.15,0.09,0.05,-0.37,-0.14,1.1,0.0,-0.4,-0.2500000000000002,-0.6566666666666666,-0.4666666666666666,0.046666666666666724,0.7333333333333334,-1.12,-1.14,-0.96,-1.26,-1.4,-1.35
1964-05-01,-1.12,-1.83,-0.71,-0.27,0.2,-0.87,-0.26,0.38,-1.39,-0.48,-0.1,-0.61,-0.64,-0.15,0.46,0.05,-0.37,1.1,1.1,0.0,-0.7500000000000003,-1.2333333333333334,-0.6533333333333333,0.08000000000000007,0.8000000000000002,-1.14,-0.96,-1.26,-1.4,-1.35,-1.44
1964-06-01,-1.14,-1.62,-1.03,-0.2,0.8,-1.12,-0.87,-0.26,-1.83,-1.39,-0.48,-0.71,-0.61,-0.64,-0.27,0.46,0.05,0.2,1.1,1.1,-1.0433333333333337,-1.6133333333333333,-0.7833333333333333,-0.0033333333333332806,0.7000000000000001,-0.96,-1.26,-1.4,-1.35,-1.44,-1.37
1964-07-01,-0.96,-1.11,-1.11,-0.34,0.6,-1.14,-1.12,-0.87,-1.62,-1.83,-1.39,-1.03,-0.71,-0.61,-0.2,-0.27,0.46,0.8,0.2,1.1,-1.0733333333333335,-1.5200000000000002,-0.9500000000000002,-0.26999999999999996,0.5333333333333333,-1.26,-1.4,-1.35,-1.44,-1.37,-0.89
1964-08-01,-1.26,-1.57,-1.37,-0.46,1.5,-0.96,-1.14,-1.12,-1.11,-1.62,-1.83,-1.11,-1.03,-0.71,-0.34,-0.2,-0.27,0.6,0.8,0.2,-1.12,-1.4333333333333336,-1.1700000000000002,-0.3333333333333333,0.9666666666666668,-1.4,-1.35,-1.44,-1.37,-0.89,-0.56
1964-09-01,-1.4,-1.16,-1.71,-0.87,1.3,-1.26,-0.96,-1.14,-1.57,-1.11,-1.62,-1.37,-1.11,-1.03,-0.46,-0.34,-0.2,1.5,0.6,0.8,-1.2066666666666668,-1.28,-1.3966666666666667,-0.5566666666666666,1.1333333333333335,-1.35,-1.44,-1.37,-0.89,-0.56,-0.34
1964-10-01,-1.35,-1.22,-1.62,-0.57,1.3,-1.4,-1.26,-0.96,-1.16,-1.57,-1.11,-1.71,-1.37,-1.11,-0.87,-0.46,-0.34,1.3,1.5,0.6,-1.336666666666667,-1.3166666666666667,-1.5666666666666667,-0.6333333333333333,1.366666666666667,-1.44,-1.37,-0.89,-0.56,-0.34,-0.44
1964-11-01,-1.44,-1.18,-1.74,0.39,0.2,-1.35,-1.4,-1.26,-1.22,-1.16,-1.57,-1.62,-1.71,-1.37,-0.57,-0.87,-0.46,1.3,1.3,1.5,-1.3966666666666672,-1.1866666666666668,-1.6900000000000002,-0.3499999999999999,0.9333333333333335,-1.37,-0.89,-0.56,-0.34,-0.44,0.06
1964-12-01,-1.37,-1.5,-1.6,0.11,-0.3,-1.44,-1.35,-1.4,-1.18,-1.22,-1.16,-1.74,-1.62,-1.71,0.39,-0.57,-0.87,0.2,1.3,1.3,-1.3866666666666667,-1.3,-1.6533333333333333,-0.023333333333333275,0.4000000000000001,-0.89,-0.56,-0.34,-0.44,0.06,0.36
1965-01-01,-0.89,-0.96,-1.09,0.09,-0.4,-1.37,-1.44,-1.35,-1.5,-1.18,-1.22,-1.6,-1.74,-1.62,0.11,0.39,-0.57,-0.3,0.2,1.3,-1.2333333333333336,-1.2133333333333334,-1.4766666666666666,0.19666666666666668,-0.1666666666666666,-0.56,-0.34,-0.44,0.06,0.36,0.61
1965-02-01,-0.56,-0.54,-0.76,-0.17,0.4,-0.89,-1.37,-1.44,-0.96,-1.5,-1.18,-1.09,-1.6,-1.74,0.09,0.11,0.39,-0.4,-0.3,0.2,-0.9400000000000003,-1.0,-1.1500000000000001,0.010000000000000028,-0.09999999999999991,-0.34,-0.44,0.06,0.36,0.61,1.12
1965-03-01,-0.34,-0.28,-0.75,0.21,0.8,-0.56,-0.89,-1.37,-0.54,-0.96,-1.5,-0.76,-1.09,-1.6,-0.17,0.09,0.11,0.4,-0.4,-0.3,-0.5966666666666669,-0.5933333333333334,-0.8666666666666667,0.043333333333333356,0.2666666666666668,-0.44,0.06,0.36,0.61,1.12,1.29
1965-04-01,-0.44,-0.11,-0.92,0.2,-0.5,-0.34,-0.56,-0.89,-0.28,-0.54,-0.96,-0.75,-0.76,-1.09,0.21,-0.17,0.09,0.8,0.4,-0.4,-0.44666666666666693,-0.3100000000000001,-0.81,0.08000000000000003,0.2333333333333334,0.06,0.36,0.61,1.12,1.29,1.45
1965-05-01,0.06,0.3,-0.41,-0.11,0.2,-0.44,-0.34,-0.56,-0.11,-0.28,-0.54,-0.92,-0.75,-0.76,0.2,0.21,-0.17,-0.5,0.8,0.4,-0.2400000000000002,-0.030000000000000082,-0.6933333333333334,0.10000000000000005,0.16666666666666674,0.36,0.61,1.12,1.29,1.45,1.42
1965-06-01,0.36,0.48,-0.09,-0.26,-0.6,0.06,-0.44,-0.34,0.3,-0.11,-0.28,-0.41,-0.92,-0.75,-0.11,0.2,0.21,0.2,-0.5,0.8,-0.006666666666666894,0.22333333333333324,-0.47333333333333333,-0.05666666666666662,-0.2999999999999999,0.61,1.12,1.29,1.45,1.42,1.36
1965-07-01,0.61,0.7,0.01,-0.17,-1.8,0.36,0.06,-0.44,0.48,0.3,-0.11,-0.09,-0.41,-0.92,-0.26,-0.11,0.2,-0.6,0.2,-0.5,0.3433333333333331,0.4933333333333332,-0.16333333333333333,-0.17999999999999997,-0.7333333333333333,1.12,1.29,1.45,1.42,1.36,1.12
1965-08-01,1.12,1.01,0.12,0.11,-0.7,0.61,0.36,0.06,0.7,0.48,0.3,0.01,-0.09,-0.41,-0.17,-0.26,-0.11,-1.8,-0.6,0.2,0.6966666666666664,0.7299999999999999,0.01333333333333333,-0.10666666666666663,-1.0333333333333332,1.29,1.45,1.42,1.36,1.12,0.8
1965-09-01,1.29,1.08,0.12,-0.08,-1.3,1.12,0.61,0.36,1.01,0.7,0.48,0.12,0.01,-0.09,0.11,-0.17,-0.26,-0.7,-1.8,-0.6,1.0066666666666666,0.93,0.08333333333333333,-0.046666666666666634,-1.2666666666666666,1.45,1.42,1.36,1.12,0.8,0.93
1965-10-01,1.45,1.11,0.51,0.28,-0.9,1.29,1.12,0.61,1.08,1.01,0.7,0.12,0.12,0.01,-0.08,0.11,-0.17,-1.3,-0.7,-1.8,1.2866666666666664,1.0666666666666667,0.25,0.10333333333333339,-0.9666666666666667,1.42,1.36,1.12,0.8,0.93,0.35
1965-11-01,1.42,1.28,0.41,0.16,-1.5,1.45,1.29,1.12,1.11,1.08,1.01,0.51,0.12,0.12,0.28,-0.08,0.11,-0.9,-1.3,-0.7,1.3866666666666665,1.1566666666666665,0.3466666666666667,0.12000000000000006,-1.2333333333333334,1.36,1.12,0.8,0.93,0.35,-0.38
1965-12-01,1.36,1.23,0.33,-0.19,0.2,1.42,1.45,1.29,1.28,1.11,1.08,0.41,0.51,0.12,0.16,0.28,-0.08,-1.5,-0.9,-1.3,1.4099999999999995,1.2066666666666668,0.4166666666666667,0.08333333333333337,-0.7333333333333333,1.12,0.8,0.93,0.35,-0.38,-0.08
1966-01-01,1.12,1.03,0.38,0.09,-1.3,1.36,1.42,1.45,1.23,1.28,1.11,0.33,0.41,0.51,-0.19,0.16,0.28,0.2,-1.5,-0.9,1.2999999999999998,1.18,0.37333333333333335,0.020000000000000035,-0.8666666666666667,0.8,0.93,0.35,-0.38,-0.08,0.04
1966-02-01,0.8,0.49,0.44,0.08,-0.2,1.12,1.36,1.42,1.03,1.23,1.28,0.38,0.33,0.41,0.09,-0.19,0.16,-1.3,0.2,-1.5,1.093333333333333,0.9166666666666666,0.38333333333333336,-0.006666666666666631,-0.43333333333333335,0.93,0.35,-0.38,-0.08,0.04,-0.37
1966-03-01,0.93,-0.02,0.76,0.0,-0.9,0.8,1.12,1.36,0.49,1.03,1.23,0.44,0.38,0.33,0.08,0.09,-0.19,-0.2,-1.3,0.2,0.9499999999999998,0.49999999999999994,0.5266666666666667,0.0566666666666667,-0.8000000000000002,0.35,-0.38,-0.08,0.04,-0.37,-0.44
1966-04-01,0.35,-0.28,0.17,0.0,-0.2,0.93,0.8,1.12,-0.02,0.49,1.03,0.76,0.44,0.38,0.0,0.08,0.09,-0.9,-0.2,-1.3,0.693333333333333,0.06333333333333324,0.4566666666666667,0.0266666666666667,-0.43333333333333335,-0.38,-0.08,0.04,-0.37,-0.44,-0.5
1966-05-01,-0.38,-1.05,-0.06,-0.34,-0.4,0.35,0.93,0.8,-0.28,-0.02,0.49,0.17,0.76,0.44,0.0,0.0,0.08,-0.2,-0.9,-0.2,0.29999999999999977,-0.4500000000000001,0.29,-0.1133333333333333,-0.5000000000000001,-0.08,0.04,-0.37,-0.44,-0.5,-0.47
1966-06-01,-0.08,-0.73,-0.04,0.05,0.3,-0.38,0.35,0.93,-1.05,-0.28,-0.02,-0.06,0.17,0.76,-0.34,0.0,0.0,-0.4,-0.2,-0.9,-0.036666666666666896,-0.6866666666666669,0.023333333333333334,-0.09666666666666664,-0.10000000000000002,0.04,-0.37,-0.44,-0.5,-0.47,-0.57
1966-07-01,0.04,-0.54,0.08,0.06,0.1,-0.08,-0.38,0.35,-0.73,-1.05,-0.28,-0.04,-0.06,0.17,0.05,-0.34,0.0,0.3,-0.4,-0.2,-0.14000000000000024,-0.7733333333333334,-0.006666666666666664,-0.07666666666666665,-9.25185853854297e-18,-0.37,-0.44,-0.5,-0.47,-0.57,-0.67
1966-08-01,-0.37,-0.76,-0.21,0.47,0.6,0.04,-0.08,-0.38,-0.54,-0.73,-1.05,0.08,-0.04,-0.06,0.06,0.05,-0.34,0.1,0.3,-0.4,-0.1366666666666669,-0.6766666666666667,-0.056666666666666664,0.19333333333333336,0.3333333333333333,-0.44,-0.5,-0.47,-0.57,-0.67,-0.64
1966-09-01,-0.44,-0.9,-0.19,0.04,-0.2,-0.37,0.04,-0.08,-0.76,-0.54,-0.73,-0.21,0.08,-0.04,0.47,0.06,0.05,0.6,0.1,0.3,-0.2566666666666669,-0.7333333333333334,-0.10666666666666665,0.19000000000000003,0.16666666666666666,-0.5,-0.47,-0.57,-0.67,-0.64,-0.78
1966-10-01,-0.5,-0.75,-0.08,-0.27,-0.1,-0.44,-0.37,0.04,-0.9,-0.76,-0.54,-0.19,-0.21,0.08,0.04,0.47,0.06,-0.2,0.6,0.1,-0.4366666666666669,-0.8033333333333333,-0.16,0.08000000000000002,0.10000000000000002,-0.47,-0.57,-0.67,-0.64,-0.78,-1.08
1966-11-01,-0.47,-0.99,-0.05,-0.37,-0.0,-0.5,-0.44,-0.37,-0.75,-0.9,-0.76,-0.08,-0.19,-0.21,-0.27,0.04,0.47,-0.1,-0.2,0.6,-0.4700000000000002,-0.88,-0.10666666666666669,-0.19999999999999996,-0.09999999999999998,-0.57,-0.67,-0.64,-0.78,-1.08,-0.59
1966-12-01,-0.57,-1.1,-0.33,-0.01,-0.3,-0.47,-0.5,-0.44,-0.99,-0.75,-0.9,-0.05,-0.08,-0.19,-0.37,-0.27,0.04,-0.0,-0.1,-0.2,-0.5133333333333335,-0.9466666666666668,-0.15333333333333332,-0.21666666666666665,-0.13333333333333333,-0.67,-0.64,-0.78,-1.08,-0.59,-0.26
1967-01-01,-0.67,-0.73,-0.72,-0.08,1.7,-0.57,-0.47,-0.5,-1.1,-0.99,-0.75,-0.33,-0.05,-0.08,-0.01,-0.37,-0.27,-0.3,-0.0,-0.1,-0.5700000000000003,-0.9400000000000001,-0.36666666666666664,-0.1533333333333333,0.4666666666666666,-0.64,-0.78,-1.08,-0.59,-0.26,-0.33
1967-02-01,-0.64,-0.5,-0.78,-0.12,1.7,-0.67,-0.57,-0.47,-0.73,-1.1,-0.99,-0.72,-0.33,-0.05,-0.08,-0.01,-0.37,1.7,-0.3,-0.0,-0.6266666666666669,-0.7766666666666667,-0.61,-0.06999999999999997,1.0333333333333334,-0.78,-1.08,-0.59,-0.26,-0.33,-0.42
1967-03-01,-0.78,-0.9,-0.5,0.48,1.2,-0.64,-0.67,-0.57,-0.5,-0.73,-1.1,-0.78,-0.72,-0.33,-0.12,-0.08,-0.01,1.7,1.7,-0.3,-0.6966666666666669,-0.71,-0.6666666666666666,0.09333333333333338,1.5333333333333332,-1.08,-0.59,-0.26,-0.33,-0.42,-0.86
1967-04-01,-1.08,-1.23,-0.19,0.31,-0.0,-0.78,-0.64,-0.67,-0.9,-0.5,-0.73,-0.5,-0.78,-0.72,0.48,-0.12,-0.08,1.2,1.7,1.7,-0.8333333333333336,-0.8766666666666666,-0.48999999999999994,0.22333333333333338,0.9666666666666668,-0.59,-0.26,-0.33,-0.42,-0.86,-0.74
1967-05-01,-0.59,-0.66,-0.15,0.13,-0.0,-1.08,-0.78,-0.64,-1.23,-0.9,-0.5,-0.19,-0.5,-0.78,0.31,0.48,-0.12,-0.0,1.2,1.7,-0.8166666666666669,-0.93,-0.27999999999999997,0.3066666666666667,0.4000000000000001,-0.26,-0.33,-0.42,-0.86,-0.74,-0.62
1967-06-01,-0.26,-0.38,-0.39,0.49,0.6,-0.59,-1.08,-0.78,-0.66,-1.23,-0.9,-0.15,-0.19,-0.5,0.13,0.31,0.48,-0.0,-0.0,1.2,-0.6433333333333336,-0.7566666666666667,-0.2433333333333333,0.31000000000000005,0.20000000000000007,-0.33,-0.42,-0.86,-0.74,-0.62,-0.65
1967-07-01,-0.33,-0.69,-0.38,0.68,0.2,-0.26,-0.59,-1.08,-0.38,-0.66,-1.23,-0.39,-0.15,-0.19,0.49,0.13,0.31,0.6,-0.0,-0.0,-0.3933333333333336,-0.5766666666666667,-0.3066666666666666,0.43333333333333335,0.2666666666666668,-0.42,-0.86,-0.74,-0.62,-0.65,-0.85
1967-08-01,-0.42,-0.99,-0.47,0.64,0.7,-0.33,-0.26,-0.59,-0.69,-0.38,-0.66,-0.38,-0.39,-0.15,0.68,0.49,0.13,0.2,0.6,-0.0,-0.33666666666666695,-0.6866666666666665,-0.4133333333333333,0.6033333333333334,0.5000000000000001,-0.86,-0.74,-0.62,-0.65,-0.85,-1.07
1967-09-01,-0.86,-1.39,-0.56,0.69,0.5,-0.42,-0.33,-0.26,-0.99,-0.69,-0.38,-0.47,-0.38,-0.39,0.64,0.68,0.49,0.7,0.2,0.6,-0.536666666666667,-1.0233333333333332,-0.47,0.67,0.4666666666666668,-0.74,-0.62,-0.65,-0.85,-1.07,-0.95
1967-10-01,-0.74,-1.36,-0.43,0.56,0.1,-0.86,-0.42,-0.33,-1.39,-0.99,-0.69,-0.56,-0.47,-0.38,0.69,0.64,0.68,0.5,0.7,0.2,-0.6733333333333337,-1.2466666666666668,-0.4866666666666666,0.63,0.4333333333333334,-0.62,-0.65,-0.85,-1.07,-0.95,-0.72
1967-11-01,-0.62,-1.21,-0.36,0.49,-0.4,-0.74,-0.86,-0.42,-1.36,-1.39,-0.99,-0.43,-0.56,-0.47,0.56,0.69,0.64,0.1,0.5,0.7,-0.7400000000000002,-1.32,-0.44999999999999996,0.58,0.06666666666666676,-0.65,-0.85,-1.07,-0.95,-0.72,-0.75
1967-12-01,-0.65,-1.24,-0.39,0.19,-0.6,-0.62,-0.74,-0.86,-1.21,-1.36,-1.39,-0.36,-0.43,-0.56,0.49,0.56,0.69,-0.4,0.1,0.5,-0.6700000000000004,-1.27,-0.3933333333333333,0.41333333333333333,-0.2999999999999999,-0.85,-1.07,-0.95,-0.72,-0.75,0.15
1968-01-01,-0.85,-1.4,-0.46,0.13,0.5,-0.65,-0.62,-0.74,-1.24,-1.21,-1.36,-0.39,-0.36,-0.43,0.19,0.49,0.56,-0.6,-0.4,0.1,-0.706666666666667,-1.2833333333333334,-0.4033333333333333,0.27,-0.16666666666666655,-1.07,-0.95,-0.72,-0.75,0.15,0.28
1968-02-01,-1.07,-1.57,-0.47,0.52,1.3,-0.85,-0.65,-0.62,-1.4,-1.24,-1.21,-0.46,-0.39,-0.36,0.13,0.19,0.49,0.5,-0.6,-0.4,-0.856666666666667,-1.4033333333333333,-0.43999999999999995,0.28,0.40000000000000013,-0.95,-0.72,-0.75,0.15,0.28,0.16
1968-03-01,-0.95,-1.44,-0.57,-0.01,0.1,-1.07,-0.85,-0.65,-1.57,-1.4,-1.24,-0.47,-0.46,-0.39,0.52,0.13,0.19,1.3,0.5,-0.6,-0.956666666666667,-1.47,-0.5,0.21333333333333337,0.6333333333333334,-0.72,-0.75,0.15,0.28,0.16,0.01
1968-04-01,-0.72,-1.09,-0.46,0.16,0.0,-0.95,-1.07,-0.85,-1.44,-1.57,-1.4,-0.57,-0.47,-0.46,-0.01,0.52,0.13,0.1,1.3,0.5,-0.9133333333333337,-1.3666666666666665,-0.5,0.22333333333333336,0.4666666666666668,-0.75,0.15,0.28,0.16,0.01,0.04
1968-05-01,-0.75,-1.21,-0.6,0.1,1.2,-0.72,-0.95,-1.07,-1.09,-1.44,-1.57,-0.46,-0.57,-0.47,0.16,-0.01,0.52,0.0,0.1,1.3,-0.806666666666667,-1.2466666666666666,-0.5433333333333332,0.08333333333333333,0.4333333333333335,0.15,0.28,0.16,0.01,0.04,0.5
1968-06-01,0.15,-0.43,-0.09,-0.01,1.1,-0.75,-0.72,-0.95,-1.21,-1.09,-1.44,-0.6,-0.46,-0.57,0.1,0.16,-0.01,1.2,0.0,0.1,-0.44000000000000034,-0.91,-0.3833333333333333,0.08333333333333333,0.7666666666666669,0.28,0.16,0.01,0.04,0.5,0.67
1968-07-01,0.28,0.07,-0.34,-0.01,0.7,0.15,-0.75,-0.72,-0.43,-1.21,-1.09,-0.09,-0.6,-0.46,-0.01,0.1,0.16,1.1,1.2,0.0,-0.10666666666666695,-0.5233333333333333,-0.34333333333333327,0.02666666666666667,1.0000000000000002,0.16,0.01,0.04,0.5,0.67,0.95
1968-08-01,0.16,0.03,-0.21,-0.13,0.3,0.28,0.15,-0.75,0.07,-0.43,-1.21,-0.34,-0.09,-0.6,-0.01,-0.01,0.1,0.7,1.1,1.2,0.1966666666666664,-0.10999999999999999,-0.21333333333333326,-0.05000000000000001,0.7000000000000002,0.01,0.04,0.5,0.67,0.95,1.11
1968-09-01,0.01,-0.09,-0.19,-0.63,-0.3,0.16,0.28,0.15,0.03,0.07,-0.43,-0.21,-0.34,-0.09,-0.13,-0.01,-0.01,0.3,0.7,1.1,0.14999999999999972,0.003333333333333336,-0.24666666666666662,-0.25666666666666665,0.23333333333333348,0.04,0.5,0.67,0.95,1.11,0.54
1968-10-01,0.04,-0.02,-0.07,-0.28,-0.1,0.01,0.16,0.28,-0.09,0.03,0.07,-0.19,-0.21,-0.34,-0.63,-0.13,-0.01,-0.3,0.3,0.7,0.06999999999999972,-0.02666666666666667,-0.1566666666666666,-0.3466666666666667,-0.03333333333333319,0.5,0.67,0.95,1.11,0.54,0.31
1968-11-01,0.5,0.05,0.4,-0.03,-0.3,0.04,0.01,0.16,-0.02,-0.09,0.03,-0.07,-0.19,-0.21,-0.28,-0.63,-0.13,-0.1,-0.3,0.3,0.18333333333333304,-0.02,0.046666666666666745,-0.31333333333333335,-0.23333333333333317,0.67,0.95,1.11,0.54,0.31,0.35
1968-12-01,0.67,0.4,0.63,0.04,0.2,0.5,0.04,0.01,0.05,-0.02,-0.09,0.4,-0.07,-0.19,-0.03,-0.28,-0.63,-0.3,-0.1,-0.3,0.40333333333333304,0.14333333333333334,0.3200000000000001,-0.09000000000000001,-0.0666666666666665,0.95,1.11,0.54,0.31,0.35,-0.04
1969-01-01,0.95,0.45,0.92,0.12,-1.5,0.67,0.5,0.04,0.4,0.05,-0.02,0.63,0.4,-0.07,0.04,-0.03,-0.28,0.2,-0.3,-0.1,0.7066666666666664,0.30000000000000004,0.65,0.043333333333333335,-0.5333333333333331,1.11,0.54,0.31,0.35,-0.04,-0.21
1969-02-01,1.11,0.32,1.08,0.04,-0.5,0.95,0.67,0.5,0.45,0.4,0.05,0.92,0.63,0.4,0.12,0.04,-0.03,-1.5,0.2,-0.3,0.9099999999999997,0.38999999999999996,0.8766666666666668,0.06666666666666667,-0.5999999999999998,0.54,0.31,0.35,-0.04,-0.21,0.16
1969-03-01,0.54,0.21,0.63,0.06,0.4,1.11,0.95,0.67,0.32,0.45,0.4,1.08,0.92,0.63,0.04,0.12,0.04,-0.5,-1.5,0.2,0.8666666666666664,0.32666666666666666,0.8766666666666666,0.07333333333333333,-0.5333333333333332,0.31,0.35,-0.04,-0.21,0.16,0.43
1969-04-01,0.31,0.18,0.4,-0.18,-0.4,0.54,1.11,0.95,0.21,0.32,0.45,0.63,1.08,0.92,0.06,0.04,0.12,0.4,-0.5,-1.5,0.6533333333333331,0.2366666666666667,0.7033333333333335,-0.02666666666666666,-0.16666666666666652,0.35,-0.04,-0.21,0.16,0.43,0.62
1969-05-01,0.35,0.46,0.33,-0.17,-0.2,0.31,0.54,1.11,0.18,0.21,0.32,0.4,0.63,1.08,-0.18,0.06,0.04,-0.4,0.4,-0.5,0.3999999999999997,0.2833333333333333,0.45333333333333337,-0.09666666666666668,-0.06666666666666653,-0.04,-0.21,0.16,0.43,0.62,0.4
1969-06-01,-0.04,0.23,-0.04,-0.5,0.2,0.35,0.31,0.54,0.46,0.18,0.21,0.33,0.4,0.63,-0.17,-0.18,0.06,-0.2,-0.4,0.4,0.20666666666666636,0.29,0.23,-0.2833333333333334,-0.13333333333333322,-0.21,0.16,0.43,0.62,0.4,0.38
1969-07-01,-0.21,-0.09,-0.17,-0.37,-0.5,-0.04,0.35,0.31,0.23,0.46,0.18,-0.04,0.33,0.4,-0.5,-0.17,-0.18,0.2,-0.2,-0.4,0.03333333333333303,0.19999999999999998,0.04,-0.3466666666666667,-0.16666666666666652,0.16,0.43,0.62,0.4,0.38,0.28
1969-08-01,0.16,0.24,0.13,-0.32,-0.1,-0.21,-0.04,0.35,-0.09,0.23,0.46,-0.17,-0.04,0.33,-0.37,-0.5,-0.17,-0.5,0.2,-0.2,-0.030000000000000294,0.12666666666666668,-0.026666666666666672,-0.3966666666666667,-0.1333333333333332,0.43,0.62,0.4,0.38,0.28,0.2
1969-09-01,0.43,0.46,0.4,-0.23,-1.0,0.16,-0.21,-0.04,0.24,-0.09,0.23,0.13,-0.17,-0.04,-0.32,-0.37,-0.5,-0.1,-0.5,0.2,0.12666666666666637,0.20333333333333334,0.12,-0.3066666666666667,-0.5333333333333332,0.62,0.4,0.38,0.28,0.2,-0.14
1969-10-01,0.62,0.54,0.56,0.32,-0.9,0.43,0.16,-0.21,0.46,0.24,-0.09,0.4,0.13,-0.17,-0.23,-0.32,-0.37,-1.0,-0.1,-0.5,0.40333333333333304,0.41333333333333333,0.36333333333333334,-0.0766666666666667,-0.6666666666666665,0.4,0.38,0.28,0.2,-0.14,-0.08
1969-11-01,0.4,0.51,0.49,0.05,-0.1,0.62,0.43,0.16,0.54,0.46,0.24,0.56,0.4,0.13,0.32,-0.23,-0.32,-0.9,-1.0,-0.1,0.4833333333333331,0.5033333333333333,0.4833333333333334,0.046666666666666634,-0.6666666666666665,0.38,0.28,0.2,-0.14,-0.08,-0.3
1969-12-01,0.38,0.64,0.39,0.04,0.4,0.4,0.62,0.43,0.51,0.54,0.46,0.49,0.56,0.4,0.05,0.32,-0.23,-0.1,-0.9,-1.0,0.46666666666666634,0.5633333333333334,0.48000000000000004,0.13666666666666663,-0.19999999999999987,0.28,0.2,-0.14,-0.08,-0.3,-0.69
1970-01-01,0.28,0.42,0.21,0.43,-1.1,0.38,0.4,0.62,0.64,0.51,0.54,0.39,0.49,0.56,0.04,0.05,0.32,0.4,-0.1,-0.9,0.35333333333333306,0.5233333333333333,0.36333333333333334,0.17333333333333334,-0.26666666666666655,0.2,-0.14,-0.08,-0.3,-0.69,-1.08
1970-02-01,0.2,0.0,0.29,0.27,-1.0,0.28,0.38,0.4,0.42,0.64,0.51,0.21,0.39,0.49,0.43,0.04,0.05,-1.1,0.4,-0.1,0.2866666666666664,0.35333333333333333,0.2966666666666667,0.24666666666666667,-0.5666666666666665,-0.14,-0.08,-0.3,-0.69,-1.08,-1.26
1970-03-01,-0.14,-0.38,0.01,0.23,0.6,0.2,0.28,0.38,0.0,0.42,0.64,0.29,0.21,0.39,0.27,0.43,0.04,-1.0,-1.1,0.4,0.11333333333333305,0.013333333333333327,0.17,0.31,-0.49999999999999983,-0.08,-0.3,-0.69,-1.08,-1.26,-1.07
1970-04-01,-0.08,-0.54,-0.05,0.26,-0.1,-0.14,0.2,0.28,-0.38,0.0,0.42,0.01,0.29,0.21,0.23,0.27,0.43,0.6,-1.0,-1.1,-0.006666666666666964,-0.3066666666666667,0.08333333333333336,0.25333333333333335,-0.16666666666666652,-0.3,-0.69,-1.08,-1.26,-1.07,-1.12
1970-05-01,-0.3,-0.98,-0.09,0.35,0.4,-0.08,-0.14,0.2,-0.54,-0.38,0.0,-0.05,0.01,0.29,0.26,0.23,0.27,-0.1,0.6,-1.0,-0.17333333333333364,-0.6333333333333333,-0.043333333333333335,0.27999999999999997,0.30000000000000016,-0.69,-1.08,-1.26,-1.07,-1.12,-1.13
1970-06-01,-0.69,-1.46,-0.35,-0.37,1.0,-0.3,-0.08,-0.14,-0.98,-0.54,-0.38,-0.09,-0.05,0.01,0.35,0.26,0.23,0.4,-0.1,0.6,-0.3566666666666669,-0.9933333333333333,-0.16333333333333333,0.07999999999999997,0.4333333333333335,-1.08,-1.26,-1.07,-1.12,-1.13,-1.33
1970-07-01,-1.08,-1.93,-0.46,-0.25,-0.4,-0.69,-0.3,-0.08,-1.46,-0.98,-0.54,-0.35,-0.09,-0.05,-0.37,0.35,0.26,1.0,0.4,-0.1,-0.6900000000000003,-1.4566666666666668,-0.3,-0.09000000000000002,0.3333333333333335,-1.26,-1.07,-1.12,-1.13,-1.33,-1.73
1970-08-01,-1.26,-1.74,-0.9,0.08,0.6,-1.08,-0.69,-0.3,-1.93,-1.46,-0.98,-0.46,-0.35,-0.09,-0.25,-0.37,0.35,-0.4,1.0,0.4,-1.0100000000000002,-1.71,-0.57,-0.18000000000000005,0.40000000000000013,-1.07,-1.12,-1.13,-1.33,-1.73,-1.57
1970-09-01,-1.07,-1.27,-1.11,-0.35,1.2,-1.26,-1.08,-0.69,-1.74,-1.93,-1.46,-0.9,-0.46,-0.35,0.08,-0.25,-0.37,0.6,-0.4,1.0,-1.136666666666667,-1.6466666666666665,-0.8233333333333334,-0.17333333333333334,0.4666666666666668,-1.12,-1.13,-1.33,-1.73,-1.57,-1.36
1970-10-01,-1.12,-1.27,-1.17,-0.63,1.0,-1.07,-1.26,-1.08,-1.27,-1.74,-1.93,-1.11,-0.9,-0.46,-0.35,0.08,-0.25,1.2,0.6,-0.4,-1.1500000000000004,-1.4266666666666667,-1.06,-0.3,0.9333333333333335,-1.13,-1.33,-1.73,-1.57,-1.36,-1.18
1970-11-01,-1.13,-1.48,-1.13,-0.34,1.6,-1.12,-1.07,-1.26,-1.27,-1.27,-1.74,-1.17,-1.11,-0.9,-0.63,-0.35,0.08,1.0,1.2,0.6,-1.1066666666666671,-1.3399999999999999,-1.1366666666666667,-0.44,1.2666666666666668,-1.33,-1.73,-1.57,-1.36,-1.18,-0.98
1970-12-01,-1.33,-1.32,-1.5,-0.14,1.9,-1.13,-1.12,-1.07,-1.48,-1.27,-1.27,-1.13,-1.17,-1.11,-0.34,-0.63,-0.35,1.6,1.0,1.2,-1.1933333333333336,-1.3566666666666667,-1.2666666666666666,-0.37000000000000005,1.5,-1.73,-1.57,-1.36,-1.18,-0.98,-1.13
1971-01-01,-1.73,-1.58,-1.67,0.19,0.4,-1.33,-1.13,-1.12,-1.32,-1.48,-1.27,-1.5,-1.13,-1.17,-0.14,-0.34,-0.63,1.9,1.6,1.0,-1.3966666666666667,-1.46,-1.4333333333333333,-0.09666666666666668,1.3,-1.57,-1.36,-1.18,-0.98,-1.13,-1.17
1971-02-01,-1.57,-1.57,-1.38,0.19,2.0,-1.73,-1.33,-1.13,-1.58,-1.32,-1.48,-1.67,-1.5,-1.13,0.19,-0.14,-0.34,0.4,1.9,1.6,-1.5433333333333337,-1.4900000000000002,-1.5166666666666666,0.08,1.4333333333333336,-1.36,-1.18,-0.98,-1.13,-1.17,-1.1
1971-03-01,-1.36,-1.3,-1.31,0.53,2.3,-1.57,-1.73,-1.33,-1.57,-1.58,-1.32,-1.38,-1.67,-1.5,0.19,0.19,-0.14,2.0,0.4,1.9,-1.5533333333333337,-1.4833333333333334,-1.4533333333333331,0.30333333333333334,1.5666666666666667,-1.18,-0.98,-1.13,-1.17,-1.1,-1.0
1971-04-01,-1.18,-1.04,-1.17,0.7,1.7,-1.36,-1.57,-1.73,-1.3,-1.57,-1.58,-1.31,-1.38,-1.67,0.53,0.19,0.19,2.3,2.0,0.4,-1.3700000000000003,-1.3033333333333335,-1.2866666666666666,0.47333333333333333,2.0,-0.98,-1.13,-1.17,-1.1,-1.0,-1.24
1971-05-01,-0.98,-1.12,-1.07,0.23,0.9,-1.18,-1.36,-1.57,-1.04,-1.3,-1.57,-1.17,-1.31,-1.38,0.7,0.53,0.19,1.7,2.3,2.0,-1.1733333333333336,-1.1533333333333333,-1.1833333333333333,0.48666666666666664,1.633333333333333,-1.13,-1.17,-1.1,-1.0,-1.24,-1.15
1971-06-01,-1.13,-1.24,-1.14,0.02,0.4,-0.98,-1.18,-1.36,-1.12,-1.04,-1.3,-1.07,-1.17,-1.31,0.23,0.7,0.53,0.9,1.7,2.3,-1.096666666666667,-1.1333333333333335,-1.1266666666666667,0.31666666666666665,1.0000000000000002,-1.17,-1.1,-1.0,-1.24,-1.15,-1.23
1971-07-01,-1.17,-1.12,-1.2,-0.15,0.2,-1.13,-0.98,-1.18,-1.24,-1.12,-1.04,-1.14,-1.07,-1.17,0.02,0.23,0.7,0.4,0.9,1.7,-1.0933333333333335,-1.1600000000000001,-1.1366666666666667,0.03333333333333333,0.5000000000000001,-1.1,-1.0,-1.24,-1.15,-1.23,-0.92
1971-08-01,-1.1,-1.33,-1.25,-0.51,1.5,-1.17,-1.13,-0.98,-1.12,-1.24,-1.12,-1.2,-1.14,-1.07,-0.15,0.02,0.23,0.2,0.4,0.9,-1.1333333333333335,-1.2300000000000002,-1.1966666666666665,-0.21333333333333335,0.7000000000000002,-1.0,-1.24,-1.15,-1.23,-0.92,-0.45
1971-09-01,-1.0,-1.04,-1.46,-0.42,1.4,-1.1,-1.17,-1.13,-1.33,-1.12,-1.24,-1.25,-1.2,-1.14,-0.51,-0.15,0.02,1.5,0.2,0.4,-1.09,-1.1633333333333333,-1.3033333333333335,-0.36000000000000004,1.0333333333333334,-1.24,-1.15,-1.23,-0.92,-0.45,-0.19
1971-10-01,-1.24,-1.33,-1.32,-0.75,1.7,-1.0,-1.1,-1.17,-1.04,-1.33,-1.12,-1.46,-1.25,-1.2,-0.42,-0.51,-0.15,1.4,1.5,0.2,-1.1133333333333335,-1.2333333333333334,-1.343333333333333,-0.56,1.5333333333333334,-1.15,-1.23,-0.92,-0.45,-0.19,0.07
1971-11-01,-1.15,-1.31,-0.98,-0.0,0.5,-1.24,-1.0,-1.1,-1.33,-1.04,-1.33,-1.32,-1.46,-1.25,-0.75,-0.42,-0.51,1.7,1.4,1.5,-1.1300000000000001,-1.2266666666666668,-1.2533333333333332,-0.38999999999999996,1.2000000000000002,-1.23,-0.92,-0.45,-0.19,0.07,0.38
1971-12-01,-1.23,-1.48,-0.68,0.27,0.3,-1.15,-1.24,-1.0,-1.31,-1.33,-1.04,-0.98,-1.32,-1.46,-0.0,-0.75,-0.42,0.5,1.7,1.4,-1.206666666666667,-1.3733333333333333,-0.9933333333333333,-0.16000000000000003,0.8333333333333335,-0.92,-0.45,-0.19,0.07,0.38,0.45
1972-01-01,-0.92,-0.73,-0.69,0.52,0.5,-1.23,-1.15,-1.24,-1.48,-1.31,-1.33,-0.68,-0.98,-1.32,0.27,-0.0,-0.75,0.3,0.5,1.7,-1.1000000000000003,-1.1733333333333333,-0.7833333333333333,0.2633333333333333,0.4333333333333335,-0.45,-0.19,0.07,0.38,0.45,0.85
1972-02-01,-0.45,-0.52,-0.31,-0.08,1.1,-0.92,-1.23,-1.15,-0.73,-1.48,-1.31,-0.69,-0.68,-0.98,0.52,0.27,-0.0,0.5,0.3,0.5,-0.8666666666666668,-0.91,-0.5599999999999999,0.23666666666666666,0.6333333333333335,-0.19,0.07,0.38,0.45,0.85,1.09
1972-03-01,-0.19,-0.29,-0.16,0.1,0.6,-0.45,-0.92,-1.23,-0.52,-0.73,-1.48,-0.31,-0.69,-0.68,-0.08,0.52,0.27,1.1,0.5,0.3,-0.5200000000000002,-0.5133333333333333,-0.38666666666666666,0.17999999999999997,0.7333333333333335,0.07,0.38,0.45,0.85,1.09,1.23
1972-04-01,0.07,0.0,0.11,0.11,-0.1,-0.19,-0.45,-0.92,-0.29,-0.52,-0.73,-0.16,-0.31,-0.69,0.1,-0.08,0.52,0.6,1.1,0.5,-0.19000000000000025,-0.27,-0.12,0.0433333333333333,0.5333333333333335,0.38,0.45,0.85,1.09,1.23,1.54
1972-05-01,0.38,0.21,0.11,0.36,-1.6,0.07,-0.19,-0.45,0.0,-0.29,-0.52,0.11,-0.16,-0.31,0.11,0.1,-0.08,-0.1,0.6,1.1,0.08666666666666645,-0.02666666666666666,0.02,0.18999999999999995,-0.36666666666666653,0.45,0.85,1.09,1.23,1.54,1.9
1972-06-01,0.45,0.61,0.1,0.89,-0.5,0.38,0.07,-0.19,0.21,0.0,-0.29,0.11,0.11,-0.16,0.36,0.11,0.1,-1.6,-0.1,0.6,0.29999999999999977,0.2733333333333333,0.10666666666666667,0.4533333333333333,-0.7333333333333333,0.85,1.09,1.23,1.54,1.9,2.09
1972-07-01,0.85,1.2,0.13,0.66,-1.4,0.45,0.38,0.07,0.61,0.21,0.0,0.1,0.11,0.11,0.89,0.36,0.11,-0.5,-1.6,-0.1,0.5599999999999997,0.6733333333333333,0.11333333333333334,0.6366666666666667,-1.1666666666666665,1.09,1.23,1.54,1.9,2.09,1.8
1972-08-01,1.09,1.63,-0.04,0.56,-0.5,0.85,0.45,0.38,1.2,0.61,0.21,0.13,0.1,0.11,0.66,0.89,0.36,-1.4,-0.5,-1.6,0.7966666666666665,1.1466666666666665,0.06333333333333334,0.7033333333333333,-0.7999999999999998,1.23,1.54,1.9,2.09,1.8,1.2
1972-09-01,1.23,1.43,0.11,0.79,-1.4,1.09,0.85,0.45,1.63,1.2,0.61,-0.04,0.13,0.1,0.56,0.66,0.89,-0.5,-1.4,-0.5,1.0566666666666664,1.42,0.06666666666666667,0.6699999999999999,-1.0999999999999999,1.54,1.9,2.09,1.8,1.2,0.27
1972-10-01,1.54,1.74,0.4,0.83,-0.9,1.23,1.09,0.85,1.43,1.63,1.2,0.11,-0.04,0.13,0.79,0.56,0.66,-1.4,-0.5,-1.4,1.2866666666666664,1.5999999999999999,0.15666666666666668,0.7266666666666666,-0.9333333333333331,1.9,2.09,1.8,1.2,0.27,-0.58
1972-11-01,1.9,1.99,0.53,0.91,-0.3,1.54,1.23,1.09,1.74,1.43,1.63,0.4,0.11,-0.04,0.83,0.79,0.56,-0.9,-1.4,-0.5,1.5566666666666666,1.72,0.3466666666666667,0.8433333333333333,-0.8666666666666666,2.09,1.8,1.2,0.27,-0.58,-0.97
1972-12-01,2.09,2.25,0.67,0.61,-1.3,1.9,1.54,1.23,1.99,1.74,1.43,0.53,0.4,0.11,0.91,0.83,0.79,-0.3,-0.9,-1.4,1.843333333333333,1.9933333333333334,0.5333333333333333,0.7833333333333332,-0.8333333333333331,1.8,1.2,0.27,-0.58,-0.97,-1.18
1973-01-01,1.8,1.78,0.67,0.57,-0.3,2.09,1.9,1.54,2.25,1.99,1.74,0.67,0.53,0.4,0.61,0.91,0.83,-1.3,-0.3,-0.9,1.9299999999999997,2.0066666666666664,0.6233333333333334,0.6966666666666667,-0.6333333333333332,1.2,0.27,-0.58,-0.97,-1.18,-1.54
1973-02-01,1.2,0.79,0.4,-0.01,-1.4,1.8,2.09,1.9,1.78,2.25,1.99,0.67,0.67,0.53,0.57,0.61,0.91,-0.3,-1.3,-0.3,1.6966666666666665,1.6066666666666665,0.58,0.38999999999999996,-0.9999999999999999,0.27,-0.58,-0.97,-1.18,-1.54,-1.63
1973-03-01,0.27,0.09,0.01,0.22,0.7,1.2,1.8,2.09,0.79,1.78,2.25,0.4,0.67,0.67,-0.01,0.57,0.61,-1.4,-0.3,-1.3,1.0899999999999999,0.8866666666666666,0.36000000000000004,0.25999999999999995,-0.3333333333333332,-0.58,-0.97,-1.18,-1.54,-1.63,-1.66
1973-04-01,-0.58,-0.83,-0.37,0.17,0.1,0.27,1.2,1.8,0.09,0.79,1.78,0.01,0.4,0.67,0.22,-0.01,0.57,0.7,-1.4,-0.3,0.2966666666666665,0.016666666666666535,0.013333333333333345,0.12666666666666662,-0.19999999999999984,-0.97,-1.18,-1.54,-1.63,-1.66,-1.98
1973-05-01,-0.97,-1.32,-0.43,0.15,0.4,-0.58,0.27,1.2,-0.83,0.09,0.79,-0.37,0.01,0.4,0.17,0.22,-0.01,0.1,0.7,-1.4,-0.42666666666666675,-0.6866666666666669,-0.26333333333333336,0.17999999999999997,0.40000000000000013,-1.18,-1.54,-1.63,-1.66,-1.98,-2.37
1973-06-01,-1.18,-1.41,-0.82,-0.14,1.1,-0.97,-0.58,0.27,-1.32,-0.83,0.09,-0.43,-0.37,0.01,0.15,0.17,0.22,0.4,0.1,0.7,-0.9100000000000001,-1.1866666666666668,-0.5399999999999999,0.05999999999999997,0.5333333333333335,-1.54,-1.63,-1.66,-1.98,-2.37,-2.26
1973-07-01,-1.54,-1.66,-1.05,-0.08,0.6,-1.18,-0.97,-0.58,-1.41,-1.32,-0.83,-0.82,-0.43,-0.37,-0.14,0.15,0.17,1.1,0.4,0.1,-1.2300000000000002,-1.4633333333333336,-0.7666666666666666,-0.023333333333333376,0.7000000000000002,-1.63,-1.66,-1.98,-2.37,-2.26,-2.09
1973-08-01,-1.63,-1.62,-1.35,-0.47,1.3,-1.54,-1.18,-0.97,-1.66,-1.41,-1.32,-1.05,-0.82,-0.43,-0.08,-0.14,0.15,0.6,1.1,0.4,-1.4500000000000002,-1.5633333333333335,-1.0733333333333333,-0.23000000000000007,1.0000000000000002,-1.66,-1.98,-2.37,-2.26,-2.09,-1.66
1973-09-01,-1.66,-1.52,-1.49,-0.46,1.2,-1.63,-1.54,-1.18,-1.62,-1.66,-1.41,-1.35,-1.05,-0.82,-0.47,-0.08,-0.14,1.3,0.6,1.1,-1.61,-1.6000000000000003,-1.2966666666666666,-0.3366666666666667,1.0333333333333334,-1.98,-2.37,-2.26,-2.09,-1.66,-1.45
1973-10-01,-1.98,-1.69,-1.65,-0.3,0.8,-1.66,-1.63,-1.54,-1.52,-1.62,-1.66,-1.49,-1.35,-1.05,-0.46,-0.47,-0.08,1.2,1.3,0.6,-1.7566666666666668,-1.61,-1.4966666666666668,-0.41,1.1,-2.37,-2.26,-2.09,-1.66,-1.45,-1.36
1973-11-01,-2.37,-1.82,-1.92,-0.11,2.6,-1.98,-1.66,-1.63,-1.69,-1.52,-1.62,-1.65,-1.49,-1.35,-0.3,-0.46,-0.47,0.8,1.2,1.3,-2.0033333333333334,-1.6766666666666667,-1.6866666666666668,-0.29000000000000004,1.5333333333333334,-2.26,-2.09,-1.66,-1.45,-1.36,-1.29
1973-12-01,-2.26,-1.85,-2.04,-0.04,1.8,-2.37,-1.98,-1.66,-1.82,-1.69,-1.52,-1.92,-1.65,-1.49,-0.11,-0.3,-0.46,2.6,0.8,1.2,-2.2033333333333336,-1.7866666666666668,-1.8699999999999999,-0.15000000000000005,1.7333333333333334,-2.09,-1.66,-1.45,-1.36,-1.29,-1.2
1974-01-01,-2.09,-1.8,-2.02,0.34,2.4,-2.26,-2.37,-1.98,-1.85,-1.82,-1.69,-2.04,-1.92,-1.65,-0.04,-0.11,-0.3,1.8,2.6,0.8,-2.24,-1.8233333333333335,-1.9933333333333334,0.0633333333333333,2.266666666666667,-1.66,-1.45,-1.36,-1.29,-1.2,-0.9
1974-02-01,-1.66,-1.34,-1.48,0.47,2.1,-2.09,-2.26,-2.37,-1.8,-1.85,-1.82,-2.02,-2.04,-1.92,0.34,-0.04,-0.11,2.4,1.8,2.6,-2.0033333333333334,-1.6633333333333333,-1.8466666666666667,0.2566666666666666,2.1,-1.45,-1.36,-1.29,-1.2,-0.9,-0.52
1974-03-01,-1.45,-0.96,-1.15,0.57,2.4,-1.66,-2.09,-2.26,-1.34,-1.8,-1.85,-1.48,-2.02,-2.04,0.47,0.34,-0.04,2.1,2.4,1.8,-1.7333333333333336,-1.366666666666667,-1.55,0.45999999999999996,2.3000000000000003,-1.36,-1.29,-1.2,-0.9,-0.52,-0.64
1974-04-01,-1.36,-0.81,-1.2,0.27,0.9,-1.45,-1.66,-2.09,-0.96,-1.34,-1.8,-1.15,-1.48,-2.02,0.57,0.47,0.34,2.4,2.1,2.4,-1.4900000000000002,-1.0366666666666668,-1.2766666666666666,0.4366666666666666,1.8000000000000005,-1.29,-1.2,-0.9,-0.52,-0.64,-0.94
1974-05-01,-1.29,-0.89,-1.14,0.03,1.0,-1.36,-1.45,-1.66,-0.81,-0.96,-1.34,-1.2,-1.15,-1.48,0.27,0.57,0.47,0.9,2.4,2.1,-1.366666666666667,-0.8866666666666668,-1.1633333333333333,0.29,1.4333333333333336,-1.2,-0.9,-0.52,-0.64,-0.94,-1.09
1974-06-01,-1.2,-0.84,-1.08,0.32,0.4,-1.29,-1.36,-1.45,-0.89,-0.81,-0.96,-1.14,-1.2,-1.15,0.03,0.27,0.57,1.0,0.9,2.4,-1.2833333333333337,-0.8466666666666668,-1.14,0.20666666666666667,0.7666666666666669,-0.9,-0.52,-0.64,-0.94,-1.09,-0.97
1974-07-01,-0.9,-0.59,-1.16,-0.1,1.1,-1.2,-1.29,-1.36,-0.84,-0.89,-0.81,-1.08,-1.14,-1.2,0.32,0.03,0.27,0.4,1.0,0.9,-1.1300000000000003,-0.7733333333333334,-1.1266666666666667,0.08333333333333333,0.8333333333333336,-0.52,-0.64,-0.94,-1.09,-0.97,-0.45
1974-08-01,-0.52,-0.4,-0.82,-0.2,0.8,-0.9,-1.2,-1.29,-0.59,-0.84,-0.89,-1.16,-1.08,-1.14,-0.1,0.32,0.03,1.1,0.4,1.0,-0.8733333333333335,-0.6100000000000001,-1.02,0.006666666666666654,0.766666666666667,-0.64,-0.94,-1.09,-0.97,-0.45,-0.68
1974-09-01,-0.64,-0.63,-1.05,-0.61,1.1,-0.52,-0.9,-1.2,-0.4,-0.59,-0.84,-0.82,-1.16,-1.08,-0.2,-0.1,0.32,0.8,1.1,0.4,-0.686666666666667,-0.5400000000000001,-1.01,-0.30333333333333334,1.0000000000000004,-0.94,-1.09,-0.97,-0.45,-0.68,-1.09
1974-10-01,-0.94,-1.03,-1.23,-0.34,0.9,-0.64,-0.52,-0.9,-0.63,-0.4,-0.59,-1.05,-0.82,-1.16,-0.61,-0.2,-0.1,1.1,0.8,1.1,-0.7000000000000003,-0.6866666666666669,-1.0333333333333332,-0.38333333333333336,0.9333333333333337,-1.09,-0.97,-0.45,-0.68,-1.09,-0.96
1974-11-01,-1.09,-1.11,-1.14,-0.42,-0.1,-0.94,-0.64,-0.52,-1.03,-0.63,-0.4,-1.23,-1.05,-0.82,-0.34,-0.61,-0.2,0.9,1.1,0.8,-0.8900000000000002,-0.9233333333333335,-1.14,-0.4566666666666667,0.6333333333333336,-0.97,-0.45,-0.68,-1.09,-0.96,-1.13
1974-12-01,-0.97,-1.04,-1.12,-0.17,0.2,-1.09,-0.94,-0.64,-1.11,-1.03,-0.63,-1.14,-1.23,-1.05,-0.42,-0.34,-0.61,-0.1,0.9,1.1,-1.0000000000000002,-1.0600000000000003,-1.1633333333333333,-0.31,0.3333333333333337,-0.45,-0.68,-1.09,-0.96,-1.13,-1.5
1975-01-01,-0.45,-0.54,-0.71,-0.5,-0.5,-0.97,-1.09,-0.94,-1.04,-1.11,-1.03,-1.12,-1.14,-1.23,-0.17,-0.42,-0.34,0.2,-0.1,0.9,-0.836666666666667,-0.8966666666666668,-0.9899999999999999,-0.36333333333333334,-0.13333333333333297,-0.68,-1.09,-0.96,-1.13,-1.5,-1.39
1975-02-01,-0.68,-0.85,-0.55,0.11,0.8,-0.45,-0.97,-1.09,-0.54,-1.04,-1.11,-0.71,-1.12,-1.14,-0.5,-0.17,-0.42,-0.5,0.2,-0.1,-0.7000000000000003,-0.81,-0.7933333333333333,-0.18666666666666668,0.16666666666666705,-1.09,-0.96,-1.13,-1.5,-1.39,-1.52
1975-03-01,-1.09,-0.87,-0.86,-0.19,1.6,-0.68,-0.45,-0.97,-0.85,-0.54,-1.04,-0.55,-0.71,-1.12,0.11,-0.5,-0.17,0.8,-0.5,0.2,-0.7400000000000003,-0.7533333333333334,-0.7066666666666666,-0.19333333333333336,0.6333333333333337,-0.96,-1.13,-1.5,-1.39,-1.52,-1.66
1975-04-01,-0.96,-0.57,-0.99,0.35,1.2,-1.09,-0.68,-0.45,-0.87,-0.85,-0.54,-0.86,-0.55,-0.71,-0.19,0.11,-0.5,1.6,0.8,-0.5,-0.9100000000000005,-0.7633333333333333,-0.7999999999999999,0.08999999999999998,1.2000000000000004,-1.13,-1.5,-1.39,-1.52,-1.66,-1.83
1975-05-01,-1.13,-1.09,-1.15,0.08,0.6,-0.96,-1.09,-0.68,-0.57,-0.87,-0.85,-0.99,-0.86,-0.55,0.35,-0.19,0.11,1.2,1.6,0.8,-1.0600000000000003,-0.8433333333333334,-1.0,0.08,1.1333333333333337,-1.5,-1.39,-1.52,-1.66,-1.83,-1.66
1975-06-01,-1.5,-1.4,-1.43,0.34,1.3,-1.13,-0.96,-1.09,-1.09,-0.57,-0.87,-1.15,-0.99,-0.86,0.08,0.35,-0.19,0.6,1.2,1.6,-1.196666666666667,-1.0200000000000002,-1.19,0.25666666666666665,1.0333333333333339,-1.39,-1.52,-1.66,-1.83,-1.66,-1.93
1975-07-01,-1.39,-1.19,-1.53,0.37,1.9,-1.5,-1.13,-0.96,-1.4,-1.09,-0.57,-1.43,-1.15,-0.99,0.34,0.08,0.35,1.3,0.6,1.2,-1.3400000000000005,-1.2266666666666668,-1.3699999999999999,0.26333333333333336,1.266666666666667,-1.52,-1.66,-1.83,-1.66,-1.93,-2.01
1975-08-01,-1.52,-1.08,-1.76,-0.43,2.0,-1.39,-1.5,-1.13,-1.19,-1.4,-1.09,-1.53,-1.43,-1.15,0.37,0.34,0.08,1.9,1.3,0.6,-1.4700000000000004,-1.2233333333333334,-1.5733333333333333,0.09333333333333337,1.7333333333333336,-1.66,-1.83,-1.66,-1.93,-2.01,-1.26
1975-09-01,-1.66,-1.41,-2.05,-1.04,2.1,-1.52,-1.39,-1.5,-1.08,-1.19,-1.4,-1.76,-1.53,-1.43,-0.43,0.37,0.34,2.0,1.9,1.3,-1.5233333333333337,-1.2266666666666668,-1.78,-0.3666666666666667,2.0000000000000004,-1.83,-1.66,-1.93,-2.01,-1.26,-0.82
1975-10-01,-1.83,-1.61,-2.21,-1.19,1.7,-1.66,-1.52,-1.39,-1.41,-1.08,-1.19,-2.05,-1.76,-1.53,-1.04,-0.43,0.37,2.1,2.0,1.9,-1.6700000000000002,-1.366666666666667,-2.0066666666666664,-0.8866666666666667,1.9333333333333336,-1.66,-1.93,-2.01,-1.26,-0.82,-0.93
1975-11-01,-1.66,-1.44,-2.11,-0.58,1.2,-1.83,-1.66,-1.52,-1.61,-1.41,-1.08,-2.21,-2.05,-1.76,-1.19,-1.04,-0.43,1.7,2.1,2.0,-1.7166666666666668,-1.4866666666666666,-2.123333333333333,-0.9366666666666666,1.6666666666666672,-1.93,-2.01,-1.26,-0.82,-0.93,-0.74
1975-12-01,-1.93,-1.81,-2.15,-0.03,2.1,-1.66,-1.83,-1.66,-1.44,-1.61,-1.41,-2.11,-2.21,-2.05,-0.58,-1.19,-1.04,1.2,1.7,2.1,-1.8066666666666669,-1.62,-2.1566666666666667,-0.6,1.6666666666666672,-2.01,-1.26,-0.82,-0.93,-0.74,-0.38
1976-01-01,-2.01,-1.9,-1.74,-0.06,1.4,-1.93,-1.66,-1.83,-1.81,-1.44,-1.61,-2.15,-2.11,-2.21,-0.03,-0.58,-1.19,2.1,1.2,1.7,-1.866666666666667,-1.7166666666666668,-2.0,-0.2233333333333333,1.566666666666667,-1.26,-0.82,-0.93,-0.74,-0.38,-0.16
1976-02-01,-1.26,-1.1,-1.3,0.13,1.7,-2.01,-1.93,-1.66,-1.9,-1.81,-1.44,-1.74,-2.15,-2.11,-0.06,-0.03,-0.58,1.4,2.1,1.2,-1.7333333333333336,-1.6033333333333335,-1.7299999999999998,0.013333333333333336,1.7333333333333336,-0.82,-0.93,-0.74,-0.38,-0.16,0.12
1976-03-01,-0.82,-0.67,-0.98,0.1,1.7,-1.26,-2.01,-1.93,-1.1,-1.9,-1.81,-1.3,-1.74,-2.15,0.13,-0.06,-0.03,1.7,1.4,2.1,-1.3633333333333335,-1.2233333333333334,-1.3399999999999999,0.05666666666666667,1.6000000000000003,-0.93,-0.74,-0.38,-0.16,0.12,0.3
1976-04-01,-0.93,-0.66,-0.82,-0.02,0.3,-0.82,-1.26,-2.01,-0.67,-1.1,-1.9,-0.98,-1.3,-1.74,0.1,0.13,-0.06,1.7,1.7,1.4,-1.0033333333333339,-0.8100000000000002,-1.0333333333333332,0.07,1.2333333333333336,-0.74,-0.38,-0.16,0.12,0.3,0.75
1976-05-01,-0.74,-0.34,-0.77,-0.01,0.4,-0.93,-0.82,-1.26,-0.66,-0.67,-1.1,-0.82,-0.98,-1.3,-0.02,0.1,0.13,0.3,1.7,1.7,-0.8300000000000004,-0.5566666666666668,-0.8566666666666666,0.023333333333333334,0.8000000000000004,-0.38,-0.16,0.12,0.3,0.75,0.71
1976-06-01,-0.38,0.33,-0.76,0.47,0.3,-0.74,-0.93,-0.82,-0.34,-0.66,-0.67,-0.77,-0.82,-0.98,-0.01,-0.02,0.1,0.4,0.3,1.7,-0.6833333333333339,-0.22333333333333347,-0.7833333333333333,0.14666666666666664,0.33333333333333376,-0.16,0.12,0.3,0.75,0.71,0.49
1976-07-01,-0.16,0.43,-0.72,0.86,-0.9,-0.38,-0.74,-0.93,0.33,-0.34,-0.66,-0.76,-0.77,-0.82,0.47,-0.01,-0.02,0.3,0.4,0.3,-0.42666666666666714,0.13999999999999993,-0.75,0.43999999999999995,-0.06666666666666625,0.12,0.3,0.75,0.71,0.49,0.78
1976-08-01,0.12,0.76,-0.62,0.31,-0.8,-0.16,-0.38,-0.74,0.43,0.33,-0.34,-0.72,-0.76,-0.77,0.86,0.47,-0.01,-0.9,0.3,0.4,-0.14000000000000046,0.5066666666666666,-0.7000000000000001,0.5466666666666666,-0.4666666666666663,0.3,0.75,0.71,0.49,0.78,0.37
1976-09-01,0.3,0.82,-0.5,-0.13,-1.1,0.12,-0.16,-0.38,0.76,0.43,0.33,-0.62,-0.72,-0.76,0.31,0.86,0.47,-0.8,-0.9,0.3,0.08666666666666623,0.6699999999999999,-0.6133333333333333,0.3466666666666667,-0.933333333333333,0.75,0.71,0.49,0.78,0.37,0.19
1976-10-01,0.75,0.91,-0.03,-0.37,0.4,0.3,0.12,-0.16,0.82,0.76,0.43,-0.5,-0.62,-0.72,-0.13,0.31,0.86,-1.1,-0.8,-0.9,0.3899999999999995,0.83,-0.38333333333333336,-0.06333333333333334,-0.49999999999999956,0.71,0.49,0.78,0.37,0.19,-0.38
1976-11-01,0.71,0.78,0.09,-0.25,0.7,0.75,0.3,0.12,0.91,0.82,0.76,-0.03,-0.5,-0.62,-0.37,-0.13,0.31,0.4,-1.1,-0.8,0.5866666666666661,0.8366666666666666,-0.14666666666666667,-0.25,4.070817756958907e-16,0.49,0.78,0.37,0.19,-0.38,-0.21
1976-12-01,0.49,0.66,-0.25,0.26,-0.3,0.71,0.75,0.3,0.78,0.91,0.82,0.09,-0.03,-0.5,-0.25,-0.37,-0.13,0.7,0.4,-1.1,0.6499999999999996,0.7833333333333333,-0.06333333333333334,-0.12,0.2666666666666671,0.78,0.37,0.19,-0.38,-0.21,0.01
1977-01-01,0.78,0.88,-0.1,0.2,-0.4,0.49,0.71,0.75,0.66,0.78,0.91,-0.25,0.09,-0.03,0.26,-0.25,-0.37,-0.3,0.7,0.4,0.6599999999999996,0.7733333333333333,-0.08666666666666667,0.07,4.625929269271486e-16,0.37,0.19,-0.38,-0.21,0.01,0.09
1977-02-01,0.37,0.56,-0.15,0.08,1.2,0.78,0.49,0.71,0.88,0.66,0.78,-0.1,-0.25,0.09,0.2,0.26,-0.25,-0.4,-0.3,0.7,0.5466666666666663,0.6999999999999998,-0.16666666666666666,0.18000000000000002,0.1666666666666671,0.19,-0.38,-0.21,0.01,0.09,-0.01
1977-03-01,0.19,0.22,-0.23,0.17,-0.5,0.37,0.78,0.49,0.56,0.88,0.66,-0.15,-0.1,-0.25,0.08,0.2,0.26,1.2,-0.4,-0.3,0.44666666666666616,0.5533333333333332,-0.16,0.15,0.10000000000000046,-0.38,-0.21,0.01,0.09,-0.01,0.4
1977-04-01,-0.38,-0.64,-0.23,0.02,-0.4,0.19,0.37,0.78,0.22,0.56,0.88,-0.23,-0.15,-0.1,0.17,0.08,0.2,-0.5,1.2,-0.4,0.059999999999999554,0.0466666666666666,-0.20333333333333334,0.09000000000000001,0.10000000000000042,-0.21,0.01,0.09,-0.01,0.4,0.63
1977-05-01,-0.21,-0.38,-0.35,-0.31,-0.5,-0.38,0.19,0.37,-0.64,0.22,0.56,-0.23,-0.23,-0.15,0.02,0.17,0.08,-0.4,-0.5,1.2,-0.13333333333333378,-0.2666666666666668,-0.26999999999999996,-0.04,-0.4666666666666662,0.01,0.09,-0.01,0.4,0.63,0.48
1977-06-01,0.01,-0.19,-0.17,-0.01,-0.9,-0.21,-0.38,0.19,-0.38,-0.64,0.22,-0.35,-0.23,-0.23,-0.31,0.02,0.17,-0.5,-0.4,-0.5,-0.1933333333333338,-0.4033333333333334,-0.25,-0.09999999999999999,-0.5999999999999995,0.09,-0.01,0.4,0.63,0.48,0.7
1977-07-01,0.09,-0.23,-0.06,0.05,-1.1,0.01,-0.21,-0.38,-0.19,-0.38,-0.64,-0.17,-0.35,-0.23,-0.01,-0.31,0.02,-0.9,-0.5,-0.4,-0.03666666666666711,-0.2666666666666668,-0.19333333333333333,-0.09000000000000001,-0.8333333333333329,-0.01,0.4,0.63,0.48,0.7,0.62
1977-08-01,-0.01,-0.38,-0.08,0.11,-0.8,0.09,0.01,-0.21,-0.23,-0.19,-0.38,-0.06,-0.17,-0.35,0.05,-0.01,-0.31,-1.1,-0.9,-0.5,0.029999999999999555,-0.2666666666666668,-0.10333333333333333,0.049999999999999996,-0.933333333333333,0.4,0.63,0.48,0.7,0.62,0.25
1977-09-01,0.4,-0.03,0.19,-0.04,-0.8,-0.01,0.09,0.01,-0.38,-0.23,-0.19,-0.08,-0.06,-0.17,0.11,0.05,-0.01,-0.8,-1.1,-0.9,0.15999999999999956,-0.21333333333333346,0.016666666666666673,0.04,-0.8999999999999996,0.63,0.48,0.7,0.62,0.25,-0.2
1977-10-01,0.63,0.27,0.28,0.61,-1.0,0.4,-0.01,0.09,-0.03,-0.38,-0.23,0.19,-0.08,-0.06,-0.04,0.11,0.05,-0.8,-0.8,-1.1,0.3399999999999996,-0.046666666666666745,0.13,0.22666666666666666,-0.8666666666666663,0.48,0.7,0.62,0.25,-0.2,-0.7
1977-11-01,0.48,0.19,0.32,0.24,-1.3,0.63,0.4,-0.01,0.27,-0.03,-0.38,0.28,0.19,-0.08,0.61,-0.04,0.11,-1.0,-0.8,-0.8,0.5033333333333329,0.14333333333333326,0.26333333333333336,0.26999999999999996,-1.033333333333333,0.7,0.62,0.25,-0.2,-0.7,-0.74
1977-12-01,0.7,0.25,0.41,0.37,-1.1,0.48,0.63,0.4,0.19,0.27,-0.03,0.32,0.28,0.19,0.24,0.61,-0.04,-1.3,-1.0,-0.8,0.6033333333333328,0.23666666666666658,0.33666666666666667,0.4066666666666667,-1.133333333333333,0.62,0.25,-0.2,-0.7,-0.74,-0.71
1978-01-01,0.62,0.14,0.4,-0.62,-0.3,0.7,0.48,0.63,0.25,0.19,0.27,0.41,0.32,0.28,0.37,0.24,0.61,-1.1,-1.3,-1.0,0.5999999999999995,0.19333333333333325,0.3766666666666667,-0.003333333333333336,-0.8999999999999995,0.25,-0.2,-0.7,-0.74,-0.71,-0.55
1978-02-01,0.25,0.0,0.19,-0.34,-2.7,0.62,0.7,0.48,0.14,0.25,0.19,0.4,0.41,0.32,-0.62,0.37,0.24,-0.3,-1.1,-1.3,0.5233333333333329,0.12999999999999992,0.3333333333333333,-0.19666666666666668,-1.3666666666666663,-0.2,-0.7,-0.74,-0.71,-0.55,-0.79
1978-03-01,-0.2,-0.46,-0.14,-0.17,-0.2,0.25,0.62,0.7,0.0,0.14,0.25,0.19,0.4,0.41,-0.34,-0.62,0.37,-2.7,-0.3,-1.1,0.22333333333333286,-0.10666666666666676,0.15000000000000002,-0.3766666666666667,-1.0666666666666662,-0.7,-0.74,-0.71,-0.55,-0.79,-0.71
1978-04-01,-0.7,-0.94,-0.59,-0.04,-0.3,-0.2,0.25,0.62,-0.46,0.0,0.14,-0.14,0.19,0.4,-0.17,-0.34,-0.62,-0.2,-2.7,-0.3,-0.21666666666666712,-0.4666666666666668,-0.18000000000000002,-0.18333333333333335,-1.0666666666666662,-0.74,-0.71,-0.55,-0.79,-0.71,-0.46
1978-05-01,-0.74,-1.15,-0.4,-0.13,1.4,-0.7,-0.2,0.25,-0.94,-0.46,0.0,-0.59,-0.14,0.19,-0.04,-0.17,-0.34,-0.3,-0.2,-2.7,-0.5466666666666672,-0.8500000000000001,-0.37666666666666665,-0.11333333333333334,0.30000000000000043,-0.71,-0.55,-0.79,-0.71,-0.46,-0.38
1978-06-01,-0.71,-0.97,-0.56,0.24,0.7,-0.74,-0.7,-0.2,-1.15,-0.94,-0.46,-0.4,-0.59,-0.14,-0.13,-0.04,-0.17,1.4,-0.3,-0.2,-0.7166666666666671,-1.0200000000000002,-0.5166666666666667,0.023333333333333327,0.6000000000000004,-0.55,-0.79,-0.71,-0.46,-0.38,-0.06
1978-07-01,-0.55,-0.86,-0.62,0.12,0.6,-0.71,-0.74,-0.7,-0.97,-1.15,-0.94,-0.56,-0.4,-0.59,0.24,-0.13,-0.04,0.7,1.4,-0.3,-0.6666666666666671,-0.9933333333333335,-0.5266666666666667,0.07666666666666666,0.9000000000000005,-0.79,-0.71,-0.46,-0.38,-0.06,-0.13
1978-08-01,-0.79,-1.02,-0.59,-0.05,0.4,-0.55,-0.71,-0.74,-0.86,-0.97,-1.15,-0.62,-0.56,-0.4,0.12,0.24,-0.13,0.6,0.7,1.4,-0.6833333333333339,-0.9500000000000002,-0.59,0.10333333333333333,0.5666666666666671,-0.71,-0.46,-0.38,-0.06,-0.13,-0.22
1978-09-01,-0.71,-0.72,-0.48,0.21,0.1,-0.79,-0.55,-0.71,-1.02,-0.86,-0.97,-0.59,-0.62,-0.56,-0.05,0.12,0.24,0.4,0.6,0.7,-0.6833333333333339,-0.8666666666666668,-0.5633333333333334,0.09333333333333332,0.36666666666666714,-0.46,-0.38,-0.06,-0.13,-0.22,-0.02
1978-10-01,-0.46,-0.41,-0.56,0.16,-0.4,-0.71,-0.79,-0.55,-0.72,-1.02,-0.86,-0.48,-0.59,-0.62,0.21,-0.05,0.12,0.1,0.4,0.6,-0.6533333333333339,-0.7166666666666669,-0.5433333333333333,0.10666666666666665,0.03333333333333377,-0.38,-0.06,-0.13,-0.22,-0.02,0.02
1978-11-01,-0.38,-0.31,-0.39,-0.23,-0.0,-0.46,-0.71,-0.79,-0.41,-0.72,-1.02,-0.56,-0.48,-0.59,0.16,0.21,-0.05,-0.4,0.1,0.4,-0.5166666666666672,-0.4800000000000002,-0.47666666666666674,0.046666666666666655,-0.09999999999999958,-0.06,-0.13,-0.22,-0.02,0.02,-0.25
1978-12-01,-0.06,0.01,-0.17,-0.24,-0.1,-0.38,-0.46,-0.71,-0.31,-0.41,-0.72,-0.39,-0.56,-0.48,-0.23,0.16,0.21,-0.0,-0.4,0.1,-0.3000000000000005,-0.23666666666666689,-0.3733333333333333,-0.10333333333333333,-0.1666666666666662,-0.13,-0.22,-0.02,0.02,-0.25,-0.29
1979-01-01,-0.13,-0.32,0.04,0.25,-0.4,-0.06,-0.38,-0.46,0.01,-0.31,-0.41,-0.17,-0.39,-0.56,-0.24,-0.23,0.16,-0.1,-0.0,-0.4,-0.19000000000000047,-0.2066666666666669,-0.1733333333333333,-0.07333333333333332,-0.1666666666666662,-0.22,-0.02,0.02,-0.25,-0.29,-0.47
1979-02-01,-0.22,-0.29,-0.11,-0.11,1.0,-0.13,-0.06,-0.38,-0.32,0.01,-0.31,0.04,-0.17,-0.39,0.25,-0.24,-0.23,-0.4,-0.1,-0.0,-0.13666666666666716,-0.2000000000000002,-0.07999999999999997,-0.03333333333333333,0.1666666666666671,-0.02,0.02,-0.25,-0.29,-0.47,-0.1
1979-03-01,-0.02,-0.06,-0.02,-0.21,0.1,-0.22,-0.13,-0.06,-0.29,-0.32,0.01,-0.11,0.04,-0.17,-0.11,0.25,-0.24,1.0,-0.4,-0.1,-0.12333333333333381,-0.22333333333333352,-0.029999999999999968,-0.023333333333333327,0.23333333333333375,0.02,-0.25,-0.29,-0.47,-0.1,0.28
1979-04-01,0.02,0.07,-0.02,0.12,-0.1,-0.02,-0.22,-0.13,-0.06,-0.29,-0.32,-0.02,-0.11,0.04,-0.21,-0.11,0.25,0.1,1.0,-0.4,-0.07333333333333382,-0.09333333333333355,-0.04999999999999996,-0.06666666666666665,0.33333333333333376,-0.25,-0.29,-0.47,-0.1,0.28,0.11
1979-05-01,-0.25,-0.05,-0.18,0.12,0.5,0.02,-0.02,-0.22,0.07,-0.06,-0.29,-0.02,-0.02,-0.11,0.12,-0.21,-0.11,-0.1,0.1,1.0,-0.08333333333333381,-0.013333333333333553,-0.07333333333333329,0.010000000000000004,0.16666666666666716,-0.29,-0.47,-0.1,0.28,0.11,0.29
1979-06-01,-0.29,-0.15,-0.24,0.46,0.6,-0.25,0.02,-0.02,-0.05,0.07,-0.06,-0.18,-0.02,-0.02,0.12,0.12,-0.21,0.5,-0.1,0.1,-0.1733333333333338,-0.04333333333333356,-0.14666666666666664,0.2333333333333333,0.33333333333333376,-0.47,-0.1,0.28,0.11,0.29,0.52
1979-07-01,-0.47,-0.31,-0.2,0.08,1.3,-0.29,-0.25,0.02,-0.15,-0.05,0.07,-0.24,-0.18,-0.02,0.46,0.12,0.12,0.6,0.5,-0.1,-0.3366666666666671,-0.17000000000000023,-0.20666666666666664,0.22,0.8000000000000006,-0.1,0.28,0.11,0.29,0.52,0.54
1979-08-01,-0.1,0.13,-0.45,-0.24,-0.2,-0.47,-0.29,-0.25,-0.31,-0.15,-0.05,-0.2,-0.24,-0.18,0.08,0.46,0.12,1.3,0.6,0.5,-0.2866666666666671,-0.11000000000000021,-0.29666666666666663,0.10000000000000002,0.5666666666666672,0.28,0.11,0.29,0.52,0.54,0.22
1979-09-01,0.28,0.58,-0.29,-0.46,0.1,-0.1,-0.47,-0.29,0.13,-0.31,-0.15,-0.45,-0.2,-0.24,-0.24,0.08,0.46,-0.2,1.3,0.6,-0.09666666666666712,0.1333333333333331,-0.3133333333333333,-0.20666666666666664,0.4000000000000005,0.11,0.29,0.52,0.54,0.22,0.03
1979-10-01,0.11,0.44,-0.18,-0.42,-0.1,0.28,-0.1,-0.47,0.58,0.13,-0.31,-0.29,-0.45,-0.2,-0.46,-0.24,0.08,0.1,-0.2,1.3,0.09666666666666618,0.3833333333333331,-0.30666666666666664,-0.3733333333333333,-0.06666666666666615,0.29,0.52,0.54,0.22,0.03,-0.07
1979-11-01,0.29,0.39,0.12,-0.6,-0.4,0.11,0.28,-0.1,0.44,0.58,0.13,-0.18,-0.29,-0.45,-0.42,-0.46,-0.24,-0.1,0.1,-0.2,0.2266666666666662,0.4699999999999998,-0.11666666666666663,-0.49333333333333335,-0.13333333333333283,0.52,0.54,0.22,0.03,-0.07,0.08
1979-12-01,0.52,0.43,0.29,-0.23,-0.7,0.29,0.11,0.28,0.39,0.44,0.58,0.12,-0.18,-0.29,-0.6,-0.42,-0.46,-0.4,-0.1,0.1,0.3066666666666662,0.41999999999999976,0.0766666666666667,-0.4166666666666667,-0.39999999999999947,0.54,0.22,0.03,-0.07,0.08,0.21
1980-01-01,0.54,0.38,0.37,0.11,0.4,0.52,0.29,0.11,0.43,0.39,0.44,0.29,0.12,-0.18,-0.23,-0.6,-0.42,-0.7,-0.4,-0.1,0.44999999999999957,0.39999999999999974,0.26,-0.24,-0.23333333333333275,0.22,0.03,-0.07,0.08,0.21,-0.06
1980-02-01,0.22,0.03,0.36,0.25,0.3,0.54,0.52,0.29,0.38,0.43,0.39,0.37,0.29,0.12,0.11,-0.23,-0.6,0.4,-0.7,-0.4,0.42666666666666625,0.27999999999999975,0.34,0.04333333333333337,5.366077952354923e-16,0.03,-0.07,0.08,0.21,-0.06,-0.38
1980-03-01,0.03,-0.18,0.19,-0.16,-0.4,0.22,0.54,0.52,0.03,0.38,0.43,0.36,0.37,0.29,0.25,0.11,-0.23,0.3,0.4,-0.7,0.26333333333333286,0.07666666666666645,0.3066666666666667,0.0666666666666667,0.10000000000000049,-0.07,0.08,0.21,-0.06,-0.38,-0.28
1980-04-01,-0.07,-0.2,0.14,0.35,-0.6,0.03,0.22,0.54,-0.18,0.03,0.38,0.19,0.36,0.37,-0.16,0.25,0.11,-0.4,0.3,0.4,0.05999999999999952,-0.11666666666666688,0.23,0.1466666666666667,-0.23333333333333284,0.08,0.21,-0.06,-0.38,-0.28,-0.26
1980-05-01,0.08,-0.15,0.26,0.36,-0.0,-0.07,0.03,0.22,-0.2,-0.18,0.03,0.14,0.19,0.36,0.35,-0.16,0.25,-0.6,-0.4,0.3,0.01333333333333285,-0.1766666666666669,0.19666666666666668,0.18333333333333335,-0.3333333333333328,0.21,-0.06,-0.38,-0.28,-0.26,-0.1
1980-06-01,0.21,0.08,0.16,-0.42,-0.0,0.08,-0.07,0.03,-0.15,-0.2,-0.18,0.26,0.14,0.19,0.36,0.35,-0.16,-0.0,-0.6,-0.4,0.07333333333333285,-0.0900000000000002,0.18666666666666673,0.09666666666666672,-0.1999999999999995,-0.06,-0.38,-0.28,-0.26,-0.1,0.05
1980-07-01,-0.06,-0.23,0.02,-0.24,-0.0,0.21,0.08,-0.07,0.08,-0.15,-0.2,0.16,0.26,0.14,-0.42,0.36,0.35,-0.0,-0.0,-0.6,0.07666666666666619,-0.10000000000000024,0.1466666666666667,-0.09999999999999994,-0.0,-0.38,-0.28,-0.26,-0.1,0.05,-0.36
1980-08-01,-0.38,-0.34,-0.29,0.13,0.4,-0.06,0.21,0.08,-0.23,0.08,-0.15,0.02,0.16,0.26,-0.24,-0.42,0.36,-0.0,-0.0,-0.0,-0.07666666666666715,-0.16333333333333355,-0.036666666666666625,-0.1766666666666666,0.13333333333333386,-0.28,-0.26,-0.1,0.05,-0.36,-0.64
1980-09-01,-0.28,-0.18,-0.27,-0.53,-0.5,-0.38,-0.06,0.21,-0.34,-0.23,0.08,-0.29,0.02,0.16,0.13,-0.24,-0.42,0.4,-0.0,-0.0,-0.24000000000000052,-0.2500000000000002,-0.17999999999999997,-0.2133333333333333,-0.033333333333332806,-0.26,-0.1,0.05,-0.36,-0.64,-0.64
1980-10-01,-0.26,-0.42,-0.02,-0.49,0.0,-0.28,-0.38,-0.06,-0.18,-0.34,-0.23,-0.27,-0.29,0.02,-0.53,0.13,-0.24,-0.5,0.4,-0.0,-0.30666666666666714,-0.3133333333333335,-0.19333333333333333,-0.29666666666666663,-0.033333333333332806,-0.1,0.05,-0.36,-0.64,-0.64,-0.53
1980-11-01,-0.1,-0.1,-0.02,-0.27,-0.3,-0.26,-0.28,-0.38,-0.42,-0.18,-0.34,-0.02,-0.27,-0.29,-0.49,-0.53,0.13,0.0,-0.5,0.4,-0.21333333333333385,-0.2333333333333335,-0.10333333333333329,-0.43,-0.26666666666666616,0.05,-0.36,-0.64,-0.64,-0.53,-0.57
1980-12-01,0.05,0.01,-0.03,0.09,-0.1,-0.1,-0.26,-0.28,-0.1,-0.42,-0.18,-0.02,-0.02,-0.27,-0.27,-0.49,-0.53,-0.3,0.0,-0.5,-0.10333333333333382,-0.17000000000000018,-0.0233333333333333,-0.2233333333333333,-0.13333333333333283,-0.36,-0.64,-0.64,-0.53,-0.57,-0.46
1981-01-01,-0.36,-0.71,-0.13,0.13,0.4,0.05,-0.1,-0.26,0.01,-0.1,-0.42,-0.03,-0.02,-0.02,0.09,-0.27,-0.49,-0.1,-0.3,0.0,-0.13666666666666713,-0.26666666666666683,-0.05999999999999996,-0.016666666666666635,5.181040781584064e-16,-0.64,-0.64,-0.53,-0.57,-0.46,-0.64
1981-02-01,-0.64,-0.88,-0.17,0.32,-0.2,-0.36,0.05,-0.1,-0.71,0.01,-0.1,-0.13,-0.03,-0.02,0.13,0.09,-0.27,0.4,-0.1,-0.3,-0.31666666666666715,-0.5266666666666668,-0.10999999999999997,0.18000000000000005,0.033333333333333846,-0.64,-0.53,-0.57,-0.46,-0.64,-0.53
1981-03-01,-0.64,-0.59,-0.17,-0.11,-1.3,-0.64,-0.36,0.05,-0.88,-0.71,0.01,-0.17,-0.13,-0.03,0.32,0.13,0.09,-0.2,0.4,-0.1,-0.5466666666666672,-0.7266666666666669,-0.15666666666666662,0.11333333333333338,-0.3666666666666662,-0.53,-0.57,-0.46,-0.64,-0.53,-0.19
1981-04-01,-0.53,-0.52,-0.52,0.53,-0.1,-0.64,-0.64,-0.36,-0.59,-0.88,-0.71,-0.17,-0.17,-0.13,-0.11,0.32,0.13,-1.3,-0.2,0.4,-0.6033333333333338,-0.6633333333333336,-0.2866666666666666,0.2466666666666667,-0.5333333333333329,-0.57,-0.46,-0.64,-0.53,-0.19,-0.3
1981-05-01,-0.57,-0.54,-0.56,0.12,0.8,-0.53,-0.64,-0.64,-0.52,-0.59,-0.88,-0.52,-0.17,-0.17,0.53,-0.11,0.32,-0.1,-1.3,-0.2,-0.5800000000000004,-0.5500000000000003,-0.4166666666666667,0.18000000000000002,-0.19999999999999948,-0.46,-0.64,-0.53,-0.19,-0.3,-0.41
1981-06-01,-0.46,-0.43,-0.59,-0.18,1.2,-0.57,-0.53,-0.64,-0.54,-0.52,-0.59,-0.56,-0.52,-0.17,0.12,0.53,-0.11,0.8,-0.1,-1.3,-0.5200000000000005,-0.49666666666666687,-0.5566666666666666,0.1566666666666667,0.6333333333333339,-0.64,-0.53,-0.19,-0.3,-0.41,-0.2
1981-07-01,-0.64,-0.6,-0.73,-0.42,0.8,-0.46,-0.57,-0.53,-0.43,-0.54,-0.52,-0.59,-0.56,-0.52,-0.18,0.12,0.53,1.2,0.8,-0.1,-0.5566666666666672,-0.5233333333333335,-0.6266666666666666,-0.15999999999999998,0.9333333333333339,-0.53,-0.19,-0.3,-0.41,-0.2,0.13
1981-08-01,-0.53,-0.73,-0.71,-0.54,0.7,-0.64,-0.46,-0.57,-0.6,-0.43,-0.54,-0.73,-0.59,-0.56,-0.42,-0.18,0.12,0.8,1.2,0.8,-0.5433333333333338,-0.5866666666666668,-0.6766666666666666,-0.37999999999999995,0.9000000000000004,-0.19,-0.3,-0.41,-0.2,0.13,-0.17
1981-09-01,-0.19,-0.23,-0.4,-0.69,0.3,-0.53,-0.64,-0.46,-0.73,-0.6,-0.43,-0.71,-0.73,-0.59,-0.54,-0.42,-0.18,0.7,0.8,1.2,-0.4533333333333338,-0.5200000000000001,-0.6133333333333333,-0.5499999999999999,0.6000000000000005,-0.3,-0.41,-0.2,0.13,-0.17,0.13
1981-10-01,-0.3,-0.18,-0.38,-0.57,-0.4,-0.19,-0.53,-0.64,-0.23,-0.73,-0.6,-0.4,-0.71,-0.73,-0.69,-0.54,-0.42,0.3,0.7,0.8,-0.3400000000000005,-0.3800000000000001,-0.4966666666666666,-0.6,0.20000000000000048,-0.41,-0.2,0.13,-0.17,0.13,0.21
1981-11-01,-0.41,-0.41,-0.31,-0.35,0.2,-0.3,-0.19,-0.53,-0.18,-0.23,-0.73,-0.38,-0.4,-0.71,-0.57,-0.69,-0.54,-0.4,0.3,0.7,-0.3000000000000005,-0.2733333333333335,-0.3633333333333333,-0.5366666666666666,0.033333333333333846,-0.2,0.13,-0.17,0.13,0.21,0.45
1981-12-01,-0.2,-0.05,-0.09,-0.24,0.5,-0.41,-0.3,-0.19,-0.41,-0.18,-0.23,-0.31,-0.38,-0.4,-0.35,-0.57,-0.69,0.2,-0.4,0.3,-0.30333333333333384,-0.21333333333333349,-0.25999999999999995,-0.38666666666666666,0.10000000000000052,0.13,-0.17,0.13,0.21,0.45,0.53
1982-01-01,0.13,0.2,-0.03,0.08,1.2,-0.2,-0.41,-0.3,-0.05,-0.41,-0.18,-0.09,-0.31,-0.38,-0.24,-0.35,-0.57,0.5,0.2,-0.4,-0.1600000000000005,-0.08666666666666678,-0.14333333333333328,-0.17,0.6333333333333339,-0.17,0.13,0.21,0.45,0.53,0.37
1982-02-01,-0.17,-0.0,-0.18,0.31,0.3,0.13,-0.2,-0.41,0.2,-0.05,-0.41,-0.03,-0.09,-0.31,0.08,-0.24,-0.35,1.2,0.5,0.2,-0.08000000000000053,0.04999999999999986,-0.09999999999999996,0.05000000000000001,0.6666666666666671,0.13,0.21,0.45,0.53,0.37,0.73
1982-03-01,0.13,-0.1,0.07,0.39,0.6,-0.17,0.13,-0.2,-0.0,0.2,-0.05,-0.18,-0.03,-0.09,0.31,0.08,-0.24,0.3,1.2,0.5,0.029999999999999482,0.03333333333333319,-0.04666666666666663,0.26,0.7000000000000005,0.21,0.45,0.53,0.37,0.73,1.49
1982-04-01,0.21,-0.01,0.33,0.43,0.1,0.13,-0.17,0.13,-0.1,-0.0,0.2,0.07,-0.18,-0.03,0.39,0.31,0.08,0.6,0.3,1.2,0.05666666666666614,-0.03666666666666681,0.07333333333333338,0.3766666666666667,0.33333333333333387,0.45,0.53,0.37,0.73,1.49,1.99
1982-05-01,0.45,0.39,0.39,0.46,-0.3,0.21,0.13,-0.17,-0.01,-0.1,-0.0,0.33,0.07,-0.18,0.43,0.39,0.31,0.1,0.6,0.3,0.2633333333333328,0.0933333333333332,0.26333333333333336,0.4266666666666667,0.13333333333333383,0.53,0.37,0.73,1.49,1.99,1.92
1982-06-01,0.53,0.54,0.45,0.33,-1.0,0.45,0.21,0.13,0.39,-0.01,-0.1,0.39,0.33,0.07,0.46,0.43,0.39,-0.3,0.1,0.6,0.3966666666666662,0.30666666666666653,0.39000000000000007,0.4066666666666667,-0.39999999999999947,0.37,0.73,1.49,1.99,1.92,2.2
1982-07-01,0.37,0.41,0.13,0.42,-1.5,0.53,0.45,0.21,0.54,0.39,-0.01,0.45,0.39,0.33,0.33,0.46,0.43,-1.0,-0.3,0.1,0.4499999999999995,0.44666666666666655,0.3233333333333334,0.4033333333333333,-0.9333333333333328,0.73,1.49,1.99,1.92,2.2,2.35
1982-08-01,0.73,0.95,0.09,0.43,-1.7,0.37,0.53,0.45,0.41,0.54,0.39,0.13,0.45,0.39,0.42,0.33,0.46,-1.5,-1.0,-0.3,0.5433333333333329,0.6333333333333332,0.22333333333333338,0.3933333333333333,-1.3999999999999995,1.49,1.99,1.92,2.2,2.35,1.94
1982-09-01,1.49,1.89,0.33,0.18,-1.7,0.73,0.37,0.53,0.95,0.41,0.54,0.09,0.13,0.45,0.43,0.42,0.33,-1.7,-1.5,-1.0,0.8633333333333328,1.0833333333333333,0.18333333333333335,0.34333333333333327,-1.6333333333333329,1.99,1.92,2.2,2.35,1.94,1.38
1982-10-01,1.99,2.3,0.67,0.87,-1.7,1.49,0.73,0.37,1.89,0.95,0.41,0.33,0.09,0.13,0.18,0.43,0.42,-1.7,-1.7,-1.5,1.4033333333333327,1.713333333333333,0.36333333333333345,0.49333333333333335,-1.7,1.92,2.2,2.35,1.94,1.38,0.95
1982-11-01,1.92,2.4,0.57,0.29,-2.6,1.99,1.49,0.73,2.3,1.89,0.95,0.67,0.33,0.09,0.87,0.18,0.43,-1.7,-1.7,-1.7,1.7999999999999996,2.1966666666666668,0.5233333333333333,0.4466666666666667,-1.9999999999999993,2.2,2.35,1.94,1.38,0.95,0.9
1982-12-01,2.2,2.86,0.51,-0.18,-2.2,1.92,1.99,1.49,2.4,2.3,1.89,0.57,0.67,0.33,0.29,0.87,0.18,-2.6,-1.7,-1.7,2.0366666666666666,2.5199999999999996,0.5833333333333334,0.3266666666666667,-2.166666666666666,2.35,1.94,1.38,0.95,0.9,0.54
1983-01-01,2.35,3.0,0.39,-0.23,-3.5,2.2,1.92,1.99,2.86,2.4,2.3,0.51,0.57,0.67,-0.18,0.29,0.87,-2.2,-2.6,-1.7,2.1566666666666663,2.7533333333333334,0.49000000000000005,-0.04000000000000001,-2.766666666666666,1.94,1.38,0.95,0.9,0.54,-0.11
1983-02-01,1.94,2.3,0.33,-0.48,-3.6,2.35,2.2,1.92,3.0,2.86,2.4,0.39,0.51,0.57,-0.23,-0.18,0.29,-3.5,-2.2,-2.6,2.1633333333333327,2.7199999999999993,0.4100000000000001,-0.2966666666666667,-3.0999999999999996,1.38,0.95,0.9,0.54,-0.11,-0.27
1983-03-01,1.38,1.68,0.23,-0.9,-2.4,1.94,2.35,2.2,2.3,3.0,2.86,0.33,0.39,0.51,-0.48,-0.23,-0.18,-3.6,-3.5,-2.2,1.8899999999999995,2.3266666666666667,0.3166666666666667,-0.5366666666666666,-3.166666666666666,0.95,0.9,0.54,-0.11,-0.27,-0.52
1983-04-01,0.95,1.55,0.04,-0.82,-0.9,1.38,1.94,2.35,1.68,2.3,3.0,0.23,0.33,0.39,-0.9,-0.48,-0.23,-2.4,-3.6,-3.5,1.423333333333333,1.843333333333333,0.20000000000000004,-0.7333333333333334,-2.2999999999999994,0.9,0.54,-0.11,-0.27,-0.52,-1.16
1983-05-01,0.9,1.73,0.16,-0.2,0.6,0.95,1.38,1.94,1.55,1.68,2.3,0.04,0.23,0.33,-0.82,-0.9,-0.48,-0.9,-2.4,-3.6,1.0766666666666662,1.653333333333333,0.1433333333333334,-0.64,-0.8999999999999995,0.54,-0.11,-0.27,-0.52,-1.16,-1.29
1983-06-01,0.54,1.52,-0.0,0.31,0.0,0.9,0.95,1.38,1.73,1.55,1.68,0.16,0.04,0.23,-0.2,-0.82,-0.9,0.6,-0.9,-2.4,0.7966666666666663,1.5999999999999999,0.06666666666666671,-0.2366666666666667,-0.09999999999999958,-0.11,-0.27,-0.52,-1.16,-1.29,-1.03
1983-07-01,-0.11,0.8,-0.27,0.8,-0.6,0.54,0.9,0.95,1.52,1.73,1.55,-0.0,0.16,0.04,0.31,-0.2,-0.82,0.0,0.6,-0.9,0.4433333333333329,1.3499999999999999,-0.03666666666666663,0.30333333333333334,4.440892098500626e-16,-0.27,-0.52,-1.16,-1.29,-1.03,-0.67
1983-08-01,-0.27,0.65,-0.4,0.41,0.1,-0.11,0.54,0.9,0.8,1.52,1.73,-0.27,-0.0,0.16,0.8,0.31,-0.2,-0.6,0.0,0.6,0.0533333333333329,0.9899999999999999,-0.2233333333333333,0.5066666666666667,-0.1666666666666662,-0.52,-1.16,-1.29,-1.03,-0.67,-0.19
1983-09-01,-0.52,0.13,-0.78,0.24,0.9,-0.27,-0.11,0.54,0.65,0.8,1.52,-0.4,-0.27,-0.0,0.41,0.8,0.31,0.1,-0.6,0.0,-0.30000000000000043,0.5266666666666665,-0.48333333333333334,0.48333333333333334,0.13333333333333378,-1.16,-1.29,-1.03,-0.67,-0.19,-0.52
1983-10-01,-1.16,-0.61,-0.89,-0.09,0.4,-0.52,-0.27,-0.11,0.13,0.65,0.8,-0.78,-0.4,-0.27,0.24,0.41,0.8,0.9,0.1,-0.6,-0.6500000000000005,0.05666666666666653,-0.69,0.18666666666666665,0.46666666666666706,-1.29,-1.03,-0.67,-0.19,-0.52,-0.68
1983-11-01,-1.29,-1.03,-1.01,0.08,-0.1,-1.16,-0.52,-0.27,-0.61,0.13,0.65,-0.89,-0.78,-0.4,-0.09,0.24,0.41,0.4,0.9,0.1,-0.9900000000000005,-0.5033333333333335,-0.8933333333333334,0.07666666666666666,0.4000000000000004,-1.03,-0.67,-0.19,-0.52,-0.68,-0.73
1983-12-01,-1.03,-0.84,-0.83,-0.1,0.0,-1.29,-1.16,-0.52,-1.03,-0.61,0.13,-1.01,-0.89,-0.78,0.08,-0.09,0.24,-0.1,0.4,0.9,-1.1600000000000004,-0.8266666666666668,-0.91,-0.03666666666666667,0.10000000000000046,-0.67,-0.19,-0.52,-0.68,-0.73,-0.9
1984-01-01,-0.67,-0.58,-0.83,-0.02,0.2,-1.03,-1.29,-1.16,-0.84,-1.03,-0.61,-0.83,-1.01,-0.89,-0.1,0.08,-0.09,0.0,-0.1,0.4,-0.996666666666667,-0.8166666666666668,-0.89,-0.013333333333333336,0.03333333333333378,-0.19,-0.52,-0.68,-0.73,-0.9,-0.5
1984-02-01,-0.19,-0.15,-0.72,0.02,0.9,-0.67,-1.03,-1.29,-0.58,-0.84,-1.03,-0.83,-0.83,-1.01,-0.02,-0.1,0.08,0.2,0.0,-0.1,-0.6300000000000004,-0.5233333333333334,-0.7933333333333333,-0.03333333333333333,0.36666666666666714,-0.52,-0.68,-0.73,-0.9,-0.5,-0.24
1984-03-01,-0.52,-0.23,-0.85,0.02,-0.2,-0.19,-0.67,-1.03,-0.15,-0.58,-0.84,-0.72,-0.83,-0.83,0.02,-0.02,-0.1,0.9,0.2,0.0,-0.46000000000000046,-0.3200000000000001,-0.7999999999999999,0.006666666666666667,0.30000000000000043,-0.68,-0.73,-0.9,-0.5,-0.24,-0.34
1984-04-01,-0.68,-0.49,-0.88,0.5,0.3,-0.52,-0.19,-0.67,-0.23,-0.15,-0.58,-0.85,-0.72,-0.83,0.02,0.02,-0.02,-0.2,0.9,0.2,-0.4633333333333338,-0.29000000000000015,-0.8166666666666668,0.18000000000000002,0.33333333333333376,-0.73,-0.9,-0.5,-0.24,-0.34,-0.67
1984-05-01,-0.73,-0.93,-0.78,-0.4,0.2,-0.68,-0.52,-0.19,-0.49,-0.23,-0.15,-0.88,-0.85,-0.72,0.5,0.02,0.02,0.3,-0.2,0.9,-0.6433333333333339,-0.5500000000000002,-0.8366666666666666,0.04,0.10000000000000041,-0.9,-0.5,-0.24,-0.34,-0.67,-1.19
1984-06-01,-0.9,-1.17,-0.78,-0.33,-0.3,-0.73,-0.68,-0.52,-0.93,-0.49,-0.23,-0.78,-0.88,-0.85,-0.4,0.5,0.02,0.2,0.3,-0.2,-0.7700000000000005,-0.8633333333333334,-0.8133333333333334,-0.07666666666666667,0.06666666666666708,-0.5,-0.24,-0.34,-0.67,-1.19,-1.34
1984-07-01,-0.5,-0.78,-0.59,-0.42,0.2,-0.9,-0.73,-0.68,-1.17,-0.93,-0.49,-0.78,-0.78,-0.88,-0.33,-0.4,0.5,-0.3,0.2,0.3,-0.7100000000000004,-0.9600000000000003,-0.7166666666666667,-0.3833333333333333,0.03333333333333375,-0.24,-0.34,-0.67,-1.19,-1.34,-1.16
1984-08-01,-0.24,-0.41,-0.62,-0.25,0.4,-0.5,-0.9,-0.73,-0.78,-1.17,-0.93,-0.59,-0.78,-0.78,-0.42,-0.33,-0.4,0.2,-0.3,0.2,-0.5466666666666672,-0.7866666666666667,-0.6633333333333333,-0.3333333333333333,0.10000000000000042,-0.34,-0.67,-1.19,-1.34,-1.16,-0.72
1984-09-01,-0.34,-0.34,-0.54,-0.34,0.1,-0.24,-0.5,-0.9,-0.41,-0.78,-1.17,-0.62,-0.59,-0.78,-0.25,-0.42,-0.33,0.4,0.2,-0.3,-0.3600000000000005,-0.5100000000000001,-0.5833333333333334,-0.3366666666666666,0.23333333333333373,-0.67,-1.19,-1.34,-1.16,-0.72,-0.79
1984-10-01,-0.67,-0.67,-0.74,-0.33,-0.3,-0.34,-0.24,-0.5,-0.34,-0.41,-0.78,-0.54,-0.62,-0.59,-0.34,-0.25,-0.42,0.1,0.4,0.2,-0.4166666666666672,-0.47333333333333344,-0.6333333333333334,-0.30666666666666664,0.0666666666666671,-1.19,-1.34,-1.16,-0.72,-0.79,-1.18
1984-11-01,-1.19,-0.99,-0.91,-0.42,0.3,-0.67,-0.34,-0.24,-0.67,-0.34,-0.41,-0.74,-0.54,-0.62,-0.33,-0.34,-0.25,-0.3,0.1,0.4,-0.7333333333333338,-0.6666666666666669,-0.73,-0.3633333333333333,0.03333333333333375,-1.34,-1.16,-0.72,-0.79,-1.18,-1.03
1984-12-01,-1.34,-1.27,-0.95,-0.19,-0.1,-1.19,-0.67,-0.34,-0.99,-0.67,-0.34,-0.91,-0.74,-0.54,-0.42,-0.33,-0.34,0.3,-0.3,0.1,-1.066666666666667,-0.9766666666666669,-0.8666666666666667,-0.3133333333333333,-0.03333333333333292,-1.16,-0.72,-0.79,-1.18,-1.03,-0.91
1985-01-01,-1.16,-1.26,-0.64,0.06,-0.3,-1.34,-1.19,-0.67,-1.27,-0.99,-0.67,-0.95,-0.91,-0.74,-0.19,-0.42,-0.33,-0.1,0.3,-0.3,-1.2300000000000004,-1.1733333333333336,-0.8333333333333334,-0.18333333333333332,-0.03333333333333292,-0.72,-0.79,-1.18,-1.03,-0.91,-0.74
1985-02-01,-0.72,-0.9,-0.71,-0.02,1.2,-1.16,-1.34,-1.19,-1.26,-1.27,-0.99,-0.64,-0.95,-0.91,0.06,-0.19,-0.42,-0.3,-0.1,0.3,-1.073333333333334,-1.1433333333333333,-0.7666666666666666,-0.04999999999999998,0.26666666666666705,-0.79,-1.18,-1.03,-0.91,-0.74,-0.56
1985-03-01,-0.79,-0.78,-1.01,-0.07,0.8,-0.72,-1.16,-1.34,-0.9,-1.26,-1.27,-0.71,-0.64,-0.95,-0.02,0.06,-0.19,1.2,-0.3,-0.1,-0.8900000000000006,-0.9800000000000001,-0.7866666666666667,-0.009999999999999986,0.566666666666667,-1.18,-1.03,-0.91,-0.74,-0.56,-0.7
1985-04-01,-1.18,-1.05,-1.14,-0.14,1.2,-0.79,-0.72,-1.16,-0.78,-0.9,-1.26,-1.01,-0.71,-0.64,-0.07,-0.02,0.06,0.8,1.2,-0.3,-0.8966666666666671,-0.9100000000000001,-0.9533333333333333,-0.07666666666666666,1.066666666666667,-1.03,-0.91,-0.74,-0.56,-0.7,-0.49
1985-05-01,-1.03,-1.07,-0.98,0.03,0.4,-1.18,-0.79,-0.72,-1.05,-0.78,-0.9,-1.14,-1.01,-0.71,-0.14,-0.07,-0.02,1.2,0.8,1.2,-1.0000000000000007,-0.9666666666666668,-1.0433333333333332,-0.06,0.8000000000000004,-0.91,-0.74,-0.56,-0.7,-0.49,-0.37
1985-06-01,-0.91,-1.02,-0.95,-0.44,-0.4,-1.03,-1.18,-0.79,-1.07,-1.05,-0.78,-0.98,-1.14,-1.01,0.03,-0.14,-0.07,0.4,1.2,0.8,-1.0400000000000005,-1.0466666666666666,-1.0233333333333334,-0.18333333333333332,0.4000000000000004,-0.74,-0.56,-0.7,-0.49,-0.37,-0.41
1985-07-01,-0.74,-1.1,-0.72,0.11,-0.1,-0.91,-1.03,-1.18,-1.02,-1.07,-1.05,-0.95,-0.98,-1.14,-0.44,0.03,-0.14,-0.4,0.4,1.2,-0.8933333333333339,-1.0633333333333335,-0.8833333333333333,-0.09999999999999999,-0.03333333333333289,-0.56,-0.7,-0.49,-0.37,-0.41,-0.66
1985-08-01,-0.56,-0.88,-0.58,-0.02,1.0,-0.74,-0.91,-1.03,-1.1,-1.02,-1.07,-0.72,-0.95,-0.98,0.11,-0.44,0.03,-0.1,-0.4,0.4,-0.7366666666666672,-1.0,-0.75,-0.11666666666666664,0.1666666666666671,-0.7,-0.49,-0.37,-0.41,-0.66,-0.71
1985-09-01,-0.7,-0.86,-0.48,0.01,0.0,-0.56,-0.74,-0.91,-0.88,-1.1,-1.02,-0.58,-0.72,-0.95,-0.02,0.11,-0.44,1.0,-0.1,-0.4,-0.6666666666666671,-0.9466666666666668,-0.5933333333333333,0.03333333333333333,0.30000000000000043,-0.49,-0.37,-0.41,-0.66,-0.71,-0.42
1985-10-01,-0.49,-0.8,-0.4,-0.25,-0.4,-0.7,-0.56,-0.74,-0.86,-0.88,-1.1,-0.48,-0.58,-0.72,0.01,-0.02,0.11,0.0,1.0,-0.1,-0.5833333333333339,-0.8466666666666667,-0.48666666666666664,-0.08666666666666667,0.20000000000000043,-0.37,-0.41,-0.66,-0.71,-0.42,-0.33
1985-11-01,-0.37,-0.7,-0.35,0.5,-0.2,-0.49,-0.7,-0.56,-0.8,-0.86,-0.88,-0.4,-0.48,-0.58,-0.25,0.01,-0.02,-0.4,0.0,1.0,-0.5200000000000006,-0.7866666666666667,-0.41,0.08666666666666667,-0.1999999999999996,-0.41,-0.66,-0.71,-0.42,-0.33,-0.53
1985-12-01,-0.41,-0.73,-0.24,0.23,0.2,-0.37,-0.49,-0.7,-0.7,-0.8,-0.86,-0.35,-0.4,-0.48,0.5,-0.25,0.01,-0.2,-0.4,0.0,-0.42333333333333384,-0.7433333333333335,-0.33,0.16,-0.1333333333333329,-0.66,-0.71,-0.42,-0.33,-0.53,-0.31
1986-01-01,-0.66,-0.8,-0.25,0.13,1.0,-0.41,-0.37,-0.49,-0.73,-0.7,-0.8,-0.24,-0.35,-0.4,0.23,0.5,-0.25,0.2,-0.2,-0.4,-0.4800000000000005,-0.7433333333333335,-0.27999999999999997,0.2866666666666667,0.33333333333333376,-0.71,-0.42,-0.33,-0.53,-0.31,-0.11
1986-02-01,-0.71,-0.53,-0.23,0.22,-1.0,-0.66,-0.41,-0.37,-0.8,-0.73,-0.7,-0.25,-0.24,-0.35,0.13,0.23,0.5,1.0,0.2,-0.2,-0.5933333333333338,-0.6866666666666669,-0.24,0.19333333333333336,0.0666666666666671,-0.42,-0.33,-0.53,-0.31,-0.11,0.32
1986-03-01,-0.42,-0.37,-0.16,0.53,0.5,-0.71,-0.66,-0.41,-0.53,-0.8,-0.73,-0.23,-0.25,-0.24,0.22,0.13,0.23,-1.0,1.0,0.2,-0.5966666666666671,-0.5666666666666668,-0.21333333333333335,0.2933333333333334,0.1666666666666671,-0.33,-0.53,-0.31,-0.11,0.32,0.53
1986-04-01,-0.33,-0.38,-0.34,0.31,0.3,-0.42,-0.71,-0.66,-0.37,-0.53,-0.8,-0.16,-0.23,-0.25,0.53,0.22,0.13,0.5,-1.0,1.0,-0.4866666666666672,-0.42666666666666675,-0.24333333333333332,0.35333333333333333,-0.06666666666666622,-0.53,-0.31,-0.11,0.32,0.53,0.81
1986-05-01,-0.53,-0.6,-0.33,0.17,-0.2,-0.33,-0.42,-0.71,-0.38,-0.37,-0.53,-0.34,-0.16,-0.23,0.31,0.53,0.22,0.3,0.5,-1.0,-0.4266666666666672,-0.45,-0.27666666666666667,0.3366666666666667,0.20000000000000048,-0.31,-0.11,0.32,0.53,0.81,1.01
1986-06-01,-0.31,-0.45,-0.19,0.12,1.0,-0.53,-0.33,-0.42,-0.6,-0.38,-0.37,-0.33,-0.34,-0.16,0.17,0.31,0.53,-0.2,0.3,0.5,-0.39000000000000057,-0.47666666666666674,-0.2866666666666667,0.20000000000000004,0.36666666666666714,-0.11,0.32,0.53,0.81,1.01,1.12
1986-07-01,-0.11,-0.14,-0.08,-0.2,0.3,-0.31,-0.53,-0.33,-0.45,-0.6,-0.38,-0.19,-0.33,-0.34,0.12,0.17,0.31,1.0,-0.2,0.3,-0.3166666666666672,-0.3966666666666668,-0.19999999999999998,0.030000000000000037,0.36666666666666714,0.32,0.53,0.81,1.01,1.12,1.14
1986-08-01,0.32,0.17,0.06,0.26,-0.4,-0.11,-0.31,-0.53,-0.14,-0.45,-0.6,-0.08,-0.19,-0.33,-0.2,0.12,0.17,0.3,1.0,-0.2,-0.033333333333333846,-0.1400000000000001,-0.07,0.06000000000000003,0.3000000000000005,0.53,0.81,1.01,1.12,1.14,1.13
1986-09-01,0.53,0.3,0.22,0.55,-0.5,0.32,-0.11,-0.31,0.17,-0.14,-0.45,0.06,-0.08,-0.19,0.26,-0.2,0.12,-0.4,0.3,1.0,0.24666666666666615,0.10999999999999993,0.06666666666666667,0.20333333333333337,-0.1999999999999995,0.81,1.01,1.12,1.14,1.13,0.98
1986-10-01,0.81,0.53,0.23,0.04,0.6,0.53,0.32,-0.11,0.3,0.17,-0.14,0.22,0.06,-0.08,0.55,0.26,-0.2,-0.5,-0.4,0.3,0.5533333333333328,0.33333333333333326,0.17,0.2833333333333334,-0.09999999999999949,1.01,1.12,1.14,1.13,0.98,0.58
1986-11-01,1.01,0.78,0.38,0.65,-1.2,0.81,0.53,0.32,0.53,0.3,0.17,0.23,0.22,0.06,0.04,0.55,0.26,0.6,-0.5,-0.4,0.7833333333333329,0.5366666666666666,0.27666666666666667,0.4133333333333334,-0.3666666666666661,1.12,1.14,1.13,0.98,0.58,0.62
1986-12-01,1.12,0.92,0.32,-0.02,-1.4,1.01,0.81,0.53,0.78,0.53,0.3,0.38,0.23,0.22,0.65,0.04,0.55,-1.2,0.6,-0.5,0.9799999999999995,0.7433333333333333,0.31,0.22333333333333336,-0.6666666666666661,1.14,1.13,0.98,0.58,0.62,0.92
1987-01-01,1.14,1.02,0.3,0.03,-0.7,1.12,1.01,0.81,0.92,0.78,0.53,0.32,0.38,0.23,-0.02,0.65,0.04,-1.4,-1.2,0.6,1.0899999999999996,0.9066666666666666,0.3333333333333333,0.22,-1.0999999999999994,1.13,0.98,0.58,0.62,0.92,1.29
1987-02-01,1.13,1.14,0.5,-0.21,-1.2,1.14,1.12,1.01,1.02,0.92,0.78,0.3,0.32,0.38,0.03,-0.02,0.65,-0.7,-1.4,-1.2,1.1299999999999997,1.0266666666666666,0.3733333333333333,-0.06666666666666667,-1.0999999999999994,0.98,0.58,0.62,0.92,1.29,1.57
1987-03-01,0.98,1.0,0.47,-0.26,-1.3,1.13,1.14,1.12,1.14,1.02,0.92,0.5,0.3,0.32,-0.21,0.03,-0.02,-1.2,-0.7,-1.4,1.0833333333333328,1.0533333333333335,0.4233333333333333,-0.14666666666666667,-1.0666666666666662,0.58,0.62,0.92,1.29,1.57,1.65
1987-04-01,0.58,0.77,0.08,-0.5,-1.4,0.98,1.13,1.14,1.0,1.14,1.02,0.47,0.5,0.3,-0.26,-0.21,0.03,-1.3,-1.2,-0.7,0.8966666666666661,0.9699999999999998,0.3499999999999999,-0.3233333333333333,-1.2999999999999992,0.62,0.92,1.29,1.57,1.65,1.24
1987-05-01,0.62,0.89,0.19,0.03,-1.3,0.58,0.98,1.13,0.77,1.0,1.14,0.08,0.47,0.5,-0.5,-0.26,-0.21,-1.4,-1.3,-1.2,0.7266666666666661,0.8866666666666666,0.24666666666666667,-0.24333333333333332,-1.3333333333333328,0.92,1.29,1.57,1.65,1.24,1.07
1987-06-01,0.92,0.86,0.4,-0.01,-1.1,0.62,0.58,0.98,0.89,0.77,1.0,0.19,0.08,0.47,0.03,-0.5,-0.26,-1.3,-1.4,-1.3,0.7066666666666661,0.8399999999999999,0.2233333333333333,-0.16,-1.2666666666666662,1.29,1.57,1.65,1.24,1.07,0.94
1987-07-01,1.29,1.11,0.49,-0.24,-1.4,0.92,0.62,0.58,0.86,0.89,0.77,0.4,0.19,0.08,-0.01,0.03,-0.5,-1.1,-1.3,-1.4,0.9433333333333328,0.9533333333333333,0.36000000000000004,-0.07333333333333333,-1.2666666666666662,1.57,1.65,1.24,1.07,0.94,0.9
1987-08-01,1.57,1.45,0.59,0.2,-0.9,1.29,0.92,0.62,1.11,0.86,0.89,0.49,0.4,0.19,-0.24,-0.01,0.03,-1.4,-1.1,-1.3,1.2599999999999996,1.14,0.49333333333333335,-0.016666666666666663,-1.1333333333333326,1.65,1.24,1.07,0.94,0.9,0.28
1987-09-01,1.65,1.66,0.78,0.26,-1.0,1.57,1.29,0.92,1.45,1.11,0.86,0.59,0.49,0.4,0.2,-0.24,-0.01,-0.9,-1.4,-1.1,1.5033333333333327,1.4066666666666665,0.62,0.07333333333333335,-1.0999999999999994,1.24,1.07,0.94,0.9,0.28,0.1
1987-10-01,1.24,1.16,0.82,0.24,-0.4,1.65,1.57,1.29,1.66,1.45,1.11,0.78,0.59,0.49,0.26,0.2,-0.24,-1.0,-0.9,-1.4,1.4866666666666661,1.4233333333333331,0.7299999999999999,0.2333333333333333,-0.766666666666666,1.07,0.94,0.9,0.28,0.1,-0.44
1987-11-01,1.07,0.99,0.82,0.0,-0.0,1.24,1.65,1.57,1.16,1.66,1.45,0.82,0.78,0.59,0.24,0.26,0.2,-0.4,-1.0,-0.9,1.3199999999999994,1.2699999999999998,0.8066666666666666,0.16666666666666666,-0.46666666666666606,0.94,0.9,0.28,0.1,-0.44,-1.25
1987-12-01,0.94,1.0,0.76,-0.01,-0.5,1.07,1.24,1.65,0.99,1.16,1.66,0.82,0.82,0.78,0.0,0.24,0.26,-0.0,-0.4,-1.0,1.0833333333333328,1.0499999999999998,0.7999999999999999,0.07666666666666666,-0.29999999999999943,0.9,0.28,0.1,-0.44,-1.25,-1.74
1988-01-01,0.9,0.68,0.65,0.26,-0.1,0.94,1.07,1.24,1.0,0.99,1.16,0.76,0.82,0.82,-0.01,0.0,0.24,-0.5,-0.0,-0.4,0.9699999999999994,0.89,0.7433333333333333,0.08333333333333333,-0.1999999999999994,0.28,0.1,-0.44,-1.25,-1.74,-1.74
1988-02-01,0.28,-0.01,0.45,-0.11,-0.4,0.9,0.94,1.07,0.68,1.0,0.99,0.65,0.76,0.82,0.26,-0.01,0.0,-0.1,-0.5,-0.0,0.7066666666666661,0.5566666666666666,0.62,0.04666666666666667,-0.33333333333333276,0.1,-0.44,-1.25,-1.74,-1.74,-1.19
1988-03-01,0.1,-0.15,0.14,0.05,0.6,0.28,0.9,0.94,-0.01,0.68,1.0,0.45,0.65,0.76,-0.11,0.26,-0.01,-0.4,-0.1,-0.5,0.4266666666666661,0.17333333333333326,0.41333333333333333,0.06666666666666667,0.033333333333333916,-0.44,-1.25,-1.74,-1.74,-1.19,-1.0
1988-04-01,-0.44,-0.65,-0.36,0.21,0.1,0.1,0.28,0.9,-0.15,-0.01,0.68,0.14,0.45,0.65,0.05,-0.11,0.26,0.6,-0.4,-0.1,-0.020000000000000573,-0.2700000000000001,0.07666666666666665,0.049999999999999996,0.10000000000000059,-1.25,-1.74,-1.74,-1.19,-1.0,-1.9
1988-05-01,-1.25,-1.57,-0.62,-0.63,0.9,-0.44,0.1,0.28,-0.65,-0.15,-0.01,-0.36,0.14,0.45,0.21,0.05,-0.11,0.1,0.6,-0.4,-0.5300000000000006,-0.79,-0.28,-0.12333333333333334,0.533333333333334,-1.74,-1.74,-1.19,-1.0,-1.9,-2.05
1988-06-01,-1.74,-2.18,-0.88,-0.14,0.1,-1.25,-0.44,0.1,-1.57,-0.65,-0.15,-0.62,-0.36,0.14,-0.63,0.21,0.05,0.9,0.1,0.6,-1.1433333333333338,-1.4666666666666668,-0.62,-0.18666666666666668,0.3666666666666673,-1.74,-1.19,-1.0,-1.9,-2.05,-1.96
1988-07-01,-1.74,-2.06,-0.94,-0.0,1.0,-1.74,-1.25,-0.44,-2.18,-1.57,-0.65,-0.88,-0.62,-0.36,-0.14,-0.63,0.21,0.1,0.9,0.1,-1.5766666666666673,-1.9366666666666668,-0.8133333333333334,-0.25666666666666665,0.6666666666666673,-1.19,-1.0,-1.9,-2.05,-1.96,-1.97
1988-08-01,-1.19,-1.48,-0.77,-0.09,1.5,-1.74,-1.74,-1.25,-2.06,-2.18,-1.57,-0.94,-0.88,-0.62,-0.0,-0.14,-0.63,1.0,0.1,0.9,-1.5566666666666673,-1.906666666666667,-0.8633333333333333,-0.07666666666666667,0.8666666666666673,-1.0,-1.9,-2.05,-1.96,-1.97,-1.47
1988-09-01,-1.0,-1.09,-0.92,-0.53,1.8,-1.19,-1.74,-1.74,-1.48,-2.06,-2.18,-0.77,-0.94,-0.88,-0.09,-0.0,-0.14,1.5,1.0,0.1,-1.3100000000000005,-1.5433333333333337,-0.8766666666666668,-0.20666666666666667,1.4333333333333338,-1.9,-2.05,-1.96,-1.97,-1.47,-1.21
1988-10-01,-1.9,-1.55,-1.64,-0.64,1.4,-1.0,-1.19,-1.74,-1.09,-1.48,-2.06,-0.92,-0.77,-0.94,-0.53,-0.09,-0.0,1.8,1.5,1.0,-1.363333333333334,-1.3733333333333337,-1.11,-0.42,1.5666666666666673,-2.05,-1.96,-1.97,-1.47,-1.21,-1.08
1988-11-01,-2.05,-1.67,-1.73,-0.41,1.7,-1.9,-1.0,-1.19,-1.55,-1.09,-1.48,-1.64,-0.92,-0.77,-0.64,-0.53,-0.09,1.4,1.8,1.5,-1.6500000000000004,-1.4366666666666668,-1.43,-0.5266666666666666,1.633333333333334,-1.96,-1.97,-1.47,-1.21,-1.08,-0.88
1988-12-01,-1.96,-1.61,-1.77,0.01,1.2,-2.05,-1.9,-1.0,-1.67,-1.55,-1.09,-1.73,-1.64,-0.92,-0.41,-0.64,-0.53,1.7,1.4,1.8,-1.9700000000000006,-1.6100000000000003,-1.7133333333333336,-0.3466666666666666,1.4333333333333338,-1.97,-1.47,-1.21,-1.08,-0.88,-0.59
1989-01-01,-1.97,-1.44,-1.72,-0.43,1.5,-1.96,-2.05,-1.9,-1.61,-1.67,-1.55,-1.77,-1.73,-1.64,0.01,-0.41,-0.64,1.2,1.7,1.4,-1.9933333333333338,-1.5733333333333335,-1.74,-0.27666666666666667,1.466666666666667,-1.47,-1.21,-1.08,-0.88,-0.59,-0.57
1989-02-01,-1.47,-0.96,-1.53,0.22,1.2,-1.97,-1.96,-2.05,-1.44,-1.61,-1.67,-1.72,-1.77,-1.73,-0.43,0.01,-0.41,1.5,1.2,1.7,-1.8000000000000007,-1.336666666666667,-1.6733333333333331,-0.06666666666666667,1.3000000000000005,-1.21,-1.08,-0.88,-0.59,-0.57,-0.53
1989-03-01,-1.21,-1.01,-1.16,-0.13,1.1,-1.47,-1.97,-1.96,-0.96,-1.44,-1.61,-1.53,-1.72,-1.77,0.22,-0.43,0.01,1.2,1.5,1.2,-1.5500000000000007,-1.1366666666666667,-1.47,-0.11333333333333333,1.2666666666666673,-1.08,-0.88,-0.59,-0.57,-0.53,-0.3
1989-04-01,-1.08,-0.86,-1.01,-0.07,1.6,-1.21,-1.47,-1.97,-1.01,-0.96,-1.44,-1.16,-1.53,-1.72,-0.13,0.22,-0.43,1.1,1.2,1.5,-1.253333333333334,-0.9433333333333335,-1.2333333333333334,0.006666666666666664,1.3000000000000005,-0.88,-0.59,-0.57,-0.53,-0.3,-0.4
1989-05-01,-0.88,-0.83,-0.79,-0.39,1.2,-1.08,-1.21,-1.47,-0.86,-1.01,-0.96,-1.01,-1.16,-1.53,-0.07,-0.13,0.22,1.6,1.1,1.2,-1.0566666666666673,-0.9,-0.9866666666666667,-0.19666666666666668,1.3000000000000007,-0.59,-0.57,-0.53,-0.3,-0.4,-0.45
1989-06-01,-0.59,-0.32,-0.92,-0.64,0.7,-0.88,-1.08,-1.21,-0.83,-0.86,-1.01,-0.79,-1.01,-1.16,-0.39,-0.07,-0.13,1.2,1.6,1.1,-0.8500000000000005,-0.67,-0.9066666666666667,-0.3666666666666667,1.1666666666666672,-0.57,-0.53,-0.3,-0.4,-0.45,-0.13
1989-07-01,-0.57,-0.45,-0.85,0.01,0.9,-0.59,-0.88,-1.08,-0.32,-0.83,-0.86,-0.92,-0.79,-1.01,-0.64,-0.39,-0.07,0.7,1.2,1.6,-0.6800000000000006,-0.5333333333333335,-0.8533333333333334,-0.34,0.9333333333333339,-0.53,-0.3,-0.4,-0.45,-0.13,0.01
1989-08-01,-0.53,-0.4,-0.77,-0.63,-0.3,-0.57,-0.59,-0.88,-0.45,-0.32,-0.83,-0.85,-0.92,-0.79,0.01,-0.64,-0.39,0.9,0.7,1.2,-0.5633333333333339,-0.3900000000000001,-0.8466666666666667,-0.42,0.43333333333333396,-0.3,-0.4,-0.45,-0.13,0.01,0.21
1989-09-01,-0.3,-0.3,-0.5,-0.5,0.5,-0.53,-0.57,-0.59,-0.4,-0.45,-0.32,-0.77,-0.85,-0.92,-0.63,0.01,-0.64,-0.3,0.9,0.7,-0.46666666666666723,-0.38333333333333347,-0.7066666666666667,-0.3733333333333333,0.3666666666666673,-0.4,-0.45,-0.13,0.01,0.21,0.04
1989-10-01,-0.4,-0.4,-0.45,-0.8,0.8,-0.3,-0.53,-0.57,-0.3,-0.4,-0.45,-0.5,-0.77,-0.85,-0.5,-0.63,0.01,0.5,-0.3,0.9,-0.4100000000000006,-0.36666666666666686,-0.5733333333333334,-0.6433333333333333,0.3333333333333339,-0.45,-0.13,0.01,0.21,0.04,0.08
1989-11-01,-0.45,-0.59,-0.54,-0.38,-0.2,-0.4,-0.3,-0.53,-0.4,-0.3,-0.4,-0.45,-0.5,-0.77,-0.8,-0.5,-0.63,0.8,0.5,-0.3,-0.3833333333333339,-0.43000000000000016,-0.49666666666666665,-0.5599999999999999,0.3666666666666673,-0.13,0.01,0.21,0.04,0.08,0.08
1989-12-01,-0.13,-0.38,-0.12,-0.32,-0.5,-0.45,-0.4,-0.3,-0.59,-0.4,-0.3,-0.54,-0.45,-0.5,-0.38,-0.8,-0.5,-0.2,0.8,0.5,-0.32666666666666727,-0.4566666666666668,-0.36999999999999994,-0.49999999999999994,0.03333333333333397,0.01,0.21,0.04,0.08,0.08,-0.08
1990-01-01,0.01,-0.29,0.16,0.44,-0.1,-0.13,-0.45,-0.4,-0.38,-0.59,-0.4,-0.12,-0.54,-0.45,-0.32,-0.38,-0.8,-0.5,-0.2,0.8,-0.1900000000000006,-0.42000000000000015,-0.16666666666666666,-0.08666666666666663,-0.26666666666666605,0.21,0.04,0.08,0.08,-0.08,0.09
1990-02-01,0.21,0.01,0.38,-0.09,-1.8,0.01,-0.13,-0.45,-0.29,-0.38,-0.59,0.16,-0.12,-0.54,0.44,-0.32,-0.38,-0.1,-0.5,-0.2,0.029999999999999406,-0.2200000000000001,0.14,0.010000000000000037,-0.7999999999999994,0.04,0.08,0.08,-0.08,0.09,0.22
1990-03-01,0.04,-0.28,0.31,0.01,-0.4,0.21,0.01,-0.13,0.01,-0.29,-0.38,0.38,0.16,-0.12,-0.09,0.44,-0.32,-1.8,-0.1,-0.5,0.08666666666666607,-0.18666666666666676,0.2833333333333334,0.12000000000000004,-0.766666666666666,0.08,0.08,-0.08,0.09,0.22,0.22
1990-04-01,0.08,-0.1,0.12,-0.22,0.2,0.04,0.21,0.01,-0.28,0.01,-0.29,0.31,0.38,0.16,0.01,-0.09,0.44,-0.4,-1.8,-0.1,0.10999999999999939,-0.12333333333333345,0.27,-0.09999999999999994,-0.666666666666666,0.08,-0.08,0.09,0.22,0.22,0.21
1990-05-01,0.08,0.16,-0.06,-0.63,1.2,0.08,0.04,0.21,-0.1,-0.28,0.01,0.12,0.31,0.38,-0.22,0.01,-0.09,0.2,-0.4,-1.8,0.06666666666666608,-0.07333333333333346,0.12333333333333334,-0.27999999999999997,0.3333333333333339,-0.08,0.09,0.22,0.22,0.21,0.1
1990-06-01,-0.08,-0.04,-0.05,-0.46,0.3,0.08,0.08,0.04,0.16,-0.1,-0.28,-0.06,0.12,0.31,-0.63,-0.22,0.01,1.2,0.2,-0.4,0.02666666666666607,0.006666666666666554,0.003333333333333332,-0.4366666666666666,0.5666666666666672,0.09,0.22,0.22,0.21,0.1,0.35
1990-07-01,0.09,0.01,0.02,0.05,0.5,-0.08,0.08,0.08,-0.04,0.16,-0.1,-0.05,-0.06,0.12,-0.46,-0.63,-0.22,0.3,1.2,0.2,0.029999999999999406,0.043333333333333224,-0.03,-0.3466666666666666,0.6666666666666673,0.22,0.22,0.21,0.1,0.35,0.49
1990-08-01,0.22,0.11,0.13,-0.36,-0.2,0.09,-0.08,0.08,0.01,-0.04,0.16,0.02,-0.05,-0.06,0.05,-0.46,-0.63,0.5,0.3,1.2,0.07666666666666606,0.02666666666666655,0.03333333333333333,-0.25666666666666665,0.2000000000000006,0.22,0.21,0.1,0.35,0.49,0.32
1990-09-01,0.22,0.12,0.22,-0.5,-0.7,0.22,0.09,-0.08,0.11,0.01,-0.04,0.13,0.02,-0.05,-0.36,0.05,-0.46,-0.2,0.5,0.3,0.17666666666666608,0.07999999999999989,0.12333333333333334,-0.26999999999999996,-0.13333333333333272,0.21,0.1,0.35,0.49,0.32,0.03
1990-10-01,0.21,-0.14,0.39,-1.14,0.3,0.22,0.22,0.09,0.12,0.11,0.01,0.22,0.13,0.02,-0.5,-0.36,0.05,-0.7,-0.2,0.5,0.2166666666666661,0.029999999999999877,0.24666666666666667,-0.6666666666666666,-0.19999999999999937,0.1,0.35,0.49,0.32,0.03,0.19
1990-11-01,0.1,-0.2,0.5,-0.69,-0.5,0.21,0.22,0.22,-0.14,0.12,0.11,0.39,0.22,0.13,-1.14,-0.5,-0.36,0.3,-0.7,-0.2,0.17666666666666608,-0.07333333333333346,0.36999999999999994,-0.7766666666666665,-0.2999999999999994,0.35,0.49,0.32,0.03,0.19,0.26
1990-12-01,0.35,-0.08,0.65,-0.35,-0.2,0.1,0.21,0.22,-0.2,-0.14,0.12,0.5,0.39,0.22,-0.69,-1.14,-0.5,-0.5,0.3,-0.7,0.21999999999999942,-0.14000000000000012,0.5133333333333333,-0.7266666666666666,-0.13333333333333272,0.49,0.32,0.03,0.19,0.26,0.52
1991-01-01,0.49,0.13,0.58,0.07,0.6,0.35,0.1,0.21,-0.08,-0.2,-0.14,0.65,0.5,0.39,-0.35,-0.69,-1.14,-0.2,-0.5,0.3,0.31333333333333274,-0.05000000000000012,0.5766666666666667,-0.32333333333333325,-0.033333333333332736,0.32,0.03,0.19,0.26,0.52,0.76
1991-02-01,0.32,0.0,0.54,0.09,0.3,0.49,0.35,0.1,0.13,-0.08,-0.2,0.58,0.65,0.5,0.07,-0.35,-0.69,0.6,-0.2,-0.5,0.3866666666666661,0.016666666666666552,0.59,-0.06333333333333326,0.23333333333333392,0.03,0.19,0.26,0.52,0.76,0.68
1991-03-01,0.03,-0.16,0.34,-0.06,-0.7,0.32,0.49,0.35,0.0,0.13,-0.08,0.54,0.58,0.65,0.09,0.07,-0.35,0.3,0.6,-0.2,0.2799999999999994,-0.010000000000000111,0.48666666666666664,0.03333333333333341,0.06666666666666725,0.19,0.26,0.52,0.76,0.68,0.42
1991-04-01,0.19,-0.05,0.34,0.76,-0.6,0.03,0.32,0.49,-0.16,0.0,0.13,0.34,0.54,0.58,-0.06,0.09,0.07,-0.7,0.3,0.6,0.1799999999999994,-0.07000000000000012,0.40666666666666673,0.2633333333333334,-0.3333333333333327,0.26,0.52,0.76,0.68,0.42,0.86
1991-05-01,0.26,0.24,0.46,0.9,-1.0,0.19,0.03,0.32,-0.05,-0.16,0.0,0.34,0.34,0.54,0.76,-0.06,0.09,-0.6,-0.7,0.3,0.15999999999999942,0.009999999999999879,0.38000000000000006,0.5333333333333334,-0.766666666666666,0.52,0.76,0.68,0.42,0.86,1.2
1991-06-01,0.52,0.68,0.38,0.49,-0.1,0.26,0.19,0.03,0.24,-0.05,-0.16,0.46,0.34,0.34,0.9,0.76,-0.06,-1.0,-0.6,-0.7,0.32333333333333275,0.28999999999999987,0.3933333333333333,0.7166666666666668,-0.5666666666666661,0.76,0.68,0.42,0.86,1.2,1.69
1991-07-01,0.76,0.83,0.45,0.32,0.0,0.52,0.26,0.19,0.68,0.24,-0.05,0.38,0.46,0.34,0.49,0.9,0.76,-0.1,-1.0,-0.6,0.5133333333333328,0.5833333333333331,0.43,0.5700000000000001,-0.3666666666666661,0.68,0.42,0.86,1.2,1.69,1.84
1991-08-01,0.68,0.51,0.47,-0.09,-0.4,0.76,0.52,0.26,0.83,0.68,0.24,0.45,0.38,0.46,0.32,0.49,0.9,0.0,-0.1,-1.0,0.6533333333333328,0.6733333333333332,0.43333333333333335,0.24000000000000007,-0.16666666666666607,0.42,0.86,1.2,1.69,1.84,1.78
1991-09-01,0.42,0.36,0.33,0.26,-1.5,0.68,0.76,0.52,0.51,0.83,0.68,0.47,0.45,0.38,-0.09,0.32,0.49,-0.4,0.0,-0.1,0.6199999999999994,0.5666666666666665,0.4166666666666667,0.1633333333333334,-0.6333333333333327,0.86,1.2,1.69,1.84,1.78,1.38
1991-10-01,0.86,0.61,0.7,0.18,-1.0,0.42,0.68,0.76,0.36,0.51,0.83,0.33,0.47,0.45,0.26,-0.09,0.32,-1.5,-0.4,0.0,0.6533333333333328,0.4933333333333332,0.5,0.11666666666666674,-0.966666666666666,1.2,1.69,1.84,1.78,1.38,1.2
1991-11-01,1.2,0.95,0.69,0.28,-0.7,0.86,0.42,0.68,0.61,0.36,0.51,0.7,0.33,0.47,0.18,0.26,-0.09,-1.0,-1.5,-0.4,0.8266666666666659,0.6399999999999998,0.5733333333333334,0.24000000000000007,-1.0666666666666662,1.69,1.84,1.78,1.38,1.2,1.04
1991-12-01,1.69,1.25,0.81,0.3,-1.8,1.2,0.86,0.42,0.95,0.61,0.36,0.69,0.7,0.33,0.28,0.18,0.26,-0.7,-1.0,-1.5,1.2499999999999993,0.9366666666666665,0.7333333333333334,0.2533333333333334,-1.166666666666666,1.84,1.78,1.38,1.2,1.04,0.58
1992-01-01,1.84,1.37,0.62,-0.43,-2.9,1.69,1.2,0.86,1.25,0.95,0.61,0.81,0.69,0.7,0.3,0.28,0.18,-1.8,-0.7,-1.0,1.5766666666666662,1.1899999999999997,0.7066666666666667,0.05000000000000008,-1.7999999999999996,1.78,1.38,1.2,1.04,0.58,0.22
1992-02-01,1.78,1.27,0.89,-0.69,-0.9,1.84,1.69,1.2,1.37,1.25,0.95,0.62,0.81,0.69,-0.43,0.3,0.28,-2.9,-1.8,-0.7,1.7699999999999994,1.2966666666666666,0.7733333333333334,-0.27333333333333326,-1.866666666666666,1.38,1.2,1.04,0.58,0.22,0.05
1992-03-01,1.38,1.05,0.64,-0.61,-2.0,1.78,1.84,1.69,1.27,1.37,1.25,0.89,0.62,0.81,-0.69,-0.43,0.3,-0.9,-2.9,-1.8,1.666666666666666,1.2299999999999998,0.7166666666666667,-0.5766666666666667,-1.9333333333333327,1.2,1.04,0.58,0.22,0.05,-0.06
1992-04-01,1.2,1.17,0.46,-0.29,-1.0,1.38,1.78,1.84,1.05,1.27,1.37,0.64,0.89,0.62,-0.61,-0.69,-0.43,-2.0,-0.9,-2.9,1.4533333333333325,1.163333333333333,0.6633333333333333,-0.5299999999999999,-1.2999999999999994,1.04,0.58,0.22,0.05,-0.06,-0.3
1992-05-01,1.04,1.19,0.31,-0.38,0.3,1.2,1.38,1.78,1.17,1.05,1.27,0.46,0.64,0.89,-0.29,-0.61,-0.69,-1.0,-2.0,-0.9,1.2066666666666659,1.1366666666666665,0.47000000000000003,-0.4266666666666666,-0.8999999999999995,0.58,0.22,0.05,-0.06,-0.3,-0.28
1992-06-01,0.58,0.55,0.27,-0.85,-0.6,1.04,1.2,1.38,1.19,1.17,1.05,0.31,0.46,0.64,-0.38,-0.29,-0.61,0.3,-1.0,-2.0,0.9399999999999995,0.9699999999999999,0.3466666666666667,-0.5066666666666667,-0.43333333333333274,0.22,0.05,-0.06,-0.3,-0.28,-0.15
1992-07-01,0.22,-0.06,0.31,-0.56,-0.6,0.58,1.04,1.2,0.55,1.19,1.17,0.27,0.31,0.46,-0.85,-0.38,-0.29,-0.6,0.3,-1.0,0.6133333333333327,0.5599999999999998,0.2966666666666667,-0.5966666666666667,-0.29999999999999943,0.05,-0.06,-0.3,-0.28,-0.15,0.14
1992-08-01,0.05,-0.08,0.14,-1.02,0.4,0.22,0.58,1.04,-0.06,0.55,1.19,0.31,0.27,0.31,-0.56,-0.85,-0.38,-0.6,-0.6,0.3,0.2833333333333327,0.13666666666666652,0.24,-0.81,-0.26666666666666605,-0.06,-0.3,-0.28,-0.15,0.14,0.41
1992-09-01,-0.06,-0.07,0.1,-0.72,0.1,0.05,0.22,0.58,-0.08,-0.06,0.55,0.14,0.31,0.27,-1.02,-0.56,-0.85,0.4,-0.6,-0.6,0.06999999999999941,-0.07000000000000016,0.18333333333333335,-0.7666666666666666,-0.033333333333332764,-0.3,-0.28,-0.15,0.14,0.41,0.39
1992-10-01,-0.3,-0.34,-0.0,-0.61,-1.4,-0.06,0.05,0.22,-0.07,-0.08,-0.06,0.1,0.14,0.31,-0.72,-1.02,-0.56,0.1,0.4,-0.6,-0.1033333333333339,-0.1633333333333335,0.08,-0.7833333333333333,-0.29999999999999943,-0.28,-0.15,0.14,0.41,0.39,0.59
1992-11-01,-0.28,-0.46,-0.01,-0.15,-0.7,-0.3,-0.06,0.05,-0.34,-0.07,-0.08,-0.0,0.1,0.14,-0.61,-0.72,-1.02,-1.4,0.1,0.4,-0.21333333333333393,-0.2900000000000002,0.030000000000000002,-0.49333333333333335,-0.6666666666666661,-0.15,0.14,0.41,0.39,0.59,0.78
1992-12-01,-0.15,-0.36,0.07,-0.29,-0.6,-0.28,-0.3,-0.06,-0.46,-0.34,-0.07,-0.01,-0.0,0.1,-0.15,-0.61,-0.72,-0.7,-1.4,0.1,-0.24333333333333396,-0.3866666666666669,0.020000000000000004,-0.3499999999999999,-0.8999999999999995,0.14,0.41,0.39,0.59,0.78,0.35
1993-01-01,0.14,-0.11,0.22,-0.02,-0.9,-0.15,-0.28,-0.3,-0.36,-0.46,-0.34,0.07,-0.01,-0.0,-0.29,-0.15,-0.61,-0.6,-0.7,-1.4,-0.09666666666666728,-0.31000000000000016,0.09333333333333334,-0.15333333333333332,-0.7333333333333328,0.41,0.39,0.59,0.78,0.35,0.23
1993-02-01,0.41,0.39,0.1,-0.07,-0.7,0.14,-0.15,-0.28,-0.11,-0.36,-0.46,0.22,0.07,-0.01,-0.02,-0.29,-0.15,-0.9,-0.6,-0.7,0.13333333333333275,-0.0266666666666668,0.13,-0.12666666666666665,-0.7333333333333328,0.39,0.59,0.78,0.35,0.23,0.13
1993-03-01,0.39,0.4,0.05,-0.4,-0.5,0.41,0.14,-0.15,0.39,-0.11,-0.36,0.1,0.22,0.07,-0.07,-0.02,-0.29,-0.7,-0.9,-0.6,0.31333333333333274,0.22666666666666654,0.12333333333333334,-0.16333333333333336,-0.6999999999999994,0.59,0.78,0.35,0.23,0.13,0.35
1993-04-01,0.59,0.84,0.04,-0.18,-1.2,0.39,0.41,0.14,0.4,0.39,-0.11,0.05,0.1,0.22,-0.4,-0.07,-0.02,-0.5,-0.7,-0.9,0.46333333333333276,0.5433333333333331,0.06333333333333332,-0.21666666666666667,-0.7999999999999995,0.78,0.35,0.23,0.13,0.35,0.06
1993-05-01,0.78,1.07,0.07,0.22,-0.3,0.59,0.39,0.41,0.84,0.4,0.39,0.04,0.05,0.1,-0.18,-0.4,-0.07,-1.2,-0.5,-0.7,0.5866666666666661,0.7699999999999999,0.05333333333333332,-0.12000000000000004,-0.6666666666666662,0.35,0.23,0.13,0.35,0.06,0.0
1993-06-01,0.35,0.44,0.04,0.19,-0.8,0.78,0.59,0.39,1.07,0.84,0.4,0.07,0.04,0.05,0.22,-0.18,-0.4,-0.3,-1.2,-0.5,0.5733333333333328,0.7833333333333332,0.04999999999999999,0.07666666666666667,-0.7666666666666662,0.23,0.13,0.35,0.06,0.0,0.16
1993-07-01,0.23,0.24,0.07,0.47,-0.8,0.35,0.78,0.59,0.44,1.07,0.84,0.04,0.07,0.04,0.19,0.22,-0.18,-0.8,-0.3,-1.2,0.45333333333333276,0.5833333333333333,0.05999999999999999,0.29333333333333333,-0.6333333333333329,0.13,0.35,0.06,0.0,0.16,0.1
1993-08-01,0.13,0.24,0.13,-0.15,-0.9,0.23,0.35,0.78,0.24,0.44,1.07,0.07,0.04,0.07,0.47,0.19,0.22,-0.8,-0.8,-0.3,0.23666666666666605,0.3066666666666665,0.07999999999999999,0.16999999999999996,-0.8333333333333329,0.35,0.06,0.0,0.16,0.1,0.06
1993-09-01,0.35,0.32,0.3,-0.38,-0.7,0.13,0.23,0.35,0.24,0.24,0.44,0.13,0.07,0.04,-0.15,0.47,0.19,-0.9,-0.8,-0.8,0.23666666666666605,0.26666666666666655,0.16666666666666666,-0.020000000000000018,-0.7999999999999995,0.06,0.0,0.16,0.1,0.06,0.11
1993-10-01,0.06,0.13,0.02,-0.31,-1.1,0.35,0.13,0.23,0.32,0.24,0.24,0.3,0.13,0.07,-0.38,-0.15,0.47,-0.7,-0.9,-0.8,0.1799999999999994,0.22999999999999984,0.15,-0.28,-0.8999999999999995,0.0,0.16,0.1,0.06,0.11,0.26
1993-11-01,0.0,-0.01,0.09,-0.22,-0.1,0.06,0.35,0.13,0.13,0.32,0.24,0.02,0.3,0.13,-0.31,-0.38,-0.15,-1.1,-0.7,-0.9,0.13666666666666608,0.14666666666666653,0.13666666666666663,-0.30333333333333334,-0.633333333333333,0.16,0.1,0.06,0.11,0.26,0.31
1993-12-01,0.16,0.09,0.18,-0.19,0.2,0.0,0.06,0.35,-0.01,0.13,0.32,0.09,0.02,0.3,-0.22,-0.31,-0.38,-0.1,-1.1,-0.7,0.07333333333333274,0.06999999999999985,0.09666666666666664,-0.24,-0.3333333333333329,0.1,0.06,0.11,0.26,0.31,0.32
1994-01-01,0.1,0.2,0.11,0.2,-0.1,0.16,0.0,0.06,0.09,-0.01,0.13,0.18,0.09,0.02,-0.19,-0.22,-0.31,0.2,-0.1,-1.1,0.08666666666666607,0.0933333333333332,0.12666666666666662,-0.06999999999999999,4.440892098500626e-16,0.06,0.11,0.26,0.31,0.32,0.24
1994-02-01,0.06,-0.08,-0.06,-0.05,0.3,0.1,0.16,0.0,0.2,0.09,-0.01,0.11,0.18,0.09,0.2,-0.19,-0.22,-0.1,0.2,-0.1,0.10666666666666608,0.06999999999999985,0.07666666666666665,-0.01333333333333333,0.13333333333333378,0.11,0.26,0.31,0.32,0.24,0.53
1994-03-01,0.11,-0.35,0.05,-0.23,-0.7,0.06,0.1,0.16,-0.08,0.2,0.09,-0.06,0.11,0.18,-0.05,0.2,-0.19,0.3,-0.1,0.2,0.08999999999999941,-0.07666666666666681,0.03333333333333332,-0.02666666666666666,-0.1666666666666662,0.26,0.31,0.32,0.24,0.53,0.48
1994-04-01,0.26,-0.38,0.11,0.28,-1.3,0.11,0.06,0.1,-0.35,-0.08,0.2,0.05,-0.06,0.11,-0.23,-0.05,0.2,-0.7,0.3,-0.1,0.14333333333333276,-0.2700000000000002,0.03333333333333332,0.0,-0.5666666666666662,0.31,0.32,0.24,0.53,0.48,0.75
1994-05-01,0.31,-0.1,0.23,0.74,-0.7,0.26,0.11,0.06,-0.38,-0.35,-0.08,0.11,0.05,-0.06,0.28,-0.23,-0.05,-1.3,-0.7,0.3,0.2266666666666661,-0.27666666666666684,0.12999999999999998,0.26333333333333336,-0.8999999999999995,0.32,0.24,0.53,0.48,0.75,1.11
1994-06-01,0.32,-0.06,0.26,0.43,-0.4,0.31,0.26,0.11,-0.1,-0.38,-0.35,0.23,0.11,0.05,0.74,0.28,-0.23,-0.7,-1.3,-0.7,0.29666666666666613,-0.18000000000000016,0.19999999999999998,0.48333333333333334,-0.7999999999999995,0.24,0.53,0.48,0.75,1.11,1.25
1994-07-01,0.24,-0.28,0.5,0.72,-1.3,0.32,0.31,0.26,-0.06,-0.1,-0.38,0.26,0.23,0.11,0.43,0.74,0.28,-0.4,-0.7,-1.3,0.2899999999999994,-0.14666666666666683,0.33,0.63,-0.7999999999999995,0.53,0.48,0.75,1.11,1.25,1.02
1994-08-01,0.53,-0.26,0.71,1.13,-1.2,0.24,0.32,0.31,-0.28,-0.06,-0.1,0.5,0.26,0.23,0.72,0.43,0.74,-1.3,-0.4,-0.7,0.3633333333333328,-0.20000000000000018,0.49,0.7599999999999999,-0.9666666666666662,0.48,0.75,1.11,1.25,1.02,0.73
1994-09-01,0.48,-0.05,0.54,0.97,-1.6,0.53,0.24,0.32,-0.26,-0.28,-0.06,0.71,0.5,0.26,1.13,0.72,0.43,-1.2,-1.3,-0.4,0.4166666666666661,-0.19666666666666685,0.5833333333333334,0.94,-1.3666666666666663,0.75,1.11,1.25,1.02,0.73,0.46
1994-10-01,0.75,0.52,0.69,1.43,-1.1,0.48,0.53,0.24,-0.05,-0.26,-0.28,0.54,0.71,0.5,0.97,1.13,0.72,-1.6,-1.2,-1.3,0.5866666666666661,0.06999999999999984,0.6466666666666666,1.1766666666666665,-1.2999999999999996,1.11,1.25,1.02,0.73,0.46,0.28
1994-11-01,1.11,0.89,0.75,0.19,-0.6,0.75,0.48,0.53,0.52,-0.05,-0.26,0.69,0.54,0.71,1.43,0.97,1.13,-1.1,-1.6,-1.2,0.7799999999999994,0.45333333333333314,0.66,0.8633333333333333,-1.0999999999999994,1.25,1.02,0.73,0.46,0.28,-0.11
1994-12-01,1.25,0.82,0.92,0.03,-1.2,1.11,0.75,0.48,0.89,0.52,-0.05,0.75,0.69,0.54,0.19,1.43,0.97,-0.6,-1.1,-1.6,1.0366666666666662,0.7433333333333332,0.7866666666666666,0.5499999999999999,-0.9666666666666662,1.02,0.73,0.46,0.28,-0.11,-0.14
1995-01-01,1.02,0.77,0.72,-0.01,-0.4,1.25,1.11,0.75,0.82,0.89,0.52,0.92,0.75,0.69,0.03,0.19,1.43,-1.2,-0.6,-1.1,1.126666666666666,0.8266666666666665,0.7966666666666667,0.06999999999999999,-0.733333333333333,0.73,0.46,0.28,-0.11,-0.14,-0.21
1995-02-01,0.73,0.45,0.71,0.53,-0.1,1.02,1.25,1.11,0.77,0.82,0.89,0.72,0.92,0.75,-0.01,0.03,0.19,-0.4,-1.2,-0.6,0.9999999999999994,0.6799999999999998,0.7833333333333333,0.18333333333333335,-0.5666666666666662,0.46,0.28,-0.11,-0.14,-0.21,-0.63
1995-03-01,0.46,-0.03,0.71,0.3,0.8,0.73,1.02,1.25,0.45,0.77,0.82,0.71,0.72,0.92,0.53,-0.01,0.03,-0.1,-0.4,-1.2,0.736666666666666,0.3966666666666665,0.7133333333333334,0.2733333333333334,0.10000000000000038,0.28,-0.11,-0.14,-0.21,-0.63,-0.84
1995-04-01,0.28,-0.4,0.52,0.31,-0.7,0.46,0.73,1.02,-0.03,0.45,0.77,0.71,0.71,0.72,0.3,0.53,-0.01,0.8,-0.1,-0.4,0.4899999999999994,0.006666666666666525,0.6466666666666666,0.38000000000000006,4.070817756958907e-16,-0.11,-0.14,-0.21,-0.63,-0.84,-0.88
1995-05-01,-0.11,-0.72,0.39,-0.02,-0.4,0.28,0.46,0.73,-0.4,-0.03,0.45,0.52,0.71,0.71,0.31,0.3,0.53,-0.7,0.8,-0.1,0.2099999999999994,-0.38333333333333347,0.5399999999999999,0.19666666666666666,-0.0999999999999996,-0.14,-0.21,-0.63,-0.84,-0.88,-1.1
1995-06-01,-0.14,-0.55,0.21,-0.07,0.1,-0.11,0.28,0.46,-0.72,-0.4,-0.03,0.39,0.52,0.71,-0.02,0.31,0.3,-0.4,-0.7,0.8,0.009999999999999417,-0.5566666666666668,0.37333333333333335,0.07333333333333332,-0.3333333333333329,-0.21,-0.63,-0.84,-0.88,-1.1,-0.95
1995-07-01,-0.21,-0.44,0.03,-0.57,0.4,-0.14,-0.11,0.28,-0.55,-0.72,-0.4,0.21,0.39,0.52,-0.07,-0.02,0.31,0.1,-0.4,-0.7,-0.1533333333333339,-0.5700000000000002,0.21,-0.21999999999999997,0.033333333333333694,-0.63,-0.84,-0.88,-1.1,-0.95,-0.86
1995-08-01,-0.63,-0.9,-0.14,-0.59,0.3,-0.21,-0.14,-0.11,-0.44,-0.55,-0.72,0.03,0.21,0.39,-0.57,-0.07,-0.02,0.4,0.1,-0.4,-0.32666666666666727,-0.6300000000000002,0.033333333333333326,-0.41,0.26666666666666705,-0.84,-0.88,-1.1,-0.95,-0.86,-0.86
1995-09-01,-0.84,-1.04,-0.35,-0.29,0.3,-0.63,-0.21,-0.14,-0.9,-0.44,-0.55,-0.14,0.03,0.21,-0.59,-0.57,-0.07,0.3,0.4,0.1,-0.5600000000000006,-0.7933333333333336,-0.15333333333333332,-0.48333333333333334,0.3333333333333337,-0.88,-1.1,-0.95,-0.86,-0.86,-0.61
1995-10-01,-0.88,-1.0,-0.45,-0.44,0.0,-0.84,-0.63,-0.21,-1.04,-0.9,-0.44,-0.35,-0.14,0.03,-0.29,-0.59,-0.57,0.3,0.3,0.4,-0.783333333333334,-0.9800000000000001,-0.3133333333333333,-0.44,0.20000000000000037,-1.1,-0.95,-0.86,-0.86,-0.61,-0.47
1995-11-01,-1.1,-1.07,-0.59,-0.71,0.0,-0.88,-0.84,-0.63,-1.0,-1.04,-0.9,-0.45,-0.35,-0.14,-0.44,-0.29,-0.59,0.0,0.3,0.3,-0.9400000000000007,-1.0366666666666668,-0.4633333333333334,-0.48,0.10000000000000037,-0.95,-0.86,-0.86,-0.61,-0.47,-0.38
1995-12-01,-0.95,-0.98,-0.5,0.02,-0.5,-1.1,-0.88,-0.84,-1.07,-1.0,-1.04,-0.59,-0.45,-0.35,-0.71,-0.44,-0.29,0.0,0.0,0.3,-0.9766666666666673,-1.0166666666666668,-0.5133333333333333,-0.3766666666666667,-0.1666666666666663,-0.86,-0.86,-0.61,-0.47,-0.38,-0.44
1996-01-01,-0.86,-0.81,-0.47,0.36,1.0,-0.95,-1.1,-0.88,-0.98,-1.07,-1.0,-0.5,-0.59,-0.45,0.02,-0.71,-0.44,-0.5,0.0,0.0,-0.9700000000000006,-0.9533333333333336,-0.52,-0.11000000000000003,0.16666666666666705,-0.86,-0.61,-0.47,-0.38,-0.44,-0.44
1996-02-01,-0.86,-0.67,-0.52,0.2,0.3,-0.86,-0.95,-1.1,-0.81,-0.98,-1.07,-0.47,-0.5,-0.59,0.36,0.02,-0.71,1.0,-0.5,0.0,-0.8900000000000006,-0.8200000000000002,-0.49666666666666676,0.19333333333333327,0.26666666666666705,-0.61,-0.47,-0.38,-0.44,-0.44,-0.22
1996-03-01,-0.61,-0.53,-0.4,-0.24,1.1,-0.86,-0.86,-0.95,-0.67,-0.81,-0.98,-0.52,-0.47,-0.5,0.2,0.36,0.02,0.3,1.0,-0.5,-0.7766666666666673,-0.6700000000000003,-0.4633333333333334,0.10666666666666663,0.8000000000000004,-0.47,-0.38,-0.44,-0.44,-0.22,-0.45
1996-04-01,-0.47,-0.83,-0.46,-0.88,0.8,-0.61,-0.86,-0.86,-0.53,-0.67,-0.81,-0.4,-0.52,-0.47,-0.24,0.2,0.36,1.1,0.3,1.0,-0.6466666666666674,-0.6766666666666667,-0.46,-0.3066666666666667,0.7333333333333337,-0.38,-0.44,-0.44,-0.22,-0.45,-0.44
1996-05-01,-0.38,-0.74,-0.45,-0.46,0.3,-0.47,-0.61,-0.86,-0.83,-0.53,-0.67,-0.46,-0.4,-0.52,-0.88,-0.24,0.2,0.8,1.1,0.3,-0.4866666666666673,-0.7000000000000002,-0.4366666666666667,-0.5266666666666667,0.7333333333333337,-0.44,-0.44,-0.22,-0.45,-0.44,-0.41
1996-06-01,-0.44,-0.76,-0.48,-0.75,1.2,-0.38,-0.47,-0.61,-0.74,-0.83,-0.53,-0.45,-0.46,-0.4,-0.46,-0.88,-0.24,0.3,0.8,1.1,-0.43000000000000066,-0.7766666666666667,-0.4633333333333334,-0.6966666666666667,0.766666666666667,-0.44,-0.22,-0.45,-0.44,-0.41,-0.64
1996-07-01,-0.44,-0.64,-0.45,-0.56,0.7,-0.44,-0.38,-0.47,-0.76,-0.74,-0.83,-0.48,-0.45,-0.46,-0.75,-0.46,-0.88,1.2,0.3,0.8,-0.42000000000000065,-0.7133333333333335,-0.46,-0.5900000000000001,0.7333333333333337,-0.22,-0.45,-0.44,-0.41,-0.64,-0.53
1996-08-01,-0.22,-0.42,-0.32,-0.96,0.7,-0.44,-0.44,-0.38,-0.64,-0.76,-0.74,-0.45,-0.48,-0.45,-0.56,-0.75,-0.46,0.7,1.2,0.3,-0.36666666666666736,-0.6066666666666668,-0.4166666666666667,-0.7566666666666668,0.866666666666667,-0.45,-0.44,-0.41,-0.64,-0.53,-0.37
1996-09-01,-0.45,-0.5,-0.37,-0.82,0.6,-0.22,-0.44,-0.44,-0.42,-0.64,-0.76,-0.32,-0.45,-0.48,-0.96,-0.56,-0.75,0.7,0.7,1.2,-0.3700000000000007,-0.5200000000000001,-0.38000000000000006,-0.7800000000000001,0.666666666666667,-0.44,-0.41,-0.64,-0.53,-0.37,-0.25
1996-10-01,-0.44,-0.59,-0.31,-1.09,0.6,-0.45,-0.22,-0.44,-0.5,-0.42,-0.64,-0.37,-0.32,-0.45,-0.82,-0.96,-0.56,0.6,0.7,0.7,-0.3700000000000007,-0.5033333333333334,-0.3333333333333334,-0.9566666666666667,0.6333333333333336,-0.41,-0.64,-0.53,-0.37,-0.25,0.16
1996-11-01,-0.41,-0.66,-0.23,-0.75,-0.1,-0.44,-0.45,-0.22,-0.59,-0.5,-0.42,-0.31,-0.37,-0.32,-1.09,-0.82,-0.96,0.6,0.6,0.7,-0.433333333333334,-0.5833333333333335,-0.3033333333333334,-0.8866666666666667,0.366666666666667,-0.64,-0.53,-0.37,-0.25,0.16,0.64
1996-12-01,-0.64,-1.01,-0.19,-0.3,0.9,-0.41,-0.44,-0.45,-0.66,-0.59,-0.5,-0.23,-0.31,-0.37,-0.75,-1.09,-0.82,-0.1,0.6,0.6,-0.4966666666666673,-0.7533333333333335,-0.24333333333333337,-0.7133333333333334,0.46666666666666706,-0.53,-0.37,-0.25,0.16,0.64,1.09
1997-01-01,-0.53,-0.89,0.01,-0.01,0.5,-0.64,-0.41,-0.44,-1.01,-0.66,-0.59,-0.19,-0.23,-0.31,-0.3,-0.75,-1.09,0.9,-0.1,0.6,-0.5266666666666674,-0.8533333333333335,-0.13666666666666671,-0.35333333333333333,0.43333333333333374,-0.37,-0.25,0.16,0.64,1.09,1.56
1997-02-01,-0.37,-0.68,0.19,0.32,1.7,-0.53,-0.64,-0.41,-0.89,-1.01,-0.66,0.01,-0.19,-0.23,-0.01,-0.3,-0.75,0.5,0.9,-0.1,-0.5133333333333341,-0.8600000000000002,0.0033333333333332993,0.003333333333333336,1.0333333333333339,-0.25,0.16,0.64,1.09,1.56,1.89
1997-03-01,-0.25,-0.35,0.24,0.1,-0.4,-0.37,-0.53,-0.64,-0.68,-0.89,-1.01,0.19,0.01,-0.19,0.32,-0.01,-0.3,1.7,0.5,0.9,-0.383333333333334,-0.6400000000000001,0.14666666666666664,0.1366666666666667,0.6000000000000002,0.16,0.64,1.09,1.56,1.89,2.13
1997-04-01,0.16,-0.12,0.59,0.08,-0.6,-0.25,-0.37,-0.53,-0.35,-0.68,-0.89,0.24,0.19,0.01,0.1,0.32,-0.01,-0.4,1.7,0.5,-0.153333333333334,-0.38333333333333347,0.3399999999999999,0.16666666666666666,0.2333333333333337,0.64,1.09,1.56,1.89,2.13,2.36
1997-05-01,0.64,0.65,0.53,-0.04,-1.3,0.16,-0.25,-0.37,-0.12,-0.35,-0.68,0.59,0.24,0.19,0.08,0.1,0.32,-0.6,-0.4,1.7,0.18333333333333268,0.059999999999999866,0.4533333333333333,0.04666666666666667,-0.7666666666666663,1.09,1.56,1.89,2.13,2.36,2.41
1997-06-01,1.09,1.51,0.26,0.14,-1.4,0.64,0.16,-0.25,0.65,-0.12,-0.35,0.53,0.59,0.24,-0.04,0.08,0.1,-1.3,-0.6,-0.4,0.6299999999999993,0.6799999999999998,0.45999999999999996,0.060000000000000005,-1.0999999999999996,1.56,1.89,2.13,2.36,2.41,2.29
1997-07-01,1.56,2.09,0.47,0.54,-0.8,1.09,0.64,0.16,1.51,0.65,-0.12,0.26,0.53,0.59,0.14,-0.04,0.08,-1.4,-1.3,-0.6,1.096666666666666,1.4166666666666667,0.41999999999999993,0.21333333333333335,-1.1666666666666663,1.89,2.13,2.36,2.41,2.29,2.38
1997-08-01,1.89,2.59,0.5,0.35,-1.4,1.56,1.09,0.64,2.09,1.51,0.65,0.47,0.26,0.53,0.54,0.14,-0.04,-0.8,-1.4,-1.3,1.5133333333333328,2.063333333333333,0.41,0.3433333333333333,-1.1999999999999995,2.13,2.36,2.41,2.29,2.38,2.03
1997-09-01,2.13,2.84,0.68,0.74,-1.4,1.89,1.56,1.09,2.59,2.09,1.51,0.5,0.47,0.26,0.35,0.54,0.14,-1.4,-0.8,-1.4,1.8599999999999994,2.5066666666666664,0.5499999999999999,0.5433333333333333,-1.1999999999999995,2.36,2.41,2.29,2.38,2.03,1.34
1997-10-01,2.36,3.08,0.58,0.99,-1.5,2.13,1.89,1.56,2.84,2.59,2.09,0.68,0.5,0.47,0.74,0.35,0.54,-1.4,-1.4,-0.8,2.1266666666666656,2.8366666666666664,0.5866666666666666,0.6933333333333334,-1.433333333333333,2.41,2.29,2.38,2.03,1.34,0.78
1997-11-01,2.41,3.27,0.69,1.55,-1.2,2.36,2.13,1.89,3.08,2.84,2.59,0.58,0.68,0.5,0.99,0.74,0.35,-1.5,-1.4,-1.4,2.2999999999999994,3.063333333333333,0.6499999999999999,1.0933333333333333,-1.3666666666666663,2.29,2.38,2.03,1.34,0.78,0.57
1997-12-01,2.29,3.3,0.57,1.07,-1.0,2.41,2.36,2.13,3.27,3.08,2.84,0.69,0.58,0.68,1.55,0.99,0.74,-1.2,-1.5,-1.4,2.353333333333333,3.2166666666666663,0.6133333333333332,1.2033333333333334,-1.233333333333333,2.38,2.03,1.34,0.78,0.57,-0.39
1998-01-01,2.38,3.08,0.64,0.77,-2.7,2.29,2.41,2.36,3.3,3.27,3.08,0.57,0.69,0.58,1.07,1.55,0.99,-1.0,-1.2,-1.5,2.3599999999999994,3.2166666666666663,0.6333333333333333,1.13,-1.6333333333333329,2.03,1.34,0.78,0.57,-0.39,-0.99
1998-02-01,2.03,2.49,0.59,0.13,-2.0,2.38,2.29,2.41,3.08,3.3,3.27,0.64,0.57,0.69,0.77,1.07,1.55,-2.7,-1.0,-1.2,2.233333333333333,2.956666666666667,0.6,0.6566666666666667,-1.8999999999999997,1.34,0.78,0.57,-0.39,-0.99,-1.28
1998-03-01,1.34,1.92,0.3,-0.16,-2.4,2.03,2.38,2.29,2.49,3.08,3.3,0.59,0.64,0.57,0.13,0.77,1.07,-2.0,-2.7,-1.0,1.916666666666666,2.4966666666666666,0.51,0.24666666666666667,-2.3666666666666663,0.78,0.57,-0.39,-0.99,-1.28,-1.26
1998-04-01,0.78,1.64,-0.07,0.07,-1.4,1.34,2.03,2.38,1.92,2.49,3.08,0.3,0.59,0.64,-0.16,0.13,0.77,-2.4,-2.0,-2.7,1.3833333333333329,2.0166666666666666,0.27333333333333326,0.013333333333333336,-1.933333333333333,0.57,-0.39,-0.99,-1.28,-1.26,-1.46
1998-05-01,0.57,1.39,-0.26,-0.02,0.3,0.78,1.34,2.03,1.64,1.92,2.49,-0.07,0.3,0.59,0.07,-0.16,0.13,-1.4,-2.4,-2.0,0.8966666666666661,1.6499999999999997,-0.010000000000000045,-0.03666666666666667,-1.1666666666666663,-0.39,-0.99,-1.28,-1.26,-1.46,-1.46
1998-06-01,-0.39,0.37,-0.71,-0.19,1.0,0.57,0.78,1.34,1.39,1.64,1.92,-0.26,-0.07,0.3,-0.02,0.07,-0.16,0.3,-1.4,-2.4,0.3199999999999994,1.133333333333333,-0.3466666666666667,-0.04666666666666667,-0.03333333333333285,-0.99,-1.28,-1.26,-1.46,-1.46,-1.69
1998-07-01,-0.99,-0.38,-0.78,-0.84,1.2,-0.39,0.57,0.78,0.37,1.39,1.64,-0.71,-0.26,-0.07,-0.19,-0.02,0.07,1.0,0.3,-1.4,-0.27000000000000063,0.4599999999999998,-0.5833333333333334,-0.35000000000000003,0.8333333333333338,-1.28,-1.26,-1.46,-1.46,-1.69,-1.69
1998-08-01,-1.28,-0.67,-1.02,-0.75,1.2,-0.99,-0.39,0.57,-0.38,0.37,1.39,-0.78,-0.71,-0.26,-0.84,-0.19,-0.02,1.2,1.0,0.3,-0.8866666666666673,-0.22666666666666682,-0.8366666666666666,-0.5933333333333333,1.1333333333333337,-1.26,-1.46,-1.46,-1.69,-1.69,-1.32
1998-09-01,-1.26,-0.95,-1.02,-0.58,1.0,-1.28,-0.99,-0.39,-0.67,-0.38,0.37,-1.02,-0.78,-0.71,-0.75,-0.84,-0.19,1.2,1.2,1.0,-1.1766666666666674,-0.6666666666666669,-0.9400000000000001,-0.7233333333333333,1.1333333333333337,-1.46,-1.46,-1.69,-1.69,-1.32,-0.95
1998-10-01,-1.46,-0.99,-1.34,-0.77,1.1,-1.26,-1.28,-0.99,-0.95,-0.67,-0.38,-1.02,-1.02,-0.78,-0.58,-0.75,-0.84,1.0,1.2,1.2,-1.333333333333334,-0.8700000000000001,-1.1266666666666667,-0.7000000000000001,1.1000000000000005,-1.46,-1.69,-1.69,-1.32,-0.95,-1.11
1998-11-01,-1.46,-0.86,-1.45,-0.87,1.0,-1.46,-1.26,-1.28,-0.99,-0.95,-0.67,-1.34,-1.02,-1.02,-0.77,-0.58,-0.75,1.1,1.0,1.2,-1.3933333333333338,-0.9333333333333335,-1.2700000000000002,-0.7400000000000001,1.0333333333333339,-1.69,-1.69,-1.32,-0.95,-1.11,-1.15
1998-12-01,-1.69,-1.1,-1.48,-0.43,1.4,-1.46,-1.46,-1.26,-0.86,-0.99,-0.95,-1.45,-1.34,-1.02,-0.87,-0.77,-0.58,1.0,1.1,1.0,-1.536666666666667,-0.9833333333333334,-1.4233333333333331,-0.69,1.166666666666667,-1.69,-1.32,-0.95,-1.11,-1.15,-1.19
1999-01-01,-1.69,-1.25,-1.68,-0.46,1.8,-1.69,-1.46,-1.46,-1.1,-0.86,-0.99,-1.48,-1.45,-1.34,-0.43,-0.87,-0.77,1.4,1.0,1.1,-1.613333333333334,-1.07,-1.5366666666666664,-0.5866666666666667,1.4000000000000004,-1.32,-0.95,-1.11,-1.15,-1.19,-1.17
1999-02-01,-1.32,-0.88,-1.64,-0.13,1.0,-1.69,-1.69,-1.46,-1.25,-1.1,-0.86,-1.68,-1.48,-1.45,-0.46,-0.43,-0.87,1.8,1.4,1.0,-1.5666666666666673,-1.0766666666666669,-1.5999999999999999,-0.34,1.4000000000000004,-0.95,-1.11,-1.15,-1.19,-1.17,-1.22
1999-03-01,-0.95,-0.52,-1.35,0.12,1.3,-1.32,-1.69,-1.69,-0.88,-1.25,-1.1,-1.64,-1.68,-1.48,-0.13,-0.46,-0.43,1.0,1.8,1.4,-1.3200000000000005,-0.8833333333333334,-1.5566666666666666,-0.1566666666666667,1.3666666666666671,-1.11,-1.15,-1.19,-1.17,-1.22,-1.09
1999-04-01,-1.11,-0.87,-1.21,-0.16,1.4,-0.95,-1.32,-1.69,-0.52,-0.88,-1.25,-1.35,-1.64,-1.68,0.12,-0.13,-0.46,1.3,1.0,1.8,-1.1266666666666671,-0.7566666666666668,-1.4000000000000001,-0.05666666666666667,1.2333333333333336,-1.15,-1.19,-1.17,-1.22,-1.09,-1.23
1999-05-01,-1.15,-0.81,-1.03,-0.27,0.2,-1.11,-0.95,-1.32,-0.87,-0.52,-0.88,-1.21,-1.35,-1.64,-0.16,0.12,-0.13,1.4,1.3,1.0,-1.0700000000000005,-0.7333333333333335,-1.1966666666666668,-0.10333333333333335,0.9666666666666671,-1.19,-1.17,-1.22,-1.09,-1.23,-1.58
1999-06-01,-1.19,-0.9,-1.01,-0.03,0.3,-1.15,-1.11,-0.95,-0.81,-0.87,-0.52,-1.03,-1.21,-1.35,-0.27,-0.16,0.12,0.2,1.4,1.3,-1.1500000000000006,-0.8600000000000002,-1.0833333333333333,-0.15333333333333335,0.6333333333333337,-1.17,-1.22,-1.09,-1.23,-1.58,-1.74
1999-07-01,-1.17,-0.76,-1.14,0.23,0.5,-1.19,-1.15,-1.11,-0.9,-0.81,-0.87,-1.01,-1.03,-1.21,-0.03,-0.27,-0.16,0.3,0.2,1.4,-1.1700000000000006,-0.8233333333333336,-1.06,-0.023333333333333334,0.33333333333333376,-1.22,-1.09,-1.23,-1.58,-1.74,-1.77
1999-08-01,-1.22,-0.84,-1.1,0.21,0.4,-1.17,-1.19,-1.15,-0.76,-0.9,-0.81,-1.14,-1.01,-1.03,0.23,-0.03,-0.27,0.5,0.3,0.2,-1.193333333333334,-0.8333333333333335,-1.0833333333333333,0.1366666666666667,0.4000000000000005,-1.09,-1.23,-1.58,-1.74,-1.77,-1.55
1999-09-01,-1.09,-1.11,-0.97,0.1,-0.1,-1.22,-1.17,-1.19,-0.84,-0.76,-0.9,-1.1,-1.14,-1.01,0.21,0.23,-0.03,0.4,0.5,0.3,-1.1600000000000004,-0.9033333333333337,-1.07,0.18000000000000002,0.2666666666666671,-1.23,-1.58,-1.74,-1.77,-1.55,-0.98
1999-10-01,-1.23,-1.38,-0.97,-0.51,1.0,-1.09,-1.22,-1.17,-1.11,-0.84,-0.76,-0.97,-1.1,-1.14,0.1,0.21,0.23,-0.1,0.4,0.5,-1.1800000000000006,-1.11,-1.0133333333333334,-0.06666666666666667,0.4333333333333338,-1.58,-1.74,-1.77,-1.55,-0.98,-0.87
1999-11-01,-1.58,-1.5,-1.27,-0.18,1.0,-1.23,-1.09,-1.22,-1.38,-1.11,-0.84,-0.97,-0.97,-1.1,-0.51,0.1,0.21,1.0,-0.1,0.4,-1.3000000000000007,-1.33,-1.07,-0.19666666666666668,0.6333333333333337,-1.74,-1.77,-1.55,-0.98,-0.87,-0.86
1999-12-01,-1.74,-1.55,-1.36,-0.02,1.4,-1.58,-1.23,-1.09,-1.5,-1.38,-1.11,-1.27,-0.97,-0.97,-0.18,-0.51,0.1,1.0,1.0,-0.1,-1.5166666666666675,-1.4766666666666666,-1.2000000000000002,-0.23666666666666666,1.1333333333333337,-1.77,-1.55,-0.98,-0.87,-0.86,-0.79
2000-01-01,-1.77,-1.66,-1.33,-0.01,0.7,-1.74,-1.58,-1.23,-1.55,-1.5,-1.38,-1.36,-1.27,-0.97,-0.02,-0.18,-0.51,1.4,1.0,1.0,-1.6966666666666672,-1.57,-1.32,-0.06999999999999999,1.0333333333333339,-1.55,-0.98,-0.87,-0.86,-0.79,-0.67
2000-02-01,-1.55,-1.14,-1.47,0.52,1.7,-1.77,-1.74,-1.58,-1.66,-1.55,-1.5,-1.33,-1.36,-1.27,-0.01,-0.02,-0.18,0.7,1.4,1.0,-1.6866666666666672,-1.45,-1.3866666666666667,0.16333333333333333,1.266666666666667,-0.98,-0.87,-0.86,-0.79,-0.67,-0.49
2000-03-01,-0.98,-0.5,-1.43,0.76,1.3,-1.55,-1.77,-1.74,-1.14,-1.66,-1.55,-1.47,-1.33,-1.36,0.52,-0.01,-0.02,1.7,0.7,1.4,-1.4333333333333338,-1.1,-1.41,0.42333333333333334,1.2333333333333336,-0.87,-0.86,-0.79,-0.67,-0.49,-0.52
2000-04-01,-0.87,-0.17,-1.43,0.18,1.2,-0.98,-1.55,-1.77,-0.5,-1.14,-1.66,-1.43,-1.47,-1.33,0.76,0.52,-0.01,1.3,1.7,0.7,-1.133333333333334,-0.6033333333333334,-1.4433333333333334,0.48666666666666664,1.4000000000000004,-0.86,-0.79,-0.67,-0.49,-0.52,-0.7
2000-05-01,-0.86,-0.37,-1.29,0.33,0.4,-0.87,-0.98,-1.55,-0.17,-0.5,-1.14,-1.43,-1.43,-1.47,0.18,0.76,0.52,1.2,1.3,1.7,-0.9033333333333339,-0.34666666666666685,-1.3833333333333335,0.42333333333333334,0.9666666666666671,-0.79,-0.67,-0.49,-0.52,-0.7,-0.79
2000-06-01,-0.79,-0.59,-0.91,0.03,-0.2,-0.86,-0.87,-0.98,-0.37,-0.17,-0.5,-1.29,-1.43,-1.43,0.33,0.18,0.76,0.4,1.2,1.3,-0.8400000000000006,-0.37666666666666676,-1.2100000000000002,0.18000000000000002,0.46666666666666706,-0.67,-0.49,-0.52,-0.7,-0.79,-0.92
2000-07-01,-0.67,-0.62,-0.73,0.13,-0.2,-0.79,-0.86,-0.87,-0.59,-0.37,-0.17,-0.91,-1.29,-1.43,0.03,0.33,0.18,-0.2,0.4,1.2,-0.7733333333333339,-0.5266666666666668,-0.9766666666666667,0.16333333333333333,4.440892098500626e-16,-0.49,-0.52,-0.7,-0.79,-0.92,-0.73
2000-08-01,-0.49,-0.48,-0.62,-0.1,0.7,-0.67,-0.79,-0.86,-0.62,-0.59,-0.37,-0.73,-0.91,-1.29,0.13,0.03,0.33,-0.2,-0.2,0.4,-0.6500000000000007,-0.5633333333333335,-0.7533333333333333,0.02,0.10000000000000042,-0.52,-0.7,-0.79,-0.92,-0.73,-0.63
2000-09-01,-0.52,-0.32,-0.49,-0.02,0.9,-0.49,-0.67,-0.79,-0.48,-0.62,-0.59,-0.62,-0.73,-0.91,-0.1,0.13,0.03,0.7,-0.2,-0.2,-0.5600000000000006,-0.47333333333333344,-0.6133333333333333,0.0033333333333333327,0.46666666666666706,-0.7,-0.79,-0.92,-0.73,-0.63,-0.48
2000-10-01,-0.7,-0.5,-0.65,-0.21,1.1,-0.52,-0.49,-0.67,-0.32,-0.48,-0.62,-0.49,-0.62,-0.73,-0.02,-0.1,0.13,0.9,0.7,-0.2,-0.5700000000000006,-0.4333333333333334,-0.5866666666666666,-0.11,0.9000000000000004,-0.79,-0.92,-0.73,-0.63,-0.48,-0.49
2000-11-01,-0.79,-0.7,-0.77,0.0,1.8,-0.7,-0.52,-0.49,-0.5,-0.32,-0.48,-0.65,-0.49,-0.62,-0.21,-0.02,-0.1,1.1,0.9,0.7,-0.6700000000000005,-0.5066666666666668,-0.6366666666666667,-0.07666666666666666,1.266666666666667,-0.92,-0.73,-0.63,-0.48,-0.49,-0.34
2000-12-01,-0.92,-0.66,-0.95,0.14,0.8,-0.79,-0.7,-0.52,-0.7,-0.5,-0.32,-0.77,-0.65,-0.49,0.0,-0.21,-0.02,1.8,1.1,0.9,-0.803333333333334,-0.6200000000000001,-0.79,-0.023333333333333327,1.2333333333333336,-0.73,-0.63,-0.48,-0.49,-0.34,-0.19
2001-01-01,-0.73,-0.42,-0.89,0.13,1.0,-0.92,-0.79,-0.7,-0.66,-0.7,-0.5,-0.95,-0.77,-0.65,0.14,0.0,-0.21,0.8,1.8,1.1,-0.813333333333334,-0.5933333333333334,-0.8700000000000001,0.09000000000000001,1.2000000000000004,-0.63,-0.48,-0.49,-0.34,-0.19,-0.04
2001-02-01,-0.63,-0.28,-0.82,0.43,1.7,-0.73,-0.92,-0.79,-0.42,-0.66,-0.7,-0.89,-0.95,-0.77,0.13,0.14,0.0,1.0,0.8,1.8,-0.7600000000000007,-0.4533333333333334,-0.8866666666666667,0.2333333333333333,1.166666666666667,-0.48,-0.49,-0.34,-0.19,-0.04,-0.05
2001-03-01,-0.48,-0.01,-0.71,0.4,0.9,-0.63,-0.73,-0.92,-0.28,-0.42,-0.66,-0.82,-0.89,-0.95,0.43,0.13,0.14,1.7,1.0,0.8,-0.6133333333333338,-0.23666666666666678,-0.8066666666666666,0.32,1.2000000000000004,-0.49,-0.34,-0.19,-0.04,-0.05,-0.2
2001-04-01,-0.49,-0.12,-0.59,-0.02,0.2,-0.48,-0.63,-0.73,-0.01,-0.28,-0.42,-0.71,-0.82,-0.89,0.4,0.43,0.13,0.9,1.7,1.0,-0.533333333333334,-0.1366666666666668,-0.7066666666666667,0.27,0.9333333333333337,-0.34,-0.19,-0.04,-0.05,-0.2,-0.14
2001-05-01,-0.34,-0.14,-0.39,-0.36,-0.5,-0.49,-0.48,-0.63,-0.12,-0.01,-0.28,-0.59,-0.71,-0.82,-0.02,0.4,0.43,0.2,0.9,1.7,-0.43666666666666726,-0.09000000000000012,-0.5633333333333334,0.006666666666666672,0.2000000000000004,-0.19,-0.04,-0.05,-0.2,-0.14,-0.37
2001-06-01,-0.19,-0.28,-0.17,-0.05,0.3,-0.34,-0.49,-0.48,-0.14,-0.12,-0.01,-0.39,-0.59,-0.71,-0.36,-0.02,0.4,-0.5,0.2,0.9,-0.3400000000000006,-0.18000000000000013,-0.3833333333333333,-0.14333333333333334,3.7007434154171886e-16,-0.04,-0.05,-0.2,-0.14,-0.37,-0.41
2001-07-01,-0.04,-0.27,0.09,-0.74,-0.2,-0.19,-0.34,-0.49,-0.28,-0.14,-0.12,-0.17,-0.39,-0.59,-0.05,-0.36,-0.02,0.3,-0.5,0.2,-0.1900000000000006,-0.23000000000000012,-0.15666666666666668,-0.3833333333333333,-0.13333333333333297,-0.05,-0.2,-0.14,-0.37,-0.41,-0.15
2001-08-01,-0.05,-0.22,0.05,-0.39,-0.4,-0.04,-0.19,-0.34,-0.27,-0.28,-0.14,0.09,-0.17,-0.39,-0.74,-0.05,-0.36,-0.2,0.3,-0.5,-0.09333333333333393,-0.25666666666666677,-0.010000000000000004,-0.3933333333333333,-0.09999999999999964,-0.2,-0.14,-0.37,-0.41,-0.15,-0.04
2001-09-01,-0.2,-0.59,0.21,-0.6,0.2,-0.05,-0.04,-0.19,-0.22,-0.27,-0.28,0.05,0.09,-0.17,-0.39,-0.74,-0.05,-0.4,-0.2,0.3,-0.09666666666666728,-0.3600000000000001,0.11666666666666665,-0.5766666666666667,-0.133333333333333,-0.14,-0.37,-0.41,-0.15,-0.04,0.01
2001-10-01,-0.14,-0.43,0.19,-0.69,-0.0,-0.2,-0.05,-0.04,-0.59,-0.22,-0.27,0.21,0.05,0.09,-0.6,-0.39,-0.74,0.2,-0.4,-0.2,-0.1300000000000006,-0.4133333333333334,0.15,-0.5599999999999999,-0.0666666666666663,-0.37,-0.41,-0.15,-0.04,0.01,0.02
2001-11-01,-0.37,-0.68,0.08,-0.23,0.7,-0.14,-0.2,-0.05,-0.43,-0.59,-0.22,0.19,0.21,0.05,-0.69,-0.6,-0.39,-0.0,0.2,-0.4,-0.23666666666666725,-0.5666666666666668,0.16,-0.5066666666666666,0.3000000000000003,-0.41,-0.15,-0.04,0.01,0.02,0.31
2001-12-01,-0.41,-0.62,0.12,-0.03,-0.8,-0.37,-0.14,-0.2,-0.68,-0.43,-0.59,0.08,0.19,0.21,-0.23,-0.69,-0.6,0.7,-0.0,0.2,-0.30666666666666725,-0.5766666666666668,0.12999999999999998,-0.3166666666666666,-0.03333333333333299,-0.15,-0.04,0.01,0.02,0.31,0.72
2002-01-01,-0.15,-0.49,0.4,-0.32,0.4,-0.41,-0.37,-0.14,-0.62,-0.68,-0.43,0.12,0.08,0.19,-0.03,-0.23,-0.69,-0.8,0.7,-0.0,-0.31000000000000055,-0.5966666666666668,0.19999999999999998,-0.19333333333333327,0.10000000000000032,-0.04,0.01,0.02,0.31,0.72,0.74
2002-02-01,-0.04,-0.24,0.46,0.2,1.1,-0.15,-0.41,-0.37,-0.49,-0.62,-0.68,0.4,0.12,0.08,-0.32,-0.03,-0.23,0.4,-0.8,0.7,-0.2000000000000006,-0.4500000000000002,0.32666666666666666,-0.04999999999999997,0.2333333333333337,0.01,0.02,0.31,0.72,0.74,0.87
2002-03-01,0.01,0.14,0.25,-0.4,-0.2,-0.04,-0.15,-0.41,-0.24,-0.49,-0.62,0.46,0.4,0.12,0.2,-0.32,-0.03,1.1,0.4,-0.8,-0.06000000000000059,-0.1966666666666668,0.37000000000000005,-0.1733333333333333,0.43333333333333374,0.02,0.31,0.72,0.74,0.87,1.09
2002-04-01,0.02,0.0,0.41,-0.4,-0.1,0.01,-0.04,-0.15,0.14,-0.24,-0.49,0.25,0.46,0.4,-0.4,0.2,-0.32,-0.2,1.1,0.4,-0.003333333333333926,-0.03333333333333347,0.3733333333333333,-0.19999999999999996,0.266666666666667,0.31,0.72,0.74,0.87,1.09,1.25
2002-05-01,0.31,0.26,0.6,-0.54,-0.8,0.02,0.01,-0.04,0.0,0.14,-0.24,0.41,0.25,0.46,-0.4,-0.4,0.2,-0.1,-0.2,1.1,0.11333333333333273,0.1333333333333332,0.41999999999999993,-0.4466666666666666,-0.3666666666666664,0.72,0.74,0.87,1.09,1.25,1.47
2002-06-01,0.72,0.57,0.64,-0.22,-0.2,0.31,0.02,0.01,0.26,0.0,0.14,0.6,0.41,0.25,-0.54,-0.4,-0.4,-0.8,-0.1,-0.2,0.34999999999999937,0.2766666666666665,0.5499999999999999,-0.38666666666666666,-0.3666666666666664,0.74,0.87,1.09,1.25,1.47,1.37
2002-07-01,0.74,0.39,0.63,-0.25,-0.5,0.72,0.31,0.02,0.57,0.26,0.0,0.64,0.6,0.41,-0.22,-0.54,-0.4,-0.2,-0.8,-0.1,0.5899999999999994,0.4066666666666665,0.6233333333333334,-0.3366666666666666,-0.4999999999999997,0.87,1.09,1.25,1.47,1.37,0.6
2002-08-01,0.87,0.51,0.64,-0.4,-1.0,0.74,0.72,0.31,0.39,0.57,0.26,0.63,0.64,0.6,-0.25,-0.22,-0.54,-0.5,-0.2,-0.8,0.7766666666666661,0.4899999999999998,0.6366666666666666,-0.2899999999999999,-0.5666666666666663,1.09,1.25,1.47,1.37,0.6,0.64
2002-09-01,1.09,0.86,0.61,0.54,-0.6,0.87,0.74,0.72,0.51,0.39,0.57,0.64,0.63,0.64,-0.4,-0.25,-0.22,-1.0,-0.5,-0.2,0.8999999999999995,0.5866666666666666,0.6266666666666666,-0.03666666666666659,-0.6999999999999997,1.25,1.47,1.37,0.6,0.64,0.36
2002-10-01,1.25,0.99,0.65,0.54,-0.4,1.09,0.87,0.74,0.86,0.51,0.39,0.61,0.64,0.63,0.54,-0.4,-0.25,-0.6,-1.0,-0.5,1.0699999999999994,0.7866666666666665,0.6333333333333333,0.22666666666666677,-0.6666666666666664,1.47,1.37,0.6,0.64,0.36,-0.14
2002-11-01,1.47,1.3,0.85,0.23,-0.5,1.25,1.09,0.87,0.99,0.86,0.51,0.65,0.61,0.64,0.54,0.54,-0.4,-0.4,-0.6,-1.0,1.2699999999999994,1.0499999999999998,0.7033333333333333,0.43666666666666676,-0.4999999999999997,1.37,0.6,0.64,0.36,-0.14,-0.61
2002-12-01,1.37,1.21,0.84,-0.24,-1.1,1.47,1.25,1.09,1.3,0.99,0.86,0.85,0.65,0.61,0.23,0.54,0.54,-0.5,-0.4,-0.6,1.3633333333333326,1.1666666666666665,0.7799999999999999,0.17666666666666675,-0.6666666666666664,0.6,0.64,0.36,-0.14,-0.61,-0.29
2003-01-01,0.6,0.57,0.57,-0.35,-0.2,1.37,1.47,1.25,1.21,1.3,0.99,0.84,0.85,0.65,-0.24,0.23,0.54,-1.1,-0.5,-0.4,1.146666666666666,1.0266666666666666,0.7533333333333333,-0.11999999999999993,-0.5999999999999998,0.64,0.36,-0.14,-0.61,-0.29,0.21
2003-02-01,0.64,0.44,0.69,0.22,-0.7,0.6,1.37,1.47,0.57,1.21,1.3,0.57,0.84,0.85,-0.35,-0.24,0.23,-0.2,-1.1,-0.5,0.8699999999999996,0.7399999999999998,0.6999999999999998,-0.12333333333333325,-0.6666666666666663,0.36,-0.14,-0.61,-0.29,0.21,0.26
2003-03-01,0.36,0.19,0.6,0.27,-0.3,0.64,0.6,1.37,0.44,0.57,1.21,0.69,0.57,0.84,0.22,-0.35,-0.24,-0.7,-0.2,-1.1,0.5333333333333328,0.39999999999999986,0.62,0.04666666666666674,-0.39999999999999963,-0.14,-0.61,-0.29,0.21,0.26,0.27
2003-04-01,-0.14,-0.44,0.33,0.09,-0.1,0.36,0.64,0.6,0.19,0.44,0.57,0.6,0.69,0.57,0.27,0.22,-0.35,-0.3,-0.7,-0.2,0.28666666666666607,0.06333333333333319,0.5399999999999999,0.19333333333333338,-0.36666666666666625,-0.61,-0.29,0.21,0.26,0.27,0.42
2003-05-01,-0.61,-0.96,-0.05,0.24,-0.3,-0.14,0.36,0.64,-0.44,0.19,0.44,0.33,0.6,0.69,0.09,0.27,0.22,-0.1,-0.3,-0.7,-0.1300000000000006,-0.4033333333333335,0.2933333333333333,0.20000000000000007,-0.23333333333333295,-0.29,0.21,0.26,0.27,0.42,0.33
2003-06-01,-0.29,-0.59,0.1,0.36,-0.6,-0.61,-0.14,0.36,-0.96,-0.44,0.19,-0.05,0.33,0.6,0.24,0.09,0.27,-0.3,-0.1,-0.3,-0.3466666666666673,-0.6633333333333334,0.12666666666666662,0.23000000000000007,-0.333333333333333,0.21,0.26,0.27,0.42,0.33,0.43
2003-07-01,0.21,0.12,0.19,0.32,0.3,-0.29,-0.61,-0.14,-0.59,-0.96,-0.44,0.1,-0.05,0.33,0.36,0.24,0.09,-0.6,-0.3,-0.1,-0.23000000000000057,-0.4766666666666668,0.07999999999999996,0.3066666666666667,-0.1999999999999996,0.26,0.27,0.42,0.33,0.43,0.27
2003-08-01,0.26,0.26,0.19,0.4,0.1,0.21,-0.29,-0.61,0.12,-0.59,-0.96,0.19,0.1,-0.05,0.32,0.36,0.24,0.3,-0.6,-0.3,0.05999999999999942,-0.07000000000000013,0.15999999999999995,0.3600000000000001,-0.06666666666666625,0.27,0.42,0.33,0.43,0.27,0.23
2003-09-01,0.27,0.15,0.18,-0.08,-0.1,0.26,0.21,-0.29,0.26,0.12,-0.59,0.19,0.19,0.1,0.4,0.32,0.36,0.1,0.3,-0.6,0.24666666666666606,0.17666666666666653,0.18666666666666662,0.2133333333333334,0.10000000000000042,0.42,0.33,0.43,0.27,0.23,0.12
2003-10-01,0.42,0.4,0.36,-0.19,0.0,0.27,0.26,0.21,0.15,0.26,0.12,0.18,0.19,0.19,-0.08,0.4,0.32,-0.1,0.1,0.3,0.3166666666666661,0.26999999999999985,0.2433333333333333,0.04333333333333341,4.163336342344337e-16,0.33,0.43,0.27,0.23,0.12,0.07
2003-11-01,0.33,0.64,0.37,-0.32,-0.3,0.42,0.27,0.26,0.4,0.15,0.26,0.36,0.18,0.19,-0.19,-0.08,0.4,0.0,-0.1,0.1,0.3399999999999994,0.3966666666666665,0.3033333333333333,-0.19666666666666663,-0.13333333333333292,0.43,0.27,0.23,0.12,0.07,0.06
2003-12-01,0.43,0.77,0.43,0.07,1.1,0.33,0.42,0.27,0.64,0.4,0.15,0.37,0.36,0.18,-0.32,-0.19,-0.08,-0.3,0.0,-0.1,0.3933333333333328,0.6033333333333332,0.38666666666666666,-0.1466666666666666,0.2666666666666671,0.27,0.23,0.12,0.07,0.06,0.13
2004-01-01,0.27,0.42,0.43,-0.02,-1.3,0.43,0.33,0.42,0.77,0.64,0.4,0.43,0.37,0.36,0.07,-0.32,-0.19,1.1,-0.3,0.0,0.3433333333333328,0.6099999999999999,0.41,-0.08999999999999993,-0.1666666666666662,0.23,0.12,0.07,0.06,0.13,0.49
2004-02-01,0.23,0.3,0.38,0.04,1.2,0.27,0.43,0.33,0.42,0.77,0.64,0.43,0.43,0.37,-0.02,0.07,-0.32,-1.3,1.1,-0.3,0.30999999999999944,0.4966666666666664,0.4133333333333333,0.03000000000000008,0.33333333333333376,0.12,0.07,0.06,0.13,0.49,0.76
2004-03-01,0.12,0.13,0.1,0.15,0.4,0.23,0.27,0.43,0.3,0.42,0.77,0.38,0.43,0.43,0.04,-0.02,0.07,1.2,-1.3,1.1,0.2066666666666661,0.28333333333333316,0.3033333333333333,0.05666666666666673,0.10000000000000035,0.07,0.06,0.13,0.49,0.76,0.81
2004-04-01,0.07,-0.07,0.09,0.0,-0.9,0.12,0.23,0.27,0.13,0.3,0.42,0.1,0.38,0.43,0.15,0.04,-0.02,0.4,1.2,-1.3,0.13999999999999943,0.11999999999999984,0.18999999999999995,0.06333333333333341,0.23333333333333364,0.06,0.13,0.49,0.76,0.81,0.73
2004-05-01,0.06,-0.45,0.11,-0.59,1.0,0.07,0.12,0.23,-0.07,0.13,0.3,0.09,0.1,0.38,0.0,0.15,0.04,-0.9,0.4,1.2,0.08333333333333276,-0.13000000000000014,0.09999999999999996,-0.14666666666666658,0.16666666666666707,0.13,0.49,0.76,0.81,0.73,0.66
2004-06-01,0.13,-0.26,0.22,-0.47,-0.8,0.06,0.07,0.12,-0.45,-0.07,0.13,0.11,0.09,0.1,-0.59,0.0,0.15,1.0,-0.9,0.4,0.0866666666666661,-0.2600000000000002,0.13999999999999999,-0.3533333333333332,-0.23333333333333295,0.49,0.76,0.81,0.73,0.66,0.74
2004-07-01,0.49,-0.02,0.42,-0.3,-0.5,0.13,0.06,0.07,-0.26,-0.45,-0.07,0.22,0.11,0.09,-0.47,-0.59,0.0,-0.8,1.0,-0.9,0.2266666666666661,-0.24333333333333348,0.24999999999999997,-0.4533333333333332,-0.0999999999999996,0.76,0.81,0.73,0.66,0.74,0.66
2004-08-01,0.76,0.24,0.55,0.05,-0.3,0.49,0.13,0.06,-0.02,-0.26,-0.45,0.42,0.22,0.11,-0.3,-0.47,-0.59,-0.5,-0.8,1.0,0.45999999999999946,-0.013333333333333483,0.39666666666666667,-0.2399999999999999,-0.533333333333333,0.81,0.73,0.66,0.74,0.66,0.36
2004-09-01,0.81,0.45,0.69,0.09,-0.3,0.76,0.49,0.13,0.24,-0.02,-0.26,0.55,0.42,0.22,0.05,-0.3,-0.47,-0.3,-0.5,-0.8,0.6866666666666661,0.2233333333333332,0.5533333333333333,-0.053333333333333253,-0.36666666666666625,0.73,0.66,0.74,0.66,0.36,0.45
2004-10-01,0.73,0.54,0.7,0.02,-0.1,0.81,0.76,0.49,0.45,0.24,-0.02,0.69,0.55,0.42,0.09,0.05,-0.3,-0.3,-0.3,-0.5,0.766666666666666,0.40999999999999986,0.6466666666666666,0.053333333333333406,-0.23333333333333295,0.66,0.74,0.66,0.36,0.45,0.26
2004-11-01,0.66,0.63,0.76,-0.07,-0.7,0.73,0.81,0.76,0.54,0.45,0.24,0.7,0.69,0.55,0.02,0.09,0.05,-0.1,-0.3,-0.3,0.7333333333333328,0.5399999999999999,0.7166666666666665,0.013333333333333405,-0.36666666666666625,0.74,0.66,0.36,0.45,0.26,0.3
2004-12-01,0.74,0.69,0.87,-0.11,-0.8,0.66,0.73,0.81,0.63,0.54,0.45,0.76,0.7,0.69,-0.07,0.02,0.09,-0.7,-0.1,-0.3,0.7099999999999994,0.6199999999999998,0.7766666666666665,-0.05333333333333326,-0.5333333333333329,0.66,0.36,0.45,0.26,0.3,0.04
2005-01-01,0.66,0.32,0.88,-0.28,0.3,0.74,0.66,0.73,0.69,0.63,0.54,0.87,0.76,0.7,-0.11,-0.07,0.02,-0.8,-0.7,-0.1,0.6866666666666661,0.5466666666666665,0.8366666666666666,-0.15333333333333327,-0.39999999999999963,0.36,0.45,0.26,0.3,0.04,-0.23
2005-02-01,0.36,-0.09,0.67,-0.79,-3.1,0.66,0.74,0.66,0.32,0.69,0.63,0.88,0.87,0.76,-0.28,-0.11,-0.07,0.3,-0.8,-0.7,0.586666666666666,0.3066666666666665,0.8066666666666666,-0.39333333333333326,-1.1999999999999995,0.45,0.26,0.3,0.04,-0.23,-0.05
2005-03-01,0.45,-0.07,0.61,-0.71,0.3,0.36,0.66,0.74,-0.09,0.32,0.69,0.67,0.88,0.87,-0.79,-0.28,-0.11,-3.1,0.3,-0.8,0.4899999999999995,0.053333333333333184,0.7200000000000001,-0.5933333333333333,-0.833333333333333,0.26,0.3,0.04,-0.23,-0.05,-0.04
2005-04-01,0.26,-0.05,0.42,0.13,-0.6,0.45,0.36,0.66,-0.07,-0.09,0.32,0.61,0.67,0.88,-0.71,-0.79,-0.28,0.3,-3.1,0.3,0.3566666666666661,-0.07000000000000016,0.5666666666666667,-0.45666666666666655,-1.1333333333333329,0.3,0.04,-0.23,-0.05,-0.04,-0.06
2005-05-01,0.3,0.16,0.29,0.11,-0.8,0.26,0.45,0.36,-0.05,-0.07,-0.09,0.42,0.61,0.67,0.13,-0.71,-0.79,-0.6,0.3,-3.1,0.33666666666666606,0.013333333333333188,0.43999999999999995,-0.1566666666666666,-0.36666666666666625,0.04,-0.23,-0.05,-0.04,-0.06,-0.59
2005-06-01,0.04,0.06,0.17,-0.16,0.4,0.3,0.26,0.45,0.16,-0.05,-0.07,0.29,0.42,0.61,0.11,0.13,-0.71,-0.8,-0.6,0.3,0.19999999999999943,0.056666666666666525,0.2933333333333333,0.026666666666666745,-0.3333333333333329,-0.23,-0.05,-0.04,-0.06,-0.59,-0.92
2005-07-01,-0.23,0.1,-0.11,-0.52,0.2,0.04,0.3,0.26,0.06,0.16,-0.05,0.17,0.29,0.42,-0.16,0.11,0.13,0.4,-0.8,-0.6,0.03666666666666607,0.10666666666666653,0.11666666666666663,-0.18999999999999995,-0.06666666666666622,-0.05,-0.04,-0.06,-0.59,-0.92,-0.91
2005-08-01,-0.05,0.18,-0.06,-0.46,-0.3,-0.23,0.04,0.3,0.1,0.06,0.16,-0.11,0.17,0.29,-0.52,-0.16,0.11,0.2,0.4,-0.8,-0.08000000000000058,0.11333333333333317,-3.23815048849004e-17,-0.37999999999999995,0.10000000000000048,-0.04,-0.06,-0.59,-0.92,-0.91,-0.67
2005-09-01,-0.04,-0.08,0.03,-0.73,0.4,-0.05,-0.23,0.04,0.18,0.1,0.06,-0.06,-0.11,0.17,-0.46,-0.52,-0.16,-0.3,0.2,0.4,-0.10666666666666726,0.06666666666666653,-0.0466666666666667,-0.57,0.10000000000000048,-0.06,-0.59,-0.92,-0.91,-0.67,-0.71
2005-10-01,-0.06,-0.34,0.09,-0.71,1.2,-0.04,-0.05,-0.23,-0.08,0.18,0.1,0.03,-0.06,-0.11,-0.73,-0.46,-0.52,0.4,-0.3,0.2,-0.05000000000000059,-0.08000000000000015,0.01999999999999996,-0.6333333333333333,0.4333333333333338,-0.59,-0.92,-0.91,-0.67,-0.71,-0.32
2005-11-01,-0.59,-1.13,-0.14,-0.66,-0.2,-0.06,-0.04,-0.05,-0.34,-0.08,0.18,0.09,0.03,-0.06,-0.71,-0.73,-0.46,1.2,0.4,-0.3,-0.23000000000000057,-0.5166666666666667,-0.006666666666666714,-0.7000000000000001,0.4666666666666672,-0.92,-0.91,-0.67,-0.71,-0.32,-0.09
2005-12-01,-0.92,-1.22,-0.26,-0.45,-0.0,-0.59,-0.06,-0.04,-1.13,-0.34,-0.08,-0.14,0.09,0.03,-0.66,-0.71,-0.73,-0.2,1.2,0.4,-0.5233333333333339,-0.8966666666666668,-0.10333333333333339,-0.6066666666666667,0.33333333333333376,-0.91,-0.67,-0.71,-0.32,-0.09,0.0
2006-01-01,-0.91,-0.81,-0.5,-0.07,1.7,-0.92,-0.59,-0.06,-1.22,-1.13,-0.34,-0.26,-0.14,0.09,-0.45,-0.66,-0.71,-0.0,-0.2,1.2,-0.8066666666666672,-1.0533333333333335,-0.30000000000000004,-0.39333333333333337,0.5000000000000004,-0.67,-0.71,-0.32,-0.09,0.0,0.01
2006-02-01,-0.67,-0.35,-0.67,-0.68,0.1,-0.91,-0.92,-0.59,-0.81,-1.22,-1.13,-0.5,-0.26,-0.14,-0.07,-0.45,-0.66,1.7,-0.0,-0.2,-0.8333333333333339,-0.7933333333333334,-0.47666666666666674,-0.4000000000000001,0.6000000000000004,-0.71,-0.32,-0.09,0.0,0.01,0.31
2006-03-01,-0.71,-0.55,-0.59,-0.22,1.8,-0.67,-0.91,-0.92,-0.35,-0.81,-1.22,-0.67,-0.5,-0.26,-0.68,-0.07,-0.45,0.1,1.7,-0.0,-0.763333333333334,-0.5700000000000002,-0.5866666666666668,-0.32333333333333336,1.2000000000000004,-0.32,-0.09,0.0,0.01,0.31,0.6
2006-04-01,-0.32,-0.42,-0.34,-0.07,1.1,-0.71,-0.67,-0.91,-0.55,-0.35,-0.81,-0.59,-0.67,-0.5,-0.22,-0.68,-0.07,1.8,0.1,1.7,-0.5666666666666672,-0.44000000000000017,-0.5333333333333333,-0.32333333333333336,1.0000000000000007,-0.09,0.0,0.01,0.31,0.6,0.7
2006-05-01,-0.09,-0.08,-0.06,-0.22,-0.5,-0.32,-0.71,-0.67,-0.42,-0.55,-0.35,-0.34,-0.59,-0.67,-0.07,-0.22,-0.68,1.1,1.8,0.1,-0.3733333333333339,-0.35000000000000014,-0.33,-0.17,0.8000000000000004,0.0,0.01,0.31,0.6,0.7,0.99
2006-06-01,0.0,-0.01,0.06,-0.28,-0.2,-0.09,-0.32,-0.71,-0.08,-0.42,-0.55,-0.06,-0.34,-0.59,-0.22,-0.07,-0.22,-0.5,1.1,1.8,-0.13666666666666727,-0.17000000000000015,-0.11333333333333338,-0.19000000000000003,0.1333333333333338,0.01,0.31,0.6,0.7,0.99,1.14
2006-07-01,0.01,0.01,0.2,0.19,-0.6,0.0,-0.09,-0.32,-0.01,-0.08,-0.42,0.06,-0.06,-0.34,-0.28,-0.22,-0.07,-0.2,-0.5,1.1,-0.026666666666667258,-0.026666666666666814,0.06666666666666664,-0.10333333333333333,-0.43333333333333285,0.31,0.6,0.7,0.99,1.14,0.7
2006-08-01,0.31,0.39,0.42,0.31,-1.0,0.01,0.0,-0.09,0.01,-0.01,-0.08,0.2,0.06,-0.06,0.19,-0.28,-0.22,-0.6,-0.2,-0.5,0.10666666666666608,0.12999999999999987,0.22666666666666666,0.07333333333333332,-0.5999999999999995,0.6,0.7,0.99,1.14,0.7,0.13
2006-09-01,0.6,0.83,0.63,0.71,-0.6,0.31,0.01,0.0,0.39,0.01,-0.01,0.42,0.2,0.06,0.31,0.19,-0.28,-1.0,-0.6,-0.2,0.30666666666666603,0.40999999999999986,0.4166666666666666,0.4033333333333333,-0.7333333333333328,0.7,0.99,1.14,0.7,0.13,-0.18
2006-10-01,0.7,0.88,0.69,0.94,-1.3,0.6,0.31,0.01,0.83,0.39,0.01,0.63,0.42,0.2,0.71,0.31,0.19,-0.6,-1.0,-0.6,0.5366666666666661,0.6999999999999998,0.58,0.6533333333333333,-0.9666666666666662,0.99,1.14,0.7,0.13,-0.18,-0.32
2006-11-01,0.99,0.99,0.92,0.89,0.1,0.7,0.6,0.31,0.88,0.83,0.39,0.69,0.63,0.42,0.94,0.71,0.31,-1.3,-0.6,-1.0,0.7633333333333328,0.8999999999999998,0.7466666666666666,0.8466666666666667,-0.5999999999999995,1.14,0.7,0.13,-0.18,-0.32,-0.47
2006-12-01,1.14,1.14,0.92,0.46,-0.3,0.99,0.7,0.6,0.99,0.88,0.83,0.92,0.69,0.63,0.89,0.94,0.71,0.1,-1.3,-0.6,0.9433333333333328,1.0033333333333332,0.8433333333333333,0.7633333333333333,-0.4999999999999995,0.7,0.13,-0.18,-0.32,-0.47,-0.35
2007-01-01,0.7,0.87,0.65,0.26,-0.8,1.14,0.99,0.7,1.14,0.99,0.88,0.92,0.92,0.69,0.46,0.89,0.94,-0.3,0.1,-1.3,0.9433333333333326,0.9999999999999999,0.83,0.5366666666666667,-0.33333333333333287,0.13,-0.18,-0.32,-0.47,-0.35,-0.59
2007-02-01,0.13,0.08,0.46,-0.14,-0.1,0.7,1.14,0.99,0.87,1.14,0.99,0.65,0.92,0.92,0.26,0.46,0.89,-0.8,-0.3,0.1,0.656666666666666,0.6966666666666664,0.6766666666666666,0.19333333333333336,-0.39999999999999963,-0.18,-0.32,-0.47,-0.35,-0.59,-0.72
2007-03-01,-0.18,-0.4,0.34,0.19,0.2,0.13,0.7,1.14,0.08,0.87,1.14,0.46,0.65,0.92,-0.14,0.26,0.46,-0.1,-0.8,-0.3,0.21666666666666604,0.18333333333333326,0.4833333333333332,0.10333333333333333,-0.23333333333333292,-0.32,-0.47,-0.35,-0.59,-0.72,-1.11
2007-04-01,-0.32,-0.63,0.1,0.15,-0.1,-0.18,0.13,0.7,-0.4,0.08,0.87,0.34,0.46,0.65,0.19,-0.14,0.26,0.2,-0.1,-0.8,-0.12333333333333392,-0.31666666666666676,0.29999999999999993,0.06666666666666667,4.440892098500626e-16,-0.47,-0.35,-0.59,-0.72,-1.11,-1.39
2007-05-01,-0.47,-0.88,-0.08,0.42,-0.1,-0.32,-0.18,0.13,-0.63,-0.4,0.08,0.1,0.34,0.46,0.15,0.19,-0.14,-0.1,0.2,-0.1,-0.3233333333333339,-0.6366666666666667,0.11999999999999994,0.25333333333333335,4.440892098500626e-16,-0.35,-0.59,-0.72,-1.11,-1.39,-1.54
2007-06-01,-0.35,-0.72,-0.07,0.34,0.5,-0.47,-0.32,-0.18,-0.88,-0.63,-0.4,-0.08,0.1,0.34,0.42,0.15,0.19,-0.1,-0.1,0.2,-0.3800000000000006,-0.7433333333333335,-0.016666666666666743,0.30333333333333334,0.10000000000000044,-0.59,-0.72,-1.11,-1.39,-1.54,-1.58
2007-07-01,-0.59,-0.95,-0.22,0.36,-0.3,-0.35,-0.47,-0.32,-0.72,-0.88,-0.63,-0.07,-0.08,0.1,0.34,0.42,0.15,0.5,-0.1,-0.1,-0.4700000000000006,-0.8500000000000001,-0.1233333333333334,0.37333333333333335,0.03333333333333379,-0.72,-1.11,-1.39,-1.54,-1.58,-1.68
2007-08-01,-0.72,-1.18,-0.31,0.36,0.4,-0.59,-0.35,-0.47,-0.95,-0.72,-0.88,-0.22,-0.07,-0.08,0.36,0.34,0.42,-0.3,0.5,-0.1,-0.5533333333333339,-0.9500000000000001,-0.2000000000000001,0.35333333333333333,0.20000000000000048,-1.11,-1.39,-1.54,-1.58,-1.68,-1.67
2007-09-01,-1.11,-1.27,-0.65,0.36,0.2,-0.72,-0.59,-0.35,-1.18,-0.95,-0.72,-0.31,-0.22,-0.07,0.36,0.36,0.34,0.4,-0.3,0.5,-0.8066666666666672,-1.1333333333333333,-0.39333333333333337,0.36,0.10000000000000046,-1.39,-1.54,-1.58,-1.68,-1.67,-1.21
2007-10-01,-1.39,-1.43,-0.85,0.04,0.7,-1.11,-0.72,-0.59,-1.27,-1.18,-0.95,-0.65,-0.31,-0.22,0.36,0.36,0.36,0.2,0.4,-0.3,-1.073333333333334,-1.2933333333333332,-0.6033333333333334,0.25333333333333335,0.4333333333333338,-1.54,-1.58,-1.68,-1.67,-1.21,-0.99
2007-11-01,-1.54,-1.62,-1.09,-0.17,0.9,-1.39,-1.11,-0.72,-1.43,-1.27,-1.18,-0.85,-0.65,-0.31,0.04,0.36,0.36,0.7,0.2,0.4,-1.3466666666666673,-1.4400000000000002,-0.8633333333333334,0.07666666666666666,0.6000000000000004,-1.58,-1.68,-1.67,-1.21,-0.99,-0.84
2007-12-01,-1.58,-1.66,-1.12,-0.25,1.7,-1.54,-1.39,-1.11,-1.62,-1.43,-1.27,-1.09,-0.85,-0.65,-0.17,0.04,0.36,0.9,0.7,0.2,-1.5033333333333339,-1.57,-1.0200000000000002,-0.12666666666666668,1.1000000000000005,-1.68,-1.67,-1.21,-0.99,-0.84,-0.68
2008-01-01,-1.68,-1.46,-1.45,0.02,1.8,-1.58,-1.54,-1.39,-1.66,-1.62,-1.43,-1.12,-1.09,-0.85,-0.25,-0.17,0.04,1.7,0.9,0.7,-1.6000000000000008,-1.58,-1.22,-0.13333333333333333,1.466666666666667,-1.67,-1.21,-0.99,-0.84,-0.68,-0.3
2008-02-01,-1.67,-1.24,-1.58,0.07,2.6,-1.68,-1.58,-1.54,-1.46,-1.66,-1.62,-1.45,-1.12,-1.09,0.02,-0.25,-0.17,1.8,1.7,0.9,-1.6433333333333338,-1.4533333333333334,-1.3833333333333335,-0.05333333333333332,2.0333333333333337,-1.21,-0.99,-0.84,-0.68,-0.3,-0.13
2008-03-01,-1.21,-0.75,-1.35,0.1,1.4,-1.67,-1.68,-1.58,-1.24,-1.46,-1.66,-1.58,-1.45,-1.12,0.07,0.02,-0.25,2.6,1.8,1.7,-1.5200000000000007,-1.1500000000000001,-1.4600000000000002,0.06333333333333334,1.9333333333333342,-0.99,-0.84,-0.68,-0.3,-0.13,-0.25
2008-04-01,-0.99,-0.46,-1.16,-0.33,0.7,-1.21,-1.67,-1.68,-0.75,-1.24,-1.46,-1.35,-1.58,-1.45,0.1,0.07,0.02,1.4,2.6,1.8,-1.2900000000000007,-0.8166666666666668,-1.3633333333333333,-0.05333333333333334,1.566666666666667,-0.84,-0.68,-0.3,-0.13,-0.25,-0.35
2008-05-01,-0.84,-0.25,-1.11,0.16,-0.1,-0.99,-1.21,-1.67,-0.46,-0.75,-1.24,-1.16,-1.35,-1.58,-0.33,0.1,0.07,0.7,1.4,2.6,-1.0133333333333339,-0.48666666666666664,-1.2066666666666668,-0.023333333333333345,0.6666666666666673,-0.68,-0.3,-0.13,-0.25,-0.35,-0.46
2008-06-01,-0.68,-0.16,-1.01,0.49,0.6,-0.84,-0.99,-1.21,-0.25,-0.46,-0.75,-1.11,-1.16,-1.35,0.16,-0.33,0.1,-0.1,0.7,1.4,-0.8366666666666672,-0.29,-1.0933333333333335,0.10666666666666665,0.4000000000000006,-0.3,-0.13,-0.25,-0.35,-0.46,-0.86
2008-07-01,-0.3,0.28,-0.83,0.79,0.3,-0.68,-0.84,-0.99,-0.16,-0.25,-0.46,-1.01,-1.11,-1.16,0.49,0.16,-0.33,0.6,-0.1,0.7,-0.6066666666666672,-0.043333333333333314,-0.9833333333333335,0.48,0.2666666666666673,-0.13,-0.25,-0.35,-0.46,-0.86,-0.89
2008-08-01,-0.13,0.5,-0.75,0.42,1.0,-0.3,-0.68,-0.84,0.28,-0.16,-0.25,-0.83,-1.01,-1.11,0.79,0.49,0.16,0.3,0.6,-0.1,-0.3700000000000006,0.2066666666666667,-0.8633333333333334,0.5666666666666667,0.6333333333333339,-0.25,-0.35,-0.46,-0.86,-0.89,-0.79
2008-09-01,-0.25,0.3,-0.68,0.06,1.2,-0.13,-0.3,-0.68,0.5,0.28,-0.16,-0.75,-0.83,-1.01,0.42,0.79,0.49,1.0,0.3,0.6,-0.22666666666666724,0.36000000000000004,-0.7533333333333335,0.42333333333333334,0.8333333333333339,-0.35,-0.46,-0.86,-0.89,-0.79,-0.69
2008-10-01,-0.35,0.09,-0.59,0.03,1.3,-0.25,-0.13,-0.3,0.3,0.5,0.28,-0.68,-0.75,-0.83,0.06,0.42,0.79,1.2,1.0,0.3,-0.24333333333333393,0.2966666666666667,-0.6733333333333335,0.17,1.1666666666666672,-0.46,-0.86,-0.89,-0.79,-0.69,-0.35
2008-11-01,-0.46,-0.12,-0.72,-0.17,1.3,-0.35,-0.25,-0.13,0.09,0.3,0.5,-0.59,-0.68,-0.75,0.03,0.06,0.42,1.3,1.2,1.0,-0.35333333333333394,0.09000000000000004,-0.6633333333333334,-0.026666666666666672,1.2666666666666673,-0.86,-0.89,-0.79,-0.69,-0.35,0.06
2008-12-01,-0.86,-0.56,-0.81,-0.26,1.4,-0.46,-0.35,-0.25,-0.12,0.09,0.3,-0.72,-0.59,-0.68,-0.17,0.03,0.06,1.3,1.3,1.2,-0.5566666666666672,-0.19666666666666663,-0.7066666666666669,-0.13333333333333333,1.333333333333334,-0.89,-0.79,-0.69,-0.35,0.06,0.31
2009-01-01,-0.89,-0.51,-0.95,-0.13,1.1,-0.86,-0.46,-0.35,-0.56,-0.12,0.09,-0.81,-0.72,-0.59,-0.26,-0.17,0.03,1.4,1.3,1.3,-0.7366666666666672,-0.39666666666666667,-0.8266666666666668,-0.18666666666666668,1.2666666666666673,-0.79,-0.69,-0.35,0.06,0.31,0.48
2009-02-01,-0.79,-0.57,-0.85,0.31,1.9,-0.89,-0.86,-0.46,-0.51,-0.56,-0.12,-0.95,-0.81,-0.72,-0.13,-0.26,-0.17,1.1,1.4,1.3,-0.8466666666666672,-0.5466666666666666,-0.8700000000000001,-0.026666666666666672,1.4666666666666675,-0.69,-0.35,0.06,0.31,0.48,0.56
2009-03-01,-0.69,-0.71,-0.58,0.39,0.4,-0.79,-0.89,-0.86,-0.57,-0.51,-0.56,-0.85,-0.95,-0.81,0.31,-0.13,-0.26,1.9,1.1,1.4,-0.7900000000000006,-0.5966666666666666,-0.7933333333333334,0.19000000000000003,1.133333333333334,-0.35,0.06,0.31,0.48,0.56,0.68
2009-04-01,-0.35,-0.17,-0.26,-0.03,0.8,-0.69,-0.79,-0.89,-0.71,-0.57,-0.51,-0.58,-0.85,-0.95,0.39,0.31,-0.13,0.4,1.9,1.1,-0.6100000000000005,-0.4833333333333332,-0.5633333333333335,0.22333333333333336,1.0333333333333339,0.06,0.31,0.48,0.56,0.68,0.89
2009-05-01,0.06,0.29,-0.01,-0.13,-0.1,-0.35,-0.69,-0.79,-0.17,-0.71,-0.57,-0.26,-0.58,-0.85,-0.03,0.39,0.31,0.8,0.4,1.9,-0.32666666666666727,-0.19666666666666657,-0.2833333333333335,0.07666666666666667,0.36666666666666736,0.31,0.48,0.56,0.68,0.89,1.46
2009-06-01,0.31,0.56,0.18,0.01,0.1,0.06,-0.35,-0.69,0.29,-0.17,-0.71,-0.01,-0.26,-0.58,-0.13,-0.03,0.39,-0.1,0.8,0.4,0.006666666666666081,0.22666666666666677,-0.030000000000000155,-0.049999999999999996,0.26666666666666733,0.48,0.56,0.68,0.89,1.46,1.74
2009-07-01,0.48,0.69,0.29,-0.52,0.2,0.31,0.06,-0.35,0.56,0.29,-0.17,0.18,-0.01,-0.26,0.01,-0.13,-0.03,0.1,-0.1,0.8,0.2833333333333327,0.5133333333333334,0.15333333333333318,-0.21333333333333335,0.06666666666666733,0.56,0.68,0.89,1.46,1.74,1.52
2009-08-01,0.56,0.8,0.44,-0.3,-0.2,0.48,0.31,0.06,0.69,0.56,0.29,0.29,0.18,-0.01,-0.52,0.01,-0.13,0.2,0.1,-0.1,0.44999999999999946,0.6833333333333335,0.3033333333333332,-0.27,0.03333333333333401,0.68,0.89,1.46,1.74,1.52,1.25
2009-09-01,0.68,0.78,0.57,-0.17,0.3,0.56,0.48,0.31,0.8,0.69,0.56,0.44,0.29,0.18,-0.3,-0.52,0.01,-0.2,0.2,0.1,0.5733333333333328,0.7566666666666668,0.4333333333333332,-0.33,0.10000000000000066,0.89,1.46,1.74,1.52,1.25,0.9
2009-10-01,0.89,0.78,0.92,-0.1,-1.2,0.68,0.56,0.48,0.78,0.8,0.69,0.57,0.44,0.29,-0.17,-0.3,-0.52,0.3,-0.2,0.2,0.7099999999999994,0.7866666666666667,0.6433333333333332,-0.19000000000000003,-0.366666666666666,1.46,1.74,1.52,1.25,0.9,0.38
2009-11-01,1.46,1.08,1.12,-0.26,-0.6,0.89,0.68,0.56,0.78,0.78,0.8,0.92,0.57,0.44,-0.1,-0.17,-0.3,-1.2,0.3,-0.2,1.0099999999999996,0.8800000000000002,0.87,-0.17666666666666667,-0.4999999999999994,1.74,1.52,1.25,0.9,0.38,-0.22
2009-12-01,1.74,1.33,1.18,0.14,-0.7,1.46,0.89,0.68,1.08,0.78,0.78,1.12,0.92,0.57,-0.26,-0.1,-0.17,-0.6,-1.2,0.3,1.3633333333333326,1.0633333333333335,1.0733333333333333,-0.07333333333333332,-0.8333333333333326,1.52,1.25,0.9,0.38,-0.22,-0.69
2010-01-01,1.52,1.07,1.12,0.42,-1.1,1.74,1.46,0.89,1.33,1.08,0.78,1.18,1.12,0.92,0.14,-0.26,-0.1,-0.7,-0.6,-1.2,1.573333333333333,1.1600000000000001,1.14,0.09999999999999999,-0.7999999999999994,1.25,0.9,0.38,-0.22,-0.69,-1.07
2010-02-01,1.25,0.88,0.88,0.17,-1.5,1.52,1.74,1.46,1.07,1.33,1.08,1.12,1.18,1.12,0.42,0.14,-0.26,-1.1,-0.7,-0.6,1.5033333333333327,1.0933333333333335,1.0599999999999998,0.24333333333333337,-1.0999999999999994,0.9,0.38,-0.22,-0.69,-1.07,-1.39
2010-03-01,0.9,0.55,0.75,0.35,-0.7,1.25,1.52,1.74,0.88,1.07,1.33,0.88,1.12,1.18,0.17,0.42,0.14,-1.5,-1.1,-0.7,1.2233333333333327,0.8333333333333335,0.9166666666666665,0.31333333333333335,-1.0999999999999994,0.38,-0.22,-0.69,-1.07,-1.39,-1.6
2010-04-01,0.38,0.27,0.5,0.44,1.2,0.9,1.25,1.52,0.55,0.88,1.07,0.75,0.88,1.12,0.35,0.17,0.42,-0.7,-1.5,-1.1,0.8433333333333328,0.5666666666666668,0.7099999999999999,0.32,-0.33333333333333276,-0.22,-0.69,-1.07,-1.39,-1.6,-1.69
2010-05-01,-0.22,-0.17,0.1,-0.21,0.9,0.38,0.9,1.25,0.27,0.55,0.88,0.5,0.75,0.88,0.44,0.35,0.17,1.2,-0.7,-1.5,0.3533333333333328,0.21666666666666676,0.4499999999999999,0.19333333333333333,0.46666666666666723,-0.69,-1.07,-1.39,-1.6,-1.69,-1.64
2010-06-01,-0.69,-0.71,-0.31,-0.14,0.4,-0.22,0.38,0.9,-0.17,0.27,0.55,0.1,0.5,0.75,-0.21,0.44,0.35,0.9,1.2,-0.7,-0.17666666666666722,-0.20333333333333325,0.09666666666666653,0.03,0.8333333333333339,-1.07,-1.39,-1.6,-1.69,-1.64,-1.6
2010-07-01,-1.07,-1.01,-0.79,-0.17,1.8,-0.69,-0.22,0.38,-0.71,-0.17,0.27,-0.31,0.1,0.5,-0.14,-0.21,0.44,0.4,0.9,1.2,-0.6600000000000006,-0.6299999999999999,-0.3333333333333335,-0.17333333333333334,1.0333333333333339,-1.39,-1.6,-1.69,-1.64,-1.6,-1.54
2010-08-01,-1.39,-1.14,-1.25,-0.34,1.8,-1.07,-0.69,-0.22,-1.01,-0.71,-0.17,-0.79,-0.31,0.1,-0.17,-0.14,-0.21,1.8,0.4,0.9,-1.0500000000000005,-0.9533333333333333,-0.7833333333333335,-0.21666666666666667,1.333333333333334,-1.6,-1.69,-1.64,-1.6,-1.54,-1.11
2010-09-01,-1.6,-1.29,-1.44,-1.16,2.2,-1.39,-1.07,-0.69,-1.14,-1.01,-0.71,-1.25,-0.79,-0.31,-0.34,-0.17,-0.14,1.8,1.8,0.4,-1.3533333333333342,-1.1466666666666667,-1.1600000000000001,-0.5566666666666666,1.9333333333333338,-1.69,-1.64,-1.6,-1.54,-1.11,-0.93
2010-10-01,-1.69,-1.48,-1.61,-1.07,1.7,-1.6,-1.39,-1.07,-1.29,-1.14,-1.01,-1.44,-1.25,-0.79,-1.16,-0.34,-0.17,2.2,1.8,1.8,-1.5600000000000005,-1.3033333333333332,-1.4333333333333336,-0.8566666666666668,1.9000000000000006,-1.64,-1.6,-1.54,-1.11,-0.93,-0.77
2010-11-01,-1.64,-1.52,-1.59,-0.99,1.3,-1.69,-1.6,-1.39,-1.48,-1.29,-1.14,-1.61,-1.44,-1.25,-1.07,-1.16,-0.34,1.7,2.2,1.8,-1.6433333333333338,-1.4299999999999997,-1.5466666666666669,-1.0733333333333335,1.733333333333334,-1.6,-1.54,-1.11,-0.93,-0.77,-0.52
2010-12-01,-1.6,-1.5,-1.45,-0.39,2.9,-1.64,-1.69,-1.6,-1.52,-1.48,-1.29,-1.59,-1.61,-1.44,-0.99,-1.07,-1.16,1.3,1.7,2.2,-1.6433333333333338,-1.5,-1.55,-0.8166666666666668,1.9666666666666675,-1.54,-1.11,-0.93,-0.77,-0.52,-0.38
2011-01-01,-1.54,-1.26,-1.4,-0.05,2.3,-1.6,-1.64,-1.69,-1.5,-1.52,-1.48,-1.45,-1.59,-1.61,-0.39,-0.99,-1.07,2.9,1.3,1.7,-1.593333333333334,-1.4266666666666667,-1.4800000000000002,-0.4766666666666666,2.1666666666666674,-1.11,-0.93,-0.77,-0.52,-0.38,-0.43
2011-02-01,-1.11,-0.77,-1.05,-0.03,2.7,-1.54,-1.6,-1.64,-1.26,-1.5,-1.52,-1.4,-1.45,-1.59,-0.05,-0.39,-0.99,2.3,2.9,1.3,-1.4166666666666672,-1.1766666666666665,-1.3,-0.15666666666666668,2.633333333333334,-0.93,-0.77,-0.52,-0.38,-0.43,-0.65
2011-03-01,-0.93,-0.73,-0.81,0.17,2.5,-1.11,-1.54,-1.6,-0.77,-1.26,-1.5,-1.05,-1.4,-1.45,-0.03,-0.05,-0.39,2.7,2.3,2.9,-1.193333333333334,-0.9199999999999999,-1.0866666666666667,0.03000000000000001,2.5000000000000004,-0.77,-0.52,-0.38,-0.43,-0.65,-0.8
2011-04-01,-0.77,-0.33,-0.74,0.01,1.9,-0.93,-1.11,-1.54,-0.73,-0.77,-1.26,-0.81,-1.05,-1.4,0.17,-0.03,-0.05,2.5,2.7,2.3,-0.9366666666666673,-0.61,-0.8666666666666668,0.05000000000000001,2.3666666666666676,-0.52,-0.38,-0.43,-0.65,-0.8,-1.05
2011-05-01,-0.52,-0.29,-0.57,-0.11,0.4,-0.77,-0.93,-1.11,-0.33,-0.73,-0.77,-0.74,-0.81,-1.05,0.01,0.17,-0.03,1.9,2.5,2.7,-0.7400000000000007,-0.4499999999999999,-0.7066666666666669,0.023333333333333345,1.6000000000000008,-0.38,-0.43,-0.65,-0.8,-1.05,-1.19
2011-06-01,-0.38,-0.12,-0.51,0.06,0.2,-0.52,-0.77,-0.93,-0.29,-0.33,-0.73,-0.57,-0.74,-0.81,-0.11,0.01,0.17,0.4,1.9,2.5,-0.5566666666666672,-0.2466666666666666,-0.6066666666666668,-0.013333333333333336,0.8333333333333339,-0.43,-0.65,-0.8,-1.05,-1.19,-1.06
2011-07-01,-0.43,-0.2,-0.48,-0.04,1.0,-0.38,-0.52,-0.77,-0.12,-0.29,-0.33,-0.51,-0.57,-0.74,0.06,-0.11,0.01,0.2,0.4,1.9,-0.44333333333333397,-0.20333333333333325,-0.5200000000000001,-0.030000000000000002,0.533333333333334,-0.65,-0.8,-1.05,-1.19,-1.06,-0.87
2011-08-01,-0.65,-0.39,-0.63,0.03,0.4,-0.43,-0.38,-0.52,-0.2,-0.12,-0.29,-0.48,-0.51,-0.57,-0.04,0.06,-0.11,1.0,0.2,0.4,-0.48666666666666725,-0.23666666666666658,-0.5400000000000001,0.016666666666666663,0.533333333333334,-0.8,-1.05,-1.19,-1.06,-0.87,-0.67
2011-09-01,-0.8,-0.61,-0.76,0.37,1.0,-0.65,-0.43,-0.38,-0.39,-0.2,-0.12,-0.63,-0.48,-0.51,0.03,-0.04,0.06,0.4,1.0,0.2,-0.6266666666666673,-0.3999999999999999,-0.6233333333333335,0.12,0.8000000000000006,-1.05,-1.19,-1.06,-0.87,-0.67,-0.61
2011-10-01,-1.05,-1.06,-0.9,0.47,0.8,-0.8,-0.65,-0.43,-0.61,-0.39,-0.2,-0.76,-0.63,-0.48,0.37,0.03,-0.04,1.0,0.4,1.0,-0.8333333333333339,-0.6866666666666665,-0.7633333333333335,0.29,0.733333333333334,-1.19,-1.06,-0.87,-0.67,-0.61,-0.5
2011-11-01,-1.19,-1.12,-0.9,0.03,1.1,-1.05,-0.8,-0.65,-1.06,-0.61,-0.39,-0.9,-0.76,-0.63,0.47,0.37,0.03,0.8,1.0,0.4,-1.0133333333333339,-0.93,-0.8533333333333335,0.29,0.9666666666666673,-1.06,-0.87,-0.67,-0.61,-0.5,-0.32
2011-12-01,-1.06,-0.92,-1.01,0.09,2.5,-1.19,-1.05,-0.8,-1.12,-1.06,-0.61,-0.9,-0.9,-0.76,0.03,0.47,0.37,1.1,0.8,1.0,-1.1000000000000008,-1.0333333333333334,-0.9366666666666669,0.19666666666666666,1.4666666666666675,-0.87,-0.67,-0.61,-0.5,-0.32,0.02
2012-01-01,-0.87,-0.57,-1.02,0.1,1.1,-1.06,-1.19,-1.05,-0.92,-1.12,-1.06,-1.01,-0.9,-0.9,0.09,0.03,0.47,2.5,1.1,0.8,-1.0400000000000007,-0.87,-0.9766666666666669,0.07333333333333333,1.5666666666666675,-0.67,-0.61,-0.5,-0.32,0.02,0.25
2012-02-01,-0.67,-0.19,-0.91,-0.08,0.5,-0.87,-1.06,-1.19,-0.57,-0.92,-1.12,-1.02,-1.01,-0.9,0.1,0.09,0.03,1.1,2.5,1.1,-0.8666666666666673,-0.5599999999999999,-0.9800000000000003,0.03666666666666667,1.3666666666666671,-0.61,-0.5,-0.32,0.02,0.25,0.47
2012-03-01,-0.61,-0.18,-0.77,0.19,0.7,-0.67,-0.87,-1.06,-0.19,-0.57,-0.92,-0.91,-1.02,-1.01,-0.08,0.1,0.09,0.5,1.1,2.5,-0.7166666666666672,-0.31333333333333324,-0.9000000000000002,0.07,0.7666666666666672,-0.5,-0.32,0.02,0.25,0.47,0.38
2012-04-01,-0.5,-0.02,-0.59,-0.44,-0.3,-0.61,-0.67,-0.87,-0.18,-0.19,-0.57,-0.77,-0.91,-1.02,0.19,-0.08,0.1,0.7,0.5,1.1,-0.5933333333333338,-0.12999999999999992,-0.7566666666666668,-0.10999999999999999,0.30000000000000054,-0.32,0.02,0.25,0.47,0.38,0.26
2012-05-01,-0.32,0.09,-0.52,-0.69,0.0,-0.5,-0.61,-0.67,-0.02,-0.18,-0.19,-0.59,-0.77,-0.91,-0.44,0.19,-0.08,-0.3,0.7,0.5,-0.47666666666666724,-0.03666666666666659,-0.6266666666666668,-0.3133333333333333,0.13333333333333391,0.02,0.25,0.47,0.38,0.26,0.16
2012-06-01,0.02,0.44,-0.39,0.0,-0.4,-0.32,-0.5,-0.61,0.09,-0.02,-0.18,-0.52,-0.59,-0.77,-0.69,-0.44,0.19,0.0,-0.3,0.7,-0.2666666666666673,0.17000000000000007,-0.5000000000000001,-0.37666666666666665,-0.23333333333333273,0.25,0.47,0.38,0.26,0.16,-0.25
2012-07-01,0.25,0.57,-0.26,0.51,-0.0,0.02,-0.32,-0.5,0.44,0.09,-0.02,-0.39,-0.52,-0.59,0.0,-0.69,-0.44,-0.4,0.0,-0.3,-0.016666666666667256,0.3666666666666667,-0.3900000000000001,-0.05999999999999998,-0.13333333333333275,0.47,0.38,0.26,0.16,-0.25,-0.53
2012-08-01,0.47,0.52,0.08,0.82,-0.2,0.25,0.02,-0.32,0.57,0.44,0.09,-0.26,-0.39,-0.52,0.51,0.0,-0.69,-0.0,-0.4,0.0,0.24666666666666606,0.5100000000000001,-0.19000000000000017,0.44333333333333336,-0.19999999999999943,0.38,0.26,0.16,-0.25,-0.53,-0.52
2012-09-01,0.38,0.34,0.21,0.52,0.2,0.47,0.25,0.02,0.52,0.57,0.44,0.08,-0.26,-0.39,0.82,0.51,0.0,-0.2,-0.0,-0.4,0.3666666666666661,0.47666666666666674,0.009999999999999842,0.6166666666666667,5.921189464667501e-16,0.26,0.16,-0.25,-0.53,-0.52,-0.25
2012-10-01,0.26,0.02,0.31,0.3,0.3,0.38,0.47,0.25,0.34,0.52,0.57,0.21,0.08,-0.26,0.52,0.82,0.51,0.2,-0.2,-0.0,0.3699999999999994,0.2933333333333334,0.19999999999999984,0.5466666666666666,0.10000000000000059,0.16,-0.25,-0.53,-0.52,-0.25,-0.25
2012-11-01,0.16,-0.02,0.3,0.05,0.3,0.26,0.38,0.47,0.02,0.34,0.52,0.31,0.21,0.08,0.3,0.52,0.82,0.3,0.2,-0.2,0.2666666666666661,0.11333333333333341,0.2733333333333332,0.29,0.2666666666666673,-0.25,-0.53,-0.52,-0.25,-0.25,-0.4
2012-12-01,-0.25,-0.42,0.06,0.09,-0.6,0.16,0.26,0.38,-0.02,0.02,0.34,0.3,0.31,0.21,0.05,0.3,0.52,0.3,0.3,0.2,0.05666666666666609,-0.13999999999999993,0.2233333333333332,0.14666666666666667,5.921189464667501e-16,-0.53,-0.52,-0.25,-0.25,-0.4,-0.42
2013-01-01,-0.53,-0.66,-0.08,0.06,-0.1,-0.25,0.16,0.26,-0.42,-0.02,0.02,0.06,0.3,0.31,0.09,0.05,0.3,-0.6,0.3,0.3,-0.20666666666666725,-0.36666666666666664,0.09333333333333317,0.06666666666666667,-0.13333333333333275,-0.52,-0.25,-0.25,-0.4,-0.42,-0.39
2013-02-01,-0.52,-0.56,-0.19,-0.09,-0.2,-0.53,-0.25,0.16,-0.66,-0.42,-0.02,-0.08,0.06,0.3,0.06,0.09,0.05,-0.1,-0.6,0.3,-0.43333333333333396,-0.5466666666666665,-0.07000000000000016,0.020000000000000004,-0.29999999999999943,-0.25,-0.25,-0.4,-0.42,-0.39,-0.38
2013-03-01,-0.25,-0.12,-0.37,-0.03,1.5,-0.52,-0.53,-0.25,-0.56,-0.66,-0.42,-0.19,-0.08,0.06,-0.09,0.06,0.09,-0.2,-0.1,-0.6,-0.43333333333333396,-0.4466666666666666,-0.21333333333333349,-0.02,0.4000000000000005,-0.25,-0.4,-0.42,-0.39,-0.38,-0.18
2013-04-01,-0.25,-0.36,-0.27,-0.15,0.2,-0.25,-0.52,-0.53,-0.12,-0.56,-0.66,-0.37,-0.19,-0.08,-0.03,-0.09,0.06,1.5,-0.2,-0.1,-0.3400000000000006,-0.3466666666666665,-0.27666666666666684,-0.09000000000000001,0.5000000000000006,-0.4,-0.42,-0.39,-0.38,-0.18,-0.2
2013-05-01,-0.4,-0.82,-0.23,-0.62,0.8,-0.25,-0.25,-0.52,-0.36,-0.12,-0.56,-0.27,-0.37,-0.19,-0.15,-0.03,-0.09,0.2,1.5,-0.2,-0.3000000000000006,-0.4333333333333332,-0.29000000000000015,-0.26666666666666666,0.8333333333333339,-0.42,-0.39,-0.38,-0.18,-0.2,-0.14
2013-06-01,-0.42,-0.89,-0.2,-0.51,1.2,-0.4,-0.25,-0.25,-0.82,-0.36,-0.12,-0.23,-0.27,-0.37,-0.62,-0.15,-0.03,0.8,0.2,1.5,-0.3566666666666673,-0.69,-0.2333333333333335,-0.4266666666666667,0.7333333333333338,-0.39,-0.38,-0.18,-0.2,-0.14,-0.17
2013-07-01,-0.39,-0.7,-0.24,-0.36,0.8,-0.42,-0.4,-0.25,-0.89,-0.82,-0.36,-0.2,-0.23,-0.27,-0.51,-0.62,-0.15,1.2,0.8,0.2,-0.40333333333333393,-0.8033333333333332,-0.2233333333333335,-0.49666666666666676,0.9333333333333339,-0.38,-0.18,-0.2,-0.14,-0.17,-0.49
2013-08-01,-0.38,-0.65,-0.18,-0.22,0.2,-0.39,-0.42,-0.4,-0.7,-0.89,-0.82,-0.24,-0.2,-0.23,-0.36,-0.51,-0.62,0.8,1.2,0.8,-0.3966666666666672,-0.7466666666666666,-0.2066666666666668,-0.36333333333333334,0.7333333333333338,-0.18,-0.2,-0.14,-0.17,-0.49,-0.62
2013-09-01,-0.18,-0.33,-0.11,-0.34,0.3,-0.38,-0.39,-0.42,-0.65,-0.7,-0.89,-0.18,-0.24,-0.2,-0.22,-0.36,-0.51,0.2,0.8,1.2,-0.31666666666666726,-0.5599999999999999,-0.17666666666666678,-0.3066666666666667,0.43333333333333385,-0.2,-0.14,-0.17,-0.49,-0.62,-0.28
2013-10-01,-0.2,-0.19,-0.04,-0.22,-0.1,-0.18,-0.38,-0.39,-0.33,-0.65,-0.7,-0.11,-0.18,-0.24,-0.34,-0.22,-0.36,0.3,0.2,0.8,-0.2533333333333339,-0.3899999999999999,-0.11000000000000014,-0.26,0.13333333333333386,-0.14,-0.17,-0.49,-0.62,-0.28,0.08
2013-11-01,-0.14,-0.2,0.04,-0.06,0.7,-0.2,-0.18,-0.38,-0.19,-0.33,-0.65,-0.04,-0.11,-0.18,-0.22,-0.34,-0.22,-0.1,0.3,0.2,-0.17333333333333392,-0.2399999999999999,-0.03666666666666681,-0.2066666666666667,0.3000000000000005,-0.17,-0.49,-0.62,-0.28,0.08,0.32
2013-12-01,-0.17,-0.13,-0.06,-0.25,0.1,-0.14,-0.2,-0.18,-0.2,-0.19,-0.33,0.04,-0.04,-0.11,-0.06,-0.22,-0.34,0.7,-0.1,0.3,-0.1700000000000006,-0.17333333333333323,-0.020000000000000146,-0.17666666666666667,0.2333333333333338,-0.49,-0.62,-0.28,0.08,0.32,0.23
2014-01-01,-0.49,-0.43,-0.18,-0.15,1.4,-0.17,-0.14,-0.2,-0.13,-0.2,-0.19,-0.06,0.04,-0.04,-0.25,-0.06,-0.22,0.1,0.7,-0.1,-0.2666666666666673,-0.25333333333333324,-0.0666666666666668,-0.15333333333333335,0.7333333333333338,-0.62,-0.28,0.08,0.32,0.23,-0.06
2014-02-01,-0.62,-0.79,0.07,-0.07,0.1,-0.49,-0.17,-0.14,-0.43,-0.13,-0.2,-0.18,-0.06,0.04,-0.15,-0.25,-0.06,1.4,0.1,0.7,-0.4266666666666672,-0.4499999999999999,-0.05666666666666681,-0.15666666666666668,0.5333333333333339,-0.28,0.08,0.32,0.23,-0.06,-0.03
2014-03-01,-0.28,-0.32,0.28,-0.44,-0.9,-0.62,-0.49,-0.17,-0.79,-0.43,-0.13,0.07,-0.18,-0.06,-0.07,-0.15,-0.25,0.1,1.4,0.1,-0.463333333333334,-0.5133333333333333,0.05666666666666653,-0.22,0.20000000000000048,0.08,0.32,0.23,-0.06,-0.03,0.29
2014-04-01,0.08,0.06,0.35,-0.19,0.8,-0.28,-0.62,-0.49,-0.32,-0.79,-0.43,0.28,0.07,-0.18,-0.44,-0.07,-0.15,-0.9,0.1,1.4,-0.2733333333333339,-0.3499999999999999,0.23333333333333317,-0.2333333333333333,5.181040781584064e-16,0.32,0.23,-0.06,-0.03,0.29,0.44
2014-05-01,0.32,0.38,0.53,-0.08,0.5,0.08,-0.28,-0.62,0.06,-0.32,-0.79,0.35,0.28,0.07,-0.19,-0.44,-0.07,0.8,-0.9,0.1,0.039999999999999446,0.04000000000000011,0.3866666666666665,-0.2366666666666667,0.13333333333333386,0.23,-0.06,-0.03,0.29,0.44,0.75
2014-06-01,0.23,0.53,0.39,-0.24,0.2,0.32,0.08,-0.28,0.38,0.06,-0.32,0.53,0.35,0.28,-0.08,-0.19,-0.44,0.5,0.8,-0.9,0.20999999999999944,0.3233333333333335,0.4233333333333332,-0.17,0.5000000000000006,-0.06,-0.03,0.29,0.44,0.75,0.71
2014-07-01,-0.06,0.31,0.14,-0.4,-0.2,0.23,0.32,0.08,0.53,0.38,0.06,0.39,0.53,0.35,-0.24,-0.08,-0.19,0.2,0.5,0.8,0.1633333333333328,0.4066666666666668,0.3533333333333332,-0.24,0.16666666666666718,-0.03,0.29,0.44,0.75,0.71,0.51
2014-08-01,-0.03,0.18,0.25,-0.57,-0.7,-0.06,0.23,0.32,0.31,0.53,0.38,0.14,0.39,0.53,-0.4,-0.24,-0.08,-0.2,0.2,0.5,0.046666666666666114,0.34000000000000014,0.25999999999999984,-0.4033333333333333,-0.2333333333333328,0.29,0.44,0.75,0.71,0.51,0.42
2014-09-01,0.29,0.37,0.39,-0.51,-0.7,-0.03,-0.06,0.23,0.18,0.31,0.53,0.25,0.14,0.39,-0.57,-0.4,-0.24,-0.7,-0.2,0.2,0.06666666666666611,0.2866666666666668,0.25999999999999984,-0.49333333333333335,-0.5333333333333328,0.44,0.75,0.71,0.51,0.42,0.47
2014-10-01,0.44,0.58,0.48,-0.02,-0.6,0.29,-0.03,-0.06,0.37,0.18,0.31,0.39,0.25,0.14,-0.51,-0.57,-0.4,-0.7,-0.7,-0.2,0.2333333333333328,0.37666666666666676,0.37333333333333324,-0.36666666666666664,-0.6666666666666661,0.75,0.71,0.51,0.42,0.47,0.7
2014-11-01,0.75,0.77,0.73,0.09,-0.9,0.44,0.29,-0.03,0.58,0.37,0.18,0.48,0.39,0.25,-0.02,-0.51,-0.57,-0.6,-0.7,-0.7,0.4933333333333328,0.5733333333333335,0.5333333333333332,-0.1466666666666667,-0.7333333333333328,0.71,0.51,0.42,0.47,0.7,0.92
2014-12-01,0.71,0.68,0.76,-0.21,-0.6,0.75,0.44,0.29,0.77,0.58,0.37,0.73,0.48,0.39,0.09,-0.02,-0.51,-0.9,-0.6,-0.7,0.6333333333333327,0.6766666666666669,0.6566666666666664,-0.04666666666666671,-0.6999999999999994,0.51,0.42,0.47,0.7,0.92,1.18
2015-01-01,0.51,0.35,0.75,-0.36,-0.8,0.71,0.75,0.44,0.68,0.77,0.58,0.76,0.73,0.48,-0.21,0.09,-0.02,-0.6,-0.9,-0.6,0.6566666666666662,0.6000000000000002,0.7466666666666665,-0.16000000000000003,-0.7666666666666662,0.42,0.47,0.7,0.92,1.18,1.46
2015-02-01,0.42,0.05,0.87,-0.29,0.2,0.51,0.71,0.75,0.35,0.68,0.77,0.75,0.76,0.73,-0.36,-0.21,0.09,-0.8,-0.6,-0.9,0.5466666666666661,0.36000000000000015,0.7933333333333331,-0.2866666666666667,-0.39999999999999947,0.47,0.7,0.92,1.18,1.46,1.93
2015-03-01,0.47,0.1,0.9,-0.05,-0.7,0.42,0.51,0.71,0.05,0.35,0.68,0.87,0.75,0.76,-0.29,-0.36,-0.21,0.2,-0.8,-0.6,0.4666666666666661,0.16666666666666682,0.8399999999999999,-0.23333333333333336,-0.43333333333333285,0.7,0.92,1.18,1.46,1.93,2.21
2015-04-01,0.7,0.63,0.98,0.16,-0.0,0.47,0.42,0.51,0.1,0.05,0.35,0.9,0.87,0.75,-0.05,-0.29,-0.36,-0.7,0.2,-0.8,0.5299999999999995,0.2600000000000002,0.9166666666666665,-0.06000000000000003,-0.1666666666666661,0.92,1.18,1.46,1.93,2.21,2.36
2015-05-01,0.92,0.94,0.94,0.17,-0.7,0.7,0.47,0.42,0.63,0.1,0.05,0.98,0.9,0.87,0.16,-0.05,-0.29,-0.0,-0.7,0.2,0.6966666666666662,0.5566666666666668,0.9399999999999998,0.09333333333333331,-0.4666666666666661,1.18,1.46,1.93,2.21,2.36,2.72
2015-06-01,1.18,1.45,0.92,0.31,-0.6,0.92,0.7,0.47,0.94,0.63,0.1,0.94,0.98,0.9,0.17,0.16,-0.05,-0.7,-0.0,-0.7,0.9333333333333327,1.0066666666666668,0.9466666666666667,0.2133333333333333,-0.43333333333333285,1.46,1.93,2.21,2.36,2.72,2.66
2015-07-01,1.46,1.85,0.88,0.46,-1.1,1.18,0.92,0.7,1.45,0.94,0.63,0.92,0.94,0.98,0.31,0.17,0.16,-0.6,-0.7,-0.0,1.1866666666666659,1.4133333333333333,0.9133333333333332,0.3133333333333333,-0.7999999999999995,1.93,2.21,2.36,2.72,2.66,2.57
2015-08-01,1.93,2.09,0.99,0.51,-1.4,1.46,1.18,0.92,1.85,1.45,0.94,0.88,0.92,0.94,0.46,0.31,0.17,-1.1,-0.6,-0.7,1.5233333333333328,1.7966666666666669,0.9299999999999998,0.4266666666666666,-1.033333333333333,2.21,2.36,2.72,2.66,2.57,2.26
2015-09-01,2.21,2.5,1.06,0.72,-1.6,1.93,1.46,1.18,2.09,1.85,1.45,0.99,0.88,0.92,0.51,0.46,0.31,-1.4,-1.1,-0.6,1.866666666666666,2.146666666666667,0.9766666666666666,0.5633333333333334,-1.3666666666666663,2.36,2.72,2.66,2.57,2.26,1.62
2015-10-01,2.36,2.62,1.08,0.51,-1.7,2.21,1.93,1.46,2.5,2.09,1.85,1.06,0.99,0.88,0.72,0.51,0.46,-1.6,-1.4,-1.1,2.166666666666666,2.4033333333333333,1.0433333333333332,0.58,-1.5666666666666662,2.72,2.66,2.57,2.26,1.62,0.91
2015-11-01,2.72,2.84,1.44,0.44,-0.5,2.36,2.21,1.93,2.62,2.5,2.09,1.08,1.06,0.99,0.51,0.72,0.51,-1.7,-1.6,-1.4,2.4299999999999997,2.6533333333333338,1.1933333333333331,0.5566666666666666,-1.2666666666666662,2.66,2.57,2.26,1.62,0.91,0.3
2015-12-01,2.66,2.84,1.37,0.04,-0.6,2.72,2.36,2.21,2.84,2.62,2.5,1.44,1.08,1.06,0.44,0.51,0.72,-0.5,-1.7,-1.6,2.5799999999999996,2.766666666666667,1.2966666666666666,0.33,-0.9333333333333328,2.57,2.26,1.62,0.91,0.3,-0.03
2016-01-01,2.57,2.59,1.22,-0.22,-2.2,2.66,2.72,2.36,2.84,2.84,2.62,1.37,1.44,1.08,0.04,0.44,0.51,-0.6,-0.5,-1.7,2.65,2.7566666666666664,1.343333333333333,0.08666666666666667,-1.0999999999999996,2.26,1.62,0.91,0.3,-0.03,-0.48
2016-02-01,2.26,1.97,1.22,-0.4,-2.0,2.57,2.66,2.72,2.59,2.84,2.84,1.22,1.37,1.44,-0.22,0.04,0.44,-2.2,-0.6,-0.5,2.496666666666666,2.4666666666666663,1.2699999999999998,-0.19333333333333336,-1.5999999999999996,1.62,0.91,0.3,-0.03,-0.48,-0.58
2016-03-01,1.62,1.53,1.07,-0.24,-0.1,2.26,2.57,2.66,1.97,2.59,2.84,1.22,1.22,1.37,-0.4,-0.22,0.04,-2.0,-2.2,-0.6,2.1499999999999995,2.0300000000000002,1.1699999999999997,-0.2866666666666667,-1.433333333333333,0.91,0.3,-0.03,-0.48,-0.58,-0.58
2016-04-01,0.91,0.62,0.74,-0.21,-1.2,1.62,2.26,2.57,1.53,1.97,2.59,1.07,1.22,1.22,-0.24,-0.4,-0.22,-0.1,-2.0,-2.2,1.596666666666666,1.3733333333333333,1.0099999999999998,-0.2833333333333334,-1.0999999999999996,0.3,-0.03,-0.48,-0.58,-0.58,-0.74
2016-05-01,0.3,-0.03,0.53,-0.53,0.4,0.91,1.62,2.26,0.62,1.53,1.97,0.74,1.07,1.22,-0.21,-0.24,-0.4,-1.2,-0.1,-2.0,0.9433333333333329,0.7066666666666669,0.7799999999999998,-0.32666666666666666,-0.29999999999999954,-0.03,-0.48,-0.58,-0.58,-0.74,-0.76
2016-06-01,-0.03,-0.14,0.39,-0.76,0.6,0.3,0.91,1.62,-0.03,0.62,1.53,0.53,0.74,1.07,-0.53,-0.21,-0.24,0.4,-1.2,-0.1,0.39333333333333287,0.15000000000000013,0.5533333333333331,-0.5,-0.06666666666666625,-0.48,-0.58,-0.58,-0.74,-0.76,-0.5
2016-07-01,-0.48,-0.61,0.15,-1.08,0.4,-0.03,0.3,0.91,-0.14,-0.03,0.62,0.39,0.53,0.74,-0.76,-0.53,-0.21,0.6,0.4,-1.2,-0.07000000000000044,-0.25999999999999984,0.35666666666666647,-0.79,0.46666666666666706,-0.58,-0.58,-0.74,-0.76,-0.5,-0.43
2016-08-01,-0.58,-0.53,-0.06,-0.58,0.7,-0.48,-0.03,0.3,-0.61,-0.14,-0.03,0.15,0.39,0.53,-1.08,-0.76,-0.53,0.4,0.6,0.4,-0.36333333333333373,-0.4266666666666665,0.15999999999999978,-0.8066666666666666,0.566666666666667,-0.58,-0.74,-0.76,-0.5,-0.43,-0.08
2016-09-01,-0.58,-0.26,-0.25,-0.96,1.2,-0.58,-0.48,-0.03,-0.53,-0.61,-0.14,-0.06,0.15,0.39,-0.58,-1.08,-0.76,0.7,0.4,0.6,-0.5466666666666671,-0.46666666666666656,-0.05333333333333356,-0.8733333333333334,0.7666666666666669,-0.74,-0.76,-0.5,-0.43,-0.08,0.03
2016-10-01,-0.74,-0.56,-0.44,-0.84,-0.3,-0.58,-0.58,-0.48,-0.26,-0.53,-0.61,-0.25,-0.06,0.15,-0.96,-0.58,-1.08,1.2,0.7,0.4,-0.6333333333333337,-0.4499999999999999,-0.2500000000000002,-0.7933333333333333,0.5333333333333337,-0.76,-0.5,-0.43,-0.08,0.03,0.22
2016-11-01,-0.76,-0.62,-0.46,-0.46,-0.1,-0.74,-0.58,-0.58,-0.56,-0.26,-0.53,-0.44,-0.25,-0.06,-0.84,-0.96,-0.58,-0.3,1.2,0.7,-0.6933333333333337,-0.4799999999999998,-0.3833333333333335,-0.7533333333333333,0.266666666666667,-0.5,-0.43,-0.08,0.03,0.22,0.37
2016-12-01,-0.5,-0.47,-0.19,-0.28,0.3,-0.76,-0.74,-0.58,-0.62,-0.56,-0.26,-0.46,-0.44,-0.25,-0.46,-0.84,-0.96,-0.1,-0.3,1.2,-0.6666666666666671,-0.5499999999999998,-0.36333333333333356,-0.5266666666666666,-0.03333333333333299,-0.43,-0.08,0.03,0.22,0.37,0.34
2017-01-01,-0.43,-0.08,-0.16,0.01,0.2,-0.5,-0.76,-0.74,-0.47,-0.62,-0.56,-0.19,-0.46,-0.44,-0.28,-0.46,-0.84,0.3,-0.1,-0.3,-0.5633333333333338,-0.38999999999999985,-0.27000000000000024,-0.24333333333333337,0.13333333333333366,-0.08,0.03,0.22,0.37,0.34,0.25
2017-02-01,-0.08,0.42,-0.09,0.05,-0.1,-0.43,-0.5,-0.76,-0.08,-0.47,-0.62,-0.16,-0.19,-0.46,0.01,-0.28,-0.46,0.2,0.3,-0.1,-0.3366666666666671,-0.04333333333333319,-0.1466666666666669,-0.07333333333333335,0.13333333333333366,0.03,0.22,0.37,0.34,0.25,-0.16
2017-03-01,0.03,0.35,-0.03,0.31,0.9,-0.08,-0.43,-0.5,0.42,-0.08,-0.47,-0.09,-0.16,-0.19,0.05,0.01,-0.28,-0.1,0.2,0.3,-0.16000000000000045,0.23000000000000012,-0.09333333333333356,0.12333333333333334,0.3333333333333337,0.22,0.37,0.34,0.25,-0.16,-0.43
2017-04-01,0.22,0.45,0.06,0.43,-0.2,0.03,-0.08,-0.43,0.35,0.42,-0.08,-0.03,-0.09,-0.16,0.31,0.05,0.01,0.9,-0.1,0.2,0.05666666666666622,0.4066666666666668,-0.020000000000000222,0.26333333333333336,0.2000000000000004,0.37,0.34,0.25,-0.16,-0.43,-0.56
2017-05-01,0.37,0.29,0.19,0.61,0.3,0.22,0.03,-0.08,0.45,0.35,0.42,0.06,-0.03,-0.09,0.43,0.31,0.05,-0.2,0.9,-0.1,0.20666666666666622,0.36333333333333345,0.07333333333333311,0.44999999999999996,0.3333333333333337,0.34,0.25,-0.16,-0.43,-0.56,-0.97
2017-06-01,0.34,0.06,0.32,0.36,-0.4,0.37,0.22,0.03,0.29,0.45,0.35,0.19,0.06,-0.03,0.61,0.43,0.31,0.3,-0.2,0.9,0.30999999999999955,0.26666666666666683,0.1899999999999998,0.4666666666666666,-0.09999999999999964,0.25,-0.16,-0.43,-0.56,-0.97,-0.98
2017-07-01,0.25,0.04,0.26,0.37,0.8,0.34,0.37,0.22,0.06,0.29,0.45,0.32,0.19,0.06,0.36,0.61,0.43,-0.4,0.3,-0.2,0.31999999999999956,0.13000000000000014,0.25666666666666643,0.4466666666666666,0.2333333333333337,-0.16,-0.43,-0.56,-0.97,-0.98,-0.98
2017-08-01,-0.16,-0.25,0.08,0.72,0.5,0.25,0.34,0.37,0.04,0.06,0.29,0.26,0.32,0.19,0.37,0.36,0.61,0.8,-0.4,0.3,0.1433333333333329,-0.04999999999999985,0.21999999999999978,0.48333333333333334,0.3000000000000003,-0.43,-0.56,-0.97,-0.98,-0.98,-0.78
2017-09-01,-0.43,-0.72,-0.04,0.19,0.6,-0.16,0.25,0.34,-0.25,0.04,0.06,0.08,0.26,0.32,0.72,0.37,0.36,0.5,0.8,-0.4,-0.11333333333333379,-0.30999999999999983,0.09999999999999977,0.4266666666666666,0.6333333333333337,-0.56,-0.97,-0.98,-0.98,-0.78,-0.8
2017-10-01,-0.56,-0.72,-0.2,0.22,0.9,-0.43,-0.16,0.25,-0.72,-0.25,0.04,-0.04,0.08,0.26,0.19,0.72,0.37,0.6,0.5,0.8,-0.3833333333333338,-0.5633333333333331,-0.05333333333333356,0.37666666666666665,0.666666666666667,-0.97,-0.98,-0.98,-0.78,-0.8,-0.51
2017-11-01,-0.97,-1.08,-0.4,0.21,0.9,-0.56,-0.43,-0.16,-0.72,-0.72,-0.25,-0.2,-0.04,0.08,0.22,0.19,0.72,0.9,0.6,0.5,-0.6533333333333338,-0.8399999999999999,-0.21333333333333357,0.20666666666666667,0.8000000000000004,-0.98,-0.98,-0.78,-0.8,-0.51,-0.2
2017-12-01,-0.98,-1.22,-0.52,-0.14,-0.1,-0.97,-0.56,-0.43,-1.08,-0.72,-0.72,-0.4,-0.2,-0.04,0.21,0.22,0.19,0.9,0.9,0.6,-0.836666666666667,-1.0066666666666666,-0.3733333333333335,0.09666666666666666,0.566666666666667,-0.98,-0.78,-0.8,-0.51,-0.2,0.04
2018-01-01,-0.98,-1.18,-0.44,0.17,1.1,-0.98,-0.97,-0.56,-1.22,-1.08,-0.72,-0.52,-0.4,-0.2,-0.14,0.21,0.22,-0.1,0.9,0.9,-0.976666666666667,-1.16,-0.4533333333333336,0.08,0.6333333333333337,-0.78,-0.8,-0.51,-0.2,0.04,0.12
2018-02-01,-0.78,-0.9,-0.35,0.49,-0.5,-0.98,-0.98,-0.97,-1.18,-1.22,-1.08,-0.44,-0.52,-0.4,0.17,-0.14,0.21,1.1,-0.1,0.9,-0.9133333333333339,-1.0999999999999999,-0.4366666666666669,0.17333333333333334,0.1666666666666671,-0.8,-0.51,-0.2,0.04,0.12,0.09
2018-03-01,-0.8,-0.93,-0.22,0.08,1.5,-0.78,-0.98,-0.98,-0.9,-1.18,-1.22,-0.35,-0.44,-0.52,0.49,0.17,-0.14,-0.5,1.1,-0.1,-0.8533333333333338,-1.0033333333333332,-0.3366666666666669,0.24666666666666667,0.7000000000000005,-0.51,-0.2,0.04,0.12,0.09,0.47
2018-04-01,-0.51,-0.62,0.02,0.05,0.5,-0.8,-0.78,-0.98,-0.93,-0.9,-1.18,-0.22,-0.35,-0.44,0.08,0.49,0.17,1.5,-0.5,1.1,-0.6966666666666672,-0.8166666666666665,-0.18333333333333357,0.20666666666666667,0.5000000000000003,-0.2,0.04,0.12,0.09,0.47,0.9
2018-05-01,-0.2,-0.33,0.16,0.14,0.4,-0.51,-0.8,-0.78,-0.62,-0.93,-0.9,0.02,-0.22,-0.35,0.05,0.08,0.49,0.5,1.5,-0.5,-0.5033333333333337,-0.6266666666666666,-0.013333333333333558,0.09000000000000001,0.8000000000000003,0.04,0.12,0.09,0.47,0.9,0.9
2018-06-01,0.04,0.01,0.24,0.06,-0.1,-0.2,-0.51,-0.8,-0.33,-0.62,-0.93,0.16,0.02,-0.22,0.14,0.05,0.08,0.4,0.5,1.5,-0.2233333333333338,-0.3133333333333332,0.13999999999999976,0.08333333333333333,0.26666666666666705,0.12,0.09,0.47,0.9,0.9,0.89
2018-07-01,0.12,0.11,0.23,0.33,0.2,0.04,-0.2,-0.51,0.01,-0.33,-0.62,0.24,0.16,0.02,0.06,0.14,0.05,-0.1,0.4,0.5,-0.01333333333333378,-0.06999999999999985,0.20999999999999977,0.17666666666666667,0.16666666666666705,0.09,0.47,0.9,0.9,0.89,0.65
2018-08-01,0.09,-0.06,0.45,0.36,-0.3,0.12,0.04,-0.2,0.11,0.01,-0.33,0.23,0.24,0.16,0.33,0.06,0.14,0.2,-0.1,0.4,0.08333333333333288,0.020000000000000146,0.3066666666666664,0.25,-0.06666666666666628,0.47,0.9,0.9,0.89,0.65,0.71
2018-09-01,0.47,0.35,0.58,0.67,-0.9,0.09,0.12,0.04,-0.06,0.11,0.01,0.45,0.23,0.24,0.36,0.33,0.06,-0.3,0.2,-0.1,0.2266666666666662,0.13333333333333347,0.41999999999999976,0.4533333333333333,-0.333333333333333,0.9,0.9,0.89,0.65,0.71,0.81
2018-10-01,0.9,0.75,0.95,0.36,0.4,0.47,0.09,0.12,0.35,-0.06,0.11,0.58,0.45,0.23,0.67,0.36,0.33,-0.9,-0.3,0.2,0.4866666666666662,0.34666666666666685,0.6599999999999998,0.4633333333333333,-0.2666666666666663,0.9,0.89,0.65,0.71,0.81,0.62
2018-11-01,0.9,0.9,0.92,0.46,-0.1,0.9,0.47,0.09,0.75,0.35,-0.06,0.95,0.58,0.45,0.36,0.67,0.36,0.4,-0.9,-0.3,0.7566666666666663,0.6666666666666669,0.8166666666666664,0.49666666666666665,-0.19999999999999962,0.89,0.65,0.71,0.81,0.62,0.55
2018-12-01,0.89,0.92,0.91,0.41,1.0,0.9,0.9,0.47,0.9,0.75,0.35,0.92,0.95,0.58,0.46,0.36,0.67,-0.1,0.4,-0.9,0.8966666666666662,0.8566666666666668,0.9266666666666664,0.41,0.43333333333333374,0.65,0.71,0.81,0.62,0.55,0.45
2019-01-01,0.65,0.6,0.76,0.15,-0.0,0.89,0.9,0.9,0.92,0.9,0.75,0.91,0.92,0.95,0.41,0.46,0.36,1.0,-0.1,0.4,0.8133333333333329,0.8066666666666668,0.8633333333333332,0.34,0.3000000000000004,0.71,0.81,0.62,0.55,0.45,0.35
2019-02-01,0.71,0.59,0.71,-0.06,-1.4,0.65,0.89,0.9,0.6,0.92,0.9,0.76,0.91,0.92,0.15,0.41,0.46,-0.0,1.0,-0.1,0.7499999999999996,0.7033333333333335,0.7933333333333331,0.16666666666666666,-0.13333333333333294,0.81,0.62,0.55,0.45,0.35,0.04
2019-03-01,0.81,0.64,0.64,0.03,-0.3,0.71,0.65,0.89,0.59,0.6,0.92,0.71,0.76,0.91,-0.06,0.15,0.41,-1.4,-0.0,1.0,0.7233333333333328,0.6100000000000002,0.7033333333333331,0.04,-0.5666666666666663,0.62,0.55,0.45,0.35,0.04,0.03
2019-04-01,0.62,0.55,0.52,0.3,0.1,0.81,0.71,0.65,0.64,0.59,0.6,0.64,0.71,0.76,0.03,-0.06,0.15,-0.3,-1.4,-0.0,0.7133333333333329,0.5933333333333334,0.6233333333333331,0.09000000000000001,-0.5333333333333329,0.55,0.45,0.35,0.04,0.03,0.48
2019-05-01,0.55,0.5,0.54,0.83,-0.4,0.62,0.81,0.71,0.55,0.64,0.59,0.52,0.64,0.71,0.3,0.03,-0.06,0.1,-0.3,-1.4,0.6599999999999996,0.5633333333333335,0.5666666666666664,0.38666666666666666,-0.19999999999999962,0.45,0.35,0.04,0.03,0.48,0.52
2019-06-01,0.45,0.2,0.61,0.88,-0.5,0.55,0.62,0.81,0.5,0.55,0.64,0.54,0.52,0.64,0.83,0.3,0.03,-0.4,0.1,-0.3,0.5399999999999995,0.4166666666666668,0.5566666666666664,0.6699999999999999,-0.26666666666666633,0.35,0.04,0.03,0.48,0.52,0.52
2019-07-01,0.35,-0.1,0.76,0.8,-0.4,0.45,0.55,0.62,0.2,0.5,0.55,0.61,0.54,0.52,0.88,0.83,0.3,-0.5,-0.4,0.1,0.44999999999999957,0.20000000000000015,0.6366666666666665,0.8366666666666668,-0.43333333333333296,0.04,0.03,0.48,0.52,0.52,0.6
2019-08-01,0.04,-0.32,0.65,1.42,-0.1,0.35,0.45,0.55,-0.1,0.2,0.5,0.76,0.61,0.54,0.8,0.88,0.83,-0.4,-0.5,-0.4,0.2799999999999995,-0.07333333333333318,0.673333333333333,1.0333333333333334,-0.333333333333333,0.03,0.48,0.52,0.52,0.6,0.37
2019-09-01,0.03,-0.27,0.58,1.38,-1.2,0.04,0.35,0.45,-0.32,-0.1,0.2,0.65,0.76,0.61,1.42,0.8,0.88,-0.1,-0.4,-0.5,0.13999999999999954,-0.22999999999999984,0.6633333333333331,1.2,-0.5666666666666663,0.48,0.52,0.52,0.6,0.37,0.48
2019-10-01,0.48,0.16,0.75,1.78,-0.4,0.03,0.04,0.35,-0.27,-0.32,-0.1,0.58,0.65,0.76,1.38,1.42,0.8,-1.2,-0.1,-0.4,0.1833333333333329,-0.1433333333333332,0.6599999999999998,1.5266666666666666,-0.5666666666666663,0.52,0.52,0.6,0.37,0.48,0.36
2019-11-01,0.52,0.33,0.76,1.78,-0.8,0.48,0.03,0.04,0.16,-0.27,-0.32,0.75,0.58,0.65,1.78,1.38,1.42,-0.4,-1.2,-0.1,0.3433333333333329,0.07333333333333351,0.6966666666666663,1.6466666666666665,-0.7999999999999997,0.52,0.6,0.37,0.48,0.36,-0.27
2019-12-01,0.52,0.24,0.87,0.82,-0.6,0.52,0.48,0.03,0.33,0.16,-0.27,0.76,0.75,0.58,1.78,1.78,1.38,-0.8,-0.4,-1.2,0.5066666666666663,0.2433333333333335,0.7933333333333331,1.46,-0.5999999999999996,0.6,0.37,0.48,0.36,-0.27,-0.34
2020-01-01,0.6,0.22,0.85,0.18,0.2,0.52,0.52,0.48,0.24,0.33,0.16,0.87,0.76,0.75,0.82,1.78,1.78,-0.6,-0.8,-0.4,0.5466666666666663,0.2633333333333335,0.8266666666666665,0.9266666666666666,-0.3999999999999997,0.37,0.48,0.36,-0.27,-0.34,-0.3
2020-02-01,0.37,0.1,0.78,-0.21,-0.1,0.6,0.52,0.52,0.22,0.24,0.33,0.85,0.87,0.76,0.18,0.82,1.78,0.2,-0.6,-0.8,0.4966666666666663,0.18666666666666684,0.833333333333333,0.2633333333333333,-0.1666666666666663,0.48,0.36,-0.27,-0.34,-0.3,-0.59
2020-03-01,0.48,0.2,0.75,-0.12,-0.1,0.37,0.6,0.52,0.1,0.22,0.24,0.78,0.85,0.87,-0.21,0.18,0.82,-0.1,0.2,-0.6,0.48333333333333295,0.17333333333333353,0.793333333333333,-0.049999999999999996,3.7007434154171886e-16,0.36,-0.27,-0.34,-0.3,-0.59,-0.83
2020-04-01,0.36,0.27,0.52,-0.08,0.2,0.48,0.37,0.6,0.2,0.1,0.22,0.75,0.78,0.85,-0.12,-0.21,0.18,-0.1,-0.1,0.2,0.4033333333333329,0.1900000000000002,0.6833333333333331,-0.13666666666666666,3.7007434154171886e-16,-0.27,-0.34,-0.3,-0.59,-0.83,-1.26
2020-05-01,-0.27,-0.33,0.09,0.39,0.4,0.36,0.48,0.37,0.27,0.2,0.1,0.52,0.75,0.78,-0.08,-0.12,-0.21,0.2,-0.1,-0.1,0.18999999999999959,0.046666666666666856,0.45333333333333314,0.06333333333333334,0.16666666666666705,-0.34,-0.3,-0.59,-0.83,-1.26,-1.42
2020-06-01,-0.34,-0.69,0.12,0.57,-0.4,-0.27,0.36,0.48,-0.33,0.27,0.2,0.09,0.52,0.75,0.39,-0.08,-0.12,0.4,0.2,-0.1,-0.08333333333333376,-0.24999999999999978,0.2433333333333331,0.2933333333333333,0.06666666666666703,-0.3,-0.59,-0.83,-1.26,-1.42,-1.15
2020-07-01,-0.3,-0.59,-0.01,0.36,0.4,-0.34,-0.27,0.36,-0.69,-0.33,0.27,0.12,0.09,0.52,0.57,0.39,-0.08,-0.4,0.4,0.2,-0.30333333333333373,-0.5366666666666665,0.06666666666666644,0.43999999999999995,0.13333333333333372,-0.59,-0.83,-1.26,-1.42,-1.15,-1.0
2020-08-01,-0.59,-0.61,-0.31,-0.16,1.1,-0.3,-0.34,-0.27,-0.59,-0.69,-0.33,-0.01,0.12,0.09,0.36,0.57,0.39,0.4,-0.4,0.4,-0.41000000000000036,-0.6299999999999998,-0.06666666666666689,0.25666666666666665,0.3666666666666671,-0.83,-1.26,-1.42,-1.15,-1.0,-1.0
2020-09-01,-0.83,-0.99,-0.55,-0.32,0.9,-0.59,-0.3,-0.34,-0.61,-0.59,-0.69,-0.31,-0.01,0.12,-0.16,0.36,0.57,1.1,0.4,-0.4,-0.5733333333333337,-0.7299999999999999,-0.29000000000000026,-0.04,0.8000000000000004,-1.26,-1.42,-1.15,-1.0,-1.0,-0.8
2020-10-01,-1.26,-1.1,-0.8,-0.04,0.5,-0.83,-0.59,-0.3,-0.99,-0.61,-0.59,-0.55,-0.31,-0.01,-0.32,-0.16,0.36,0.9,1.1,0.4,-0.8933333333333336,-0.8999999999999998,-0.5533333333333336,-0.17333333333333334,0.8333333333333336,-1.42,-1.15,-1.0,-1.0,-0.8,-0.72
2020-11-01,-1.42,-1.21,-0.9,0.07,0.7,-1.26,-0.83,-0.59,-1.1,-0.99,-0.61,-0.8,-0.55,-0.31,-0.04,-0.32,-0.16,0.5,0.9,1.1,-1.1700000000000004,-1.0999999999999996,-0.7500000000000003,-0.09666666666666664,0.7000000000000003,-1.15,-1.0,-1.0,-0.8,-0.72,-0.46
2020-12-01,-1.15,-0.82,-1.0,0.18,1.8,-1.42,-1.26,-0.83,-1.21,-1.1,-0.99,-0.9,-0.8,-0.55,0.07,-0.04,-0.32,0.7,0.5,0.9,-1.276666666666667,-1.0433333333333332,-0.9000000000000002,0.06999999999999999,1.0000000000000004,-1.0,-1.0,-0.8,-0.72,-0.46,-0.28
2021-01-01,-1.0,-0.62,-1.05,0.26,1.9,-1.15,-1.42,-1.26,-0.82,-1.21,-1.1,-1.0,-0.9,-0.8,0.18,0.07,-0.04,1.8,0.7,0.5,-1.1900000000000004,-0.8833333333333332,-0.9833333333333337,0.17,1.466666666666667,-1.0,-0.8,-0.72,-0.46,-0.28,-0.39
2021-02-01,-1.0,-0.73,-0.96,0.18,1.5,-1.0,-1.15,-1.42,-0.62,-0.82,-1.21,-1.05,-1.0,-0.9,0.26,0.18,0.07,1.9,1.8,0.7,-1.0500000000000005,-0.723333333333333,-1.0033333333333336,0.20666666666666667,1.7333333333333336,-0.8,-0.72,-0.46,-0.28,-0.39,-0.53
2021-03-01,-0.8,-0.69,-0.65,0.1,0.4,-1.0,-1.0,-1.15,-0.73,-0.62,-0.82,-0.96,-1.05,-1.0,0.18,0.26,0.18,1.5,1.9,1.8,-0.9333333333333339,-0.6799999999999997,-0.886666666666667,0.18000000000000002,1.266666666666667,-0.72,-0.46,-0.28,-0.39,-0.53,-0.55
2021-04-01,-0.72,-0.79,-0.43,0.28,0.3,-0.8,-1.0,-1.0,-0.69,-0.73,-0.62,-0.65,-0.96,-1.05,0.1,0.18,0.26,0.4,1.5,1.9,-0.8400000000000004,-0.7366666666666664,-0.6800000000000003,0.18666666666666668,0.7333333333333338,-0.46,-0.28,-0.39,-0.53,-0.55,-0.94
2021-05-01,-0.46,-0.56,-0.21,-0.33,0.5,-0.72,-0.8,-1.0,-0.79,-0.69,-0.73,-0.43,-0.65,-0.96,0.28,0.1,0.18,0.3,0.4,1.5,-0.6600000000000005,-0.6799999999999997,-0.4300000000000003,0.01666666666666668,0.4000000000000004,-0.28,-0.39,-0.53,-0.55,-0.94,-0.94
2021-06-01,-0.28,-0.32,-0.14,-0.47,0.4,-0.46,-0.72,-0.8,-0.56,-0.79,-0.69,-0.21,-0.43,-0.65,-0.33,0.28,0.1,0.5,0.3,0.4,-0.4866666666666671,-0.5566666666666665,-0.2600000000000003,-0.1733333333333333,0.4000000000000004,-0.39,-0.53,-0.55,-0.94,-0.94,-1.06
2021-07-01,-0.39,-0.32,-0.23,-0.48,1.4,-0.28,-0.46,-0.72,-0.32,-0.56,-0.79,-0.14,-0.21,-0.43,-0.47,-0.33,0.28,0.4,0.5,0.3,-0.37666666666666715,-0.39999999999999974,-0.19333333333333366,-0.4266666666666666,0.766666666666667,-0.53,-0.55,-0.94,-0.94,-1.06,-0.94
2021-08-01,-0.53,-0.45,-0.28,-0.34,0.6,-0.39,-0.28,-0.46,-0.32,-0.32,-0.56,-0.23,-0.14,-0.21,-0.48,-0.47,-0.33,1.4,0.4,0.5,-0.4000000000000005,-0.3633333333333331,-0.216666666666667,-0.42999999999999994,0.8000000000000004,-0.55,-0.94,-0.94,-1.06,-0.94,-0.89
2021-09-01,-0.55,-0.43,-0.54,-0.13,0.8,-0.53,-0.39,-0.28,-0.45,-0.32,-0.32,-0.28,-0.23,-0.14,-0.34,-0.48,-0.47,0.6,1.4,0.4,-0.4900000000000005,-0.39999999999999974,-0.35000000000000037,-0.31666666666666665,0.9333333333333337,-0.94,-0.94,-1.06,-0.94,-0.89,-0.97
2021-10-01,-0.94,-0.78,-0.73,-0.69,0.7,-0.55,-0.53,-0.39,-0.43,-0.45,-0.32,-0.54,-0.28,-0.23,-0.13,-0.34,-0.48,0.8,0.6,1.4,-0.6733333333333338,-0.5533333333333331,-0.516666666666667,-0.38666666666666666,0.7000000000000005,-0.94,-1.06,-0.94,-0.89,-0.97,-1.11
2021-11-01,-0.94,-1.03,-0.68,-0.38,1.0,-0.94,-0.55,-0.53,-0.78,-0.43,-0.45,-0.73,-0.54,-0.28,-0.69,-0.13,-0.34,0.7,0.8,0.6,-0.8100000000000005,-0.7466666666666665,-0.6500000000000004,-0.3999999999999999,0.8333333333333338,-1.06,-0.94,-0.89,-0.97,-1.11,-1.11
2021-12-01,-1.06,-1.27,-0.74,-0.2,1.5,-0.94,-0.94,-0.55,-1.03,-0.78,-0.43,-0.68,-0.73,-0.54,-0.38,-0.69,-0.13,1.0,0.7,0.8,-0.9800000000000004,-1.0266666666666664,-0.7166666666666671,-0.42333333333333334,1.066666666666667,-0.94,-0.89,-0.97,-1.11,-1.11,-0.75
2022-01-01,-0.94,-1.31,-0.37,-0.26,0.5,-1.06,-0.94,-0.94,-1.27,-1.03,-0.78,-0.74,-0.68,-0.73,-0.2,-0.38,-0.69,1.5,1.0,0.7,-0.9800000000000004,-1.2033333333333331,-0.596666666666667,-0.28,1.0000000000000004,-0.89,-0.97,-1.11,-1.11,-0.75,-0.69
2022-02-01,-0.89,-1.14,-0.37,-0.37,1.1,-0.94,-1.06,-0.94,-1.31,-1.27,-1.03,-0.37,-0.74,-0.68,-0.26,-0.2,-0.38,0.5,1.5,1.0,-0.9633333333333338,-1.2399999999999998,-0.4933333333333336,-0.27666666666666667,1.0333333333333339,-0.97,-1.11,-1.11,-0.75,-0.69,-0.97
2022-03-01,-0.97,-0.73,-0.69,-0.11,1.8,-0.89,-0.94,-1.06,-1.14,-1.31,-1.27,-0.37,-0.37,-0.74,-0.37,-0.26,-0.2,1.1,0.5,1.5,-0.9333333333333337,-1.0599999999999998,-0.476666666666667,-0.2466666666666667,1.1333333333333337,-1.11,-1.11,-0.75,-0.69,-0.97,-1.07
2022-04-01,-1.11,-0.92,-0.83,-0.37,1.7,-0.97,-0.89,-0.94,-0.73,-1.14,-1.31,-0.69,-0.37,-0.37,-0.11,-0.37,-0.26,1.8,1.1,0.5,-0.9900000000000005,-0.9299999999999997,-0.6300000000000002,-0.2833333333333333,1.5333333333333339,-1.11,-0.75,-0.69,-0.97,-1.07,-0.99
2022-05-01,-1.11,-1.05,-0.8,-0.55,1.4,-1.11,-0.97,-0.89,-0.92,-0.73,-1.14,-0.83,-0.69,-0.37,-0.37,-0.11,-0.37,1.7,1.8,1.1,-1.0633333333333337,-0.8999999999999998,-0.7733333333333338,-0.3433333333333333,1.6333333333333337,-0.75,-0.69,-0.97,-1.07,-0.99,-0.9
2022-06-01,-0.75,-0.81,-0.7,-0.69,1.7,-1.11,-1.11,-0.97,-1.05,-0.92,-0.73,-0.8,-0.83,-0.69,-0.55,-0.37,-0.11,1.4,1.7,1.8,-0.9900000000000005,-0.9266666666666664,-0.776666666666667,-0.5366666666666666,1.6000000000000005,-0.69,-0.97,-1.07,-0.99,-0.9,-0.85
2022-07-01,-0.69,-0.53,-0.98,-1.06,0.8,-0.75,-1.11,-1.11,-0.81,-1.05,-0.92,-0.7,-0.8,-0.83,-0.69,-0.55,-0.37,1.7,1.4,1.7,-0.8500000000000005,-0.7966666666666665,-0.826666666666667,-0.7666666666666666,1.3000000000000005,-0.97,-1.07,-0.99,-0.9,-0.85,-0.72
2022-08-01,-0.97,-0.67,-1.09,-1.17,1.0,-0.69,-0.75,-1.11,-0.53,-0.81,-1.05,-0.98,-0.7,-0.8,-1.06,-0.69,-0.55,0.8,1.7,1.4,-0.8033333333333337,-0.6699999999999998,-0.9233333333333338,-0.9733333333333333,1.1666666666666672,-1.07,-0.99,-0.9,-0.85,-0.72,-0.46
2022-09-01,-1.07,-0.96,-1.17,-1.07,1.6,-0.97,-0.69,-0.75,-0.67,-0.53,-0.81,-1.09,-0.98,-0.7,-1.17,-1.06,-0.69,1.0,0.8,1.7,-0.9100000000000005,-0.7199999999999998,-1.0800000000000003,-1.0999999999999999,1.1333333333333337,-0.99,-0.9,-0.85,-0.72,-0.46,-0.11
2022-10-01,-0.99,-1.11,-1.12,-0.97,1.7,-1.07,-0.97,-0.69,-0.96,-0.67,-0.53,-1.17,-1.09,-0.98,-1.07,-1.17,-1.06,1.6,1.0,0.8,-1.0100000000000005,-0.9133333333333331,-1.126666666666667,-1.07,1.4333333333333338,-0.9,-0.85,-0.72,-0.46,-0.11,0.14
2022-11-01,-0.9,-0.94,-0.99,-0.59,0.3,-0.99,-1.07,-0.97,-1.11,-0.96,-0.67,-1.12,-1.17,-1.09,-0.97,-1.07,-1.17,1.7,1.6,1.0,-0.9866666666666672,-1.0033333333333332,-1.0933333333333337,-0.8766666666666666,1.2000000000000004,-0.85,-0.72,-0.46,-0.11,0.14,0.46
2022-12-01,-0.85,-0.82,-0.84,-0.09,2.1,-0.9,-0.99,-1.07,-0.94,-1.11,-0.96,-0.99,-1.12,-1.17,-0.59,-0.97,-1.07,0.3,1.7,1.6,-0.9133333333333337,-0.9566666666666666,-0.9833333333333337,-0.5499999999999999,1.3666666666666671,-0.72,-0.46,-0.11,0.14,0.46,0.84
2023-01-01,-0.72,-0.56,-0.66,0.09,1.4,-0.85,-0.9,-0.99,-0.82,-0.94,-1.11,-0.84,-0.99,-1.12,-0.09,-0.59,-0.97,2.1,0.3,1.7,-0.8233333333333338,-0.7733333333333331,-0.8300000000000004,-0.19666666666666666,1.266666666666667,-0.46,-0.11,0.14,0.46,0.84,1.02
2023-02-01,-0.46,-0.1,-0.55,0.32,1.4,-0.72,-0.85,-0.9,-0.56,-0.82,-0.94,-0.66,-0.84,-0.99,0.09,-0.09,-0.59,1.4,2.1,0.3,-0.6766666666666672,-0.4933333333333331,-0.6833333333333337,0.10666666666666667,1.6333333333333337,-0.11,0.14,0.46,0.84,1.02,1.35
2023-03-01,-0.11,0.3,-0.25,0.37,0.2,-0.46,-0.72,-0.85,-0.1,-0.56,-0.82,-0.55,-0.66,-0.84,0.32,0.09,-0.09,1.4,1.4,2.1,-0.43000000000000044,-0.11999999999999982,-0.4866666666666671,0.26,1.0000000000000004,0.14,0.46,0.84,1.02,1.35,1.6
2023-04-01,0.14,0.47,0.13,0.38,0.2,-0.11,-0.46,-0.72,0.3,-0.1,-0.56,-0.25,-0.55,-0.66,0.37,0.32,0.09,0.2,1.4,1.4,-0.14333333333333378,0.22333333333333352,-0.22333333333333372,0.35666666666666663,0.6000000000000004,0.46,0.84,1.02,1.35,1.6,1.72
2023-05-01,0.46,0.84,0.3,0.02,-1.0,0.14,-0.11,-0.46,0.47,0.3,-0.1,0.13,-0.25,-0.55,0.38,0.37,0.32,0.2,0.2,1.4,0.16333333333333291,0.5366666666666668,0.05999999999999963,0.25666666666666665,-0.19999999999999954,0.84,1.02,1.35,1.6,1.72,2.02
2023-06-01,0.84,1.26,0.58,-0.08,0.3,0.46,0.14,-0.11,0.84,0.47,0.3,0.3,0.13,-0.25,0.02,0.38,0.37,-1.0,0.2,0.2,0.47999999999999954,0.8566666666666668,0.3366666666666663,0.10666666666666667,-0.16666666666666624,1.02,1.35,1.6,1.72,2.02,2.03
2023-07-01,1.02,1.6,0.7,0.12,-0.3,0.84,0.46,0.14,1.26,0.84,0.47,0.58,0.3,0.13,-0.08,0.02,0.38,0.3,-1.0,0.2,0.7733333333333329,1.2333333333333336,0.5266666666666663,0.02,-0.33333333333333287,1.35,1.6,1.72,2.02,2.03,1.81
2023-08-01,1.35,2.0,0.93,0.71,-0.8,1.02,0.84,0.46,1.6,1.26,0.84,0.7,0.58,0.3,0.12,-0.08,0.02,-0.3,0.3,-1.0,1.0699999999999996,1.6200000000000003,0.7366666666666662,0.25,-0.2666666666666662,1.6,1.72,2.02,2.03,1.81,1.52
2023-09-01,1.6,2.1,1.12,0.84,-1.3,1.35,1.02,0.84,2.0,1.6,1.26,0.93,0.7,0.58,0.71,0.12,-0.08,-0.8,-0.3,0.3,1.323333333333333,1.9000000000000004,0.9166666666666664,0.5566666666666666,-0.7999999999999995,1.72,2.02,2.03,1.81,1.52,1.13
2023-10-01,1.72,2.15,1.23,1.44,-0.5,1.6,1.35,1.02,2.1,2.0,1.6,1.12,0.93,0.7,0.84,0.71,0.12,-1.3,-0.8,-0.3,1.5566666666666664,2.0833333333333335,1.0933333333333328,0.9966666666666667,-0.8666666666666663,2.02,2.03,1.81,1.52,1.13,0.77
2023-11-01,2.02,2.1,1.51,1.5,-0.8,1.72,1.6,1.35,2.15,2.1,2.0,1.23,1.12,0.93,1.44,0.84,0.71,-0.5,-1.3,-0.8,1.7799999999999994,2.1166666666666667,1.2866666666666664,1.26,-0.8666666666666663,2.03,1.81,1.52,1.13,0.77,0.23
2023-12-01,2.03,2.02,1.5,1.2,-0.2,2.02,1.72,1.6,2.1,2.15,2.1,1.51,1.23,1.12,1.5,1.44,0.84,-0.8,-0.5,-1.3,1.9233333333333327,2.0900000000000003,1.4133333333333329,1.3800000000000001,-0.49999999999999956,1.81,1.52,1.13,0.77,0.23,0.17
2024-01-01,1.81,1.85,1.54,0.82,0.5,2.03,2.02,1.72,2.02,2.1,2.15,1.5,1.51,1.23,1.2,1.5,1.44,-0.2,-0.8,-0.5,1.953333333333333,1.9900000000000002,1.5166666666666664,1.1733333333333331,-0.16666666666666624,1.52,1.13,0.77,0.23,0.17,0.04
2024-02-01,1.52,1.52,1.26,0.3,-1.4,1.81,2.03,2.02,1.85,2.02,2.1,1.54,1.5,1.51,0.82,1.2,1.5,0.5,-0.2,-0.8,1.786666666666666,1.7966666666666669,1.433333333333333,0.7733333333333333,-0.3666666666666662,1.13,0.77,0.23,0.17,0.04,-0.12
2024-03-01,1.13,0.83,0.99,0.54,0.4,1.52,1.81,2.03,1.52,1.85,2.02,1.26,1.54,1.5,0.3,0.82,1.2,-1.4,0.5,-0.2,1.4866666666666661,1.4000000000000001,1.263333333333333,0.5533333333333333,-0.16666666666666619,0.77,0.23,0.17,0.04,-0.12,-0.26
2024-04-01,0.77,0.5,0.92,0.33,-0.2,1.13,1.52,1.81,0.83,1.52,1.85,0.99,1.26,1.54,0.54,0.3,0.82,0.4,-1.4,0.5,1.1399999999999995,0.9500000000000002,1.0566666666666664,0.38999999999999996,-0.39999999999999947,0.23,0.17,0.04,-0.12,-0.26,-0.27
2024-05-01,0.23,-0.19,0.79,0.16,0.5,0.77,1.13,1.52,0.5,0.83,1.52,0.92,0.99,1.26,0.33,0.54,0.3,-0.2,0.4,-1.4,0.7099999999999994,0.3800000000000001,0.8999999999999996,0.3433333333333333,0.23333333333333384,0.17,0.04,-0.12,-0.26,-0.27,-0.25
2024-06-01,0.17,-0.27,0.71,-0.09,0.0,0.23,0.77,1.13,-0.19,0.5,0.83,0.79,0.92,0.99,0.16,0.33,0.54,0.5,-0.2,0.4,0.3899999999999994,0.013333333333333475,0.8066666666666663,0.1333333333333333,0.10000000000000048,0.04,-0.12,-0.26,-0.27,-0.25,-0.6
2024-07-01,0.04,-0.14,0.51,-0.35,-0.7,0.17,0.23,0.77,-0.27,-0.19,0.5,0.71,0.79,0.92,-0.09,0.16,0.33,0.0,0.5,-0.2,0.14666666666666608,-0.19999999999999987,0.6699999999999996,-0.09333333333333337,-0.06666666666666617,-0.12,-0.26,-0.27,-0.25,-0.6,-0.74
2024-08-01,-0.12,-0.29,0.41,0.26,0.9,0.04,0.17,0.23,-0.14,-0.27,-0.19,0.51,0.71,0.79,-0.35,-0.09,0.16,-0.7,0.0,0.5,0.029999999999999416,-0.23333333333333317,0.543333333333333,-0.06000000000000002,0.06666666666666717,-0.26,-0.27,-0.25,-0.6,-0.74,-0.43
2024-09-01,-0.26,-0.2,0.15,0.11,-0.1,-0.12,0.04,0.17,-0.29,-0.14,-0.27,0.41,0.51,0.71,0.26,-0.35,-0.09,0.9,-0.7,0.0,-0.11333333333333391,-0.20999999999999985,0.3566666666666663,0.00666666666666664,0.03333333333333383,-0.27,-0.25,-0.6,-0.74,-0.43,0.01
2024-10-01,-0.27,-0.16,0.12,-0.36,0.5,-0.26,-0.12,0.04,-0.2,-0.29,-0.14,0.15,0.41,0.51,0.11,0.26,-0.35,-0.1,0.9,-0.7,-0.21666666666666723,-0.21666666666666654,0.22666666666666627,0.0033333333333332993,0.43333333333333385,-0.25,-0.6,-0.74,-0.43,0.01,-0.14
2024-11-01,-0.25,-0.16,0.12,-0.49,0.5,-0.27,-0.26,-0.12,-0.16,-0.2,-0.29,0.12,0.15,0.41,-0.36,0.11,0.26,0.5,-0.1,0.9,-0.2600000000000006,-0.1733333333333332,0.12999999999999964,-0.2466666666666667,0.3000000000000005,-0.6,-0.74,-0.43,0.01,-0.14,-0.13
2024-12-01,-0.6,-0.39,-0.28,-0.5,1.2,-0.25,-0.27,-0.26,-0.16,-0.16,-0.2,0.12,0.12,0.15,-0.49,-0.36,0.11,0.5,0.5,-0.1,-0.3733333333333339,-0.2366666666666665,-0.013333333333333705,-0.45,0.7333333333333338,-0.74,-0.43,0.01,-0.14,-0.13,-0.07
2025-01-01,-0.74,-0.3,-0.55,-0.39,0.2,-0.6,-0.25,-0.27,-0.39,-0.16,-0.16,-0.28,0.12,0.12,-0.5,-0.49,-0.36,1.2,0.5,0.5,-0.5300000000000006,-0.28333333333333316,-0.23666666666666705,-0.46,0.6333333333333339,-0.43,0.01,-0.14,-0.13,-0.07,-0.14
2025-02-01,-0.43,0.02,-0.52,0.0,0.5,-0.74,-0.6,-0.25,-0.3,-0.39,-0.16,-0.55,-0.28,0.12,-0.39,-0.5,-0.49,0.2,1.2,0.5,-0.5900000000000005,-0.22333333333333316,-0.4500000000000004,-0.2966666666666667,0.6333333333333337,0.01,-0.14,-0.13,-0.07,-0.14,-0.36
2025-03-01,0.01,0.45,-0.34,0.25,1.7,-0.43,-0.74,-0.6,0.02,-0.3,-0.39,-0.52,-0.55,-0.28,0.0,-0.39,-0.5,0.5,0.2,1.2,-0.3866666666666672,0.05666666666666683,-0.4700000000000004,-0.04666666666666671,0.8000000000000004,-0.14,-0.13,-0.07,-0.14,-0.36,-0.47
2025-04-01,-0.14,0.05,-0.17,0.2,0.5,0.01,-0.43,-0.74,0.45,0.02,-0.3,-0.34,-0.52,-0.55,0.25,0.0,-0.39,1.7,0.5,0.2,-0.1866666666666672,0.17333333333333348,-0.3433333333333337,0.14999999999999997,0.9000000000000004,-0.13,-0.07,-0.14,-0.36,-0.47,-0.5
2025-05-01,-0.13,-0.13,0.04,0.21,0.4,-0.14,0.01,-0.43,0.05,0.45,0.02,-0.17,-0.34,-0.52,0.2,0.25,0.0,0.5,1.7,0.5,-0.08666666666666722,0.12333333333333348,-0.15666666666666704,0.21999999999999997,0.8666666666666671,-0.07,-0.14,-0.36,-0.47,-0.5,-0.7
2025-06-01,-0.07,-0.08,0.17,-0.06,0.3,-0.13,-0.14,0.01,-0.13,0.05,0.45,0.04,-0.17,-0.34,0.21,0.2,0.25,0.4,0.5,1.7,-0.1133333333333339,-0.0533333333333332,0.013333333333332966,0.11666666666666663,0.4000000000000005,-0.14,-0.36,-0.47,-0.5,-0.7,-0.67
2025-07-01,-0.14,-0.02,0.03,-0.31,0.6,-0.07,-0.13,-0.14,-0.08,-0.13,0.05,0.17,0.04,-0.17,-0.06,0.21,0.2,0.3,0.4,0.5,-0.1133333333333339,-0.07666666666666652,0.07999999999999964,-0.053333333333333365,0.43333333333333385,-0.36,-0.47,-0.5,-0.7,-0.67,-0.58
2025-08-01,-0.36,-0.25,-0.15,-0.51,0.4,-0.14,-0.07,-0.13,-0.02,-0.08,-0.13,0.03,0.17,0.04,-0.31,-0.06,0.21,0.6,0.3,0.4,-0.19000000000000053,-0.11666666666666652,0.016666666666666302,-0.2933333333333334,0.43333333333333385,-0.47,-0.5,-0.7,-0.67,-0.58,-0.27
2025-09-01,-0.47,-0.5,-0.27,-0.74,0.0,-0.36,-0.14,-0.07,-0.25,-0.02,-0.08,-0.15,0.03,0.17,-0.51,-0.31,-0.06,0.4,0.6,0.3,-0.32333333333333386,-0.25666666666666654,-0.13000000000000037,-0.52,0.33333333333333387,-0.5,-0.7,-0.67,-0.58,-0.27,-0.01
2025-10-01,-0.5,-0.41,-0.41,-0.97,1.1,-0.47,-0.36,-0.14,-0.5,-0.25,-0.02,-0.27,-0.15,0.03,-0.74,-0.51,-0.31,0.0,0.4,0.6,-0.44333333333333386,-0.3866666666666665,-0.27666666666666706,-0.7399999999999999,0.5000000000000006,-0.7,-0.67,-0.58,-0.27,-0.01,0.29
2025-11-01,-0.7,-0.63,-0.52,-0.8,1.1,-0.5,-0.47,-0.36,-0.41,-0.5,-0.25,-0.41,-0.27,-0.15,-0.97,-0.74,-0.51,1.1,0.0,0.4,-0.5566666666666672,-0.5133333333333332,-0.40000000000000036,-0.8366666666666668,0.733333333333334,-0.67,-0.58,-0.27,-0.01,0.29,0.9
2025-12-01,-0.67,-0.8,-0.33,-0.62,-0.0,-0.7,-0.5,-0.47,-0.63,-0.41,-0.5,-0.52,-0.41,-0.27,-0.8,-0.97,-0.74,1.1,1.1,0.0,-0.6233333333333338,-0.6133333333333332,-0.4200000000000004,-0.7966666666666667,0.733333333333334,-0.58,-0.27,-0.01,0.29,0.9,1.44
