Date,nino34,nino3,nino4,iod,soi,nino34_lag1,nino34_lag2,nino34_lag3,nino3_lag1,nino3_lag2,nino3_lag3,nino4_lag1,nino4_lag2,nino4_lag3,iod_lag1,iod_lag2,iod_lag3,soi_lag1,soi_lag2,soi_lag3,nino34_roll3,nino3_roll3,nino4_roll3,iod_roll3,soi_roll3,future_nino34
1951-04-01,-0.23,-0.21,-0.42,-0.513,-0.3,-0.38,-1.04,-1.3,-0.33,-0.76,-0.87,-0.58,-1.11,-1.1,0.259,0.211,0.256,-0.1,0.9,1.5,-0.55,-0.4333333333333333,-0.7033333333333333,-0.014333333333333345,0.16666666666666666,-0.01
1951-05-01,-0.01,-0.18,0.26,-0.138,-0.7,-0.23,-0.38,-1.04,-0.21,-0.33,-0.76,-0.42,-0.58,-1.11,-0.513,0.259,0.211,-0.3,-0.1,0.9,-0.20666666666666667,-0.24,-0.24666666666666667,-0.13066666666666668,-0.3666666666666667,0.0
1951-06-01,0.0,0.04,0.08,-0.19,0.2,-0.01,-0.23,-0.38,-0.18,-0.21,-0.33,0.26,-0.42,-0.58,-0.138,-0.513,0.259,-0.7,-0.3,-0.1,-0.08,-0.11666666666666665,-0.026666666666666658,-0.2803333333333333,-0.2666666666666666,0.3
1951-07-01,0.3,0.62,0.23,-0.22,-1.0,0.0,-0.01,-0.23,0.04,-0.18,-0.21,0.08,0.26,-0.42,-0.19,-0.138,-0.513,0.2,-0.7,-0.3,0.09666666666666666,0.16,0.19000000000000003,-0.18266666666666667,-0.5,0.17
1951-08-01,0.17,0.41,-0.26,0.124,-0.2,0.3,0.0,-0.01,0.62,0.04,-0.18,0.23,0.08,0.26,-0.22,-0.19,-0.138,-1.0,0.2,-0.7,0.15666666666666665,0.35666666666666663,0.01666666666666668,-0.09533333333333334,-0.3333333333333333,0.51
1951-09-01,0.51,0.46,-0.12,-0.005,-1.1,0.17,0.3,0.0,0.41,0.62,0.04,-0.26,0.23,0.08,0.124,-0.22,-0.19,-0.2,-1.0,0.2,0.32666666666666666,0.4966666666666666,-0.04999999999999999,-0.03366666666666667,-0.7666666666666666,0.49
1951-10-01,0.49,0.6,-0.22,-0.168,-1.0,0.51,0.17,0.3,0.46,0.41,0.62,-0.12,-0.26,0.23,-0.005,0.124,-0.22,-1.1,-0.2,-1.0,0.38999999999999996,0.49,-0.19999999999999998,-0.01633333333333334,-0.7666666666666666,0.55
1951-11-01,0.55,0.8,-0.04,0.123,-0.8,0.49,0.51,0.17,0.6,0.46,0.41,-0.22,-0.12,-0.26,-0.168,-0.005,0.124,-1.0,-1.1,-0.2,0.5166666666666667,0.62,-0.12666666666666665,-0.016666666666666673,-0.9666666666666667,0.31
1951-12-01,0.31,0.61,0.04,-0.073,-0.7,0.55,0.49,0.51,0.8,0.6,0.46,-0.04,-0.22,-0.12,0.123,-0.168,-0.005,-0.8,-1.0,-1.1,0.45,0.6699999999999999,-0.07333333333333332,-0.03933333333333334,-0.8333333333333334,0.13
1952-01-01,0.13,0.14,-0.04,-0.069,-0.9,0.31,0.55,0.49,0.61,0.8,0.6,0.04,-0.04,-0.22,-0.073,0.123,-0.168,-0.7,-0.8,-1.0,0.33,0.5166666666666667,-0.013333333333333324,-0.006333333333333334,-0.7999999999999999,-0.01
1952-02-01,-0.01,-0.04,-0.16,0.08,-0.6,0.13,0.31,0.55,0.14,0.61,0.8,-0.04,0.04,-0.04,-0.069,-0.073,0.123,-0.9,-0.7,-0.8,0.14333333333333334,0.23666666666666666,-0.05333333333333332,-0.02066666666666667,-0.7333333333333334,-0.11
1952-03-01,-0.11,-0.15,-0.34,0.126,0.5,-0.01,0.13,0.31,-0.04,0.14,0.61,-0.16,-0.04,0.04,0.08,-0.069,-0.073,-0.6,-0.9,-0.7,0.003333333333333336,-0.016666666666666663,-0.18000000000000002,0.04566666666666667,-0.3333333333333333,-0.02
1952-04-01,-0.02,-0.31,-0.16,0.073,-0.2,-0.11,-0.01,0.13,-0.15,-0.04,0.14,-0.34,-0.16,-0.04,0.126,0.08,-0.069,0.5,-0.6,-0.9,-0.04666666666666666,-0.16666666666666666,-0.21999999999999997,0.09300000000000001,-0.09999999999999999,-0.14
1952-05-01,-0.14,-0.61,-0.25,-0.148,0.8,-0.02,-0.11,-0.01,-0.31,-0.15,-0.04,-0.16,-0.34,-0.16,0.073,0.126,0.08,-0.2,0.5,-0.6,-0.09000000000000001,-0.3566666666666667,-0.25,0.016999999999999998,0.3666666666666667,-0.54
1952-06-01,-0.54,-0.92,-0.47,0.02,0.7,-0.14,-0.02,-0.11,-0.61,-0.31,-0.15,-0.25,-0.16,-0.34,-0.148,0.073,0.126,0.8,-0.2,0.5,-0.23333333333333336,-0.6133333333333333,-0.2933333333333333,-0.018333333333333337,0.43333333333333335,-0.76
1952-07-01,-0.76,-0.99,-0.77,-0.43,0.5,-0.54,-0.14,-0.02,-0.92,-0.61,-0.31,-0.47,-0.25,-0.16,0.02,-0.148,0.073,0.7,0.8,-0.2,-0.48,-0.84,-0.4966666666666666,-0.18600000000000003,0.6666666666666666,-0.56
1952-08-01,-0.56,-0.68,-0.79,-0.463,0.1,-0.76,-0.54,-0.14,-0.99,-0.92,-0.61,-0.77,-0.47,-0.25,-0.43,0.02,-0.148,0.5,0.7,0.8,-0.6200000000000001,-0.8633333333333333,-0.6766666666666666,-0.291,0.43333333333333335,-0.36
1952-09-01,-0.36,-0.64,-0.37,-0.607,-0.2,-0.56,-0.76,-0.54,-0.68,-0.99,-0.92,-0.79,-0.77,-0.47,-0.463,-0.43,0.02,0.1,0.5,0.7,-0.56,-0.77,-0.6433333333333333,-0.5,0.13333333333333333,-0.46
1952-10-01,-0.46,-0.62,-0.7,-0.546,0.4,-0.36,-0.56,-0.76,-0.64,-0.68,-0.99,-0.37,-0.79,-0.77,-0.607,-0.463,-0.43,-0.2,0.1,0.5,-0.46,-0.6466666666666666,-0.62,-0.5386666666666667,0.10000000000000002,-0.78
1952-11-01,-0.78,-1.03,-0.54,-0.171,0.0,-0.46,-0.36,-0.56,-0.62,-0.64,-0.68,-0.7,-0.37,-0.79,-0.546,-0.607,-0.463,0.4,-0.2,0.1,-0.5333333333333333,-0.7633333333333333,-0.5366666666666666,-0.44133333333333336,0.06666666666666668,-0.39
1952-12-01,-0.39,-0.56,-0.69,-0.03,-1.2,-0.78,-0.46,-0.36,-1.03,-0.62,-0.64,-0.54,-0.7,-0.37,-0.171,-0.546,-0.607,0.0,0.4,-0.2,-0.5433333333333334,-0.7366666666666667,-0.6433333333333332,-0.24900000000000003,-0.26666666666666666,0.2
1953-01-01,0.2,0.06,-0.34,0.304,0.3,-0.39,-0.78,-0.46,-0.56,-1.03,-0.62,-0.69,-0.54,-0.7,-0.03,-0.171,-0.546,-1.2,0.0,0.4,-0.3233333333333333,-0.51,-0.5233333333333333,0.03433333333333333,-0.3,0.24
1953-02-01,0.24,0.22,-0.22,0.285,-0.5,0.2,-0.39,-0.78,0.06,-0.56,-1.03,-0.34,-0.69,-0.54,0.304,-0.03,-0.171,0.3,-1.2,0.0,0.016666666666666663,-0.09333333333333334,-0.4166666666666666,0.18633333333333332,-0.4666666666666666,0.29
1953-03-01,0.29,0.31,-0.29,0.188,-0.2,0.24,0.2,-0.39,0.22,0.06,-0.56,-0.22,-0.34,-0.69,0.285,0.304,-0.03,-0.5,0.3,-1.2,0.24333333333333332,0.19666666666666666,-0.28333333333333327,0.259,-0.13333333333333333,0.22
1953-04-01,0.22,0.13,-0.14,-0.054,0.2,0.29,0.24,0.2,0.31,0.22,0.06,-0.29,-0.22,-0.34,0.188,0.285,0.304,-0.2,-0.5,0.3,0.25,0.22,-0.2166666666666666,0.13966666666666666,-0.16666666666666666,0.35
1953-05-01,0.35,0.12,0.01,0.316,-1.7,0.22,0.29,0.24,0.13,0.31,0.22,-0.14,-0.29,-0.22,-0.054,0.188,0.285,0.2,-0.2,-0.5,0.2866666666666667,0.18666666666666665,-0.13999999999999993,0.15,-0.5666666666666667,0.39
1953-06-01,0.39,0.26,0.18,-0.113,0.1,0.35,0.22,0.29,0.12,0.13,0.31,0.01,-0.14,-0.29,0.316,-0.054,0.188,-1.7,0.2,-0.2,0.32,0.17,0.0166666666666667,0.04966666666666667,-0.4666666666666666,0.14
1953-07-01,0.14,-0.07,-0.05,-0.178,-0.0,0.39,0.35,0.22,0.26,0.12,0.13,0.18,0.01,-0.14,-0.113,0.316,-0.054,0.1,-1.7,0.2,0.29333333333333333,0.10333333333333333,0.04666666666666671,0.00833333333333334,-0.5333333333333333,0.09
1953-08-01,0.09,-0.06,-0.22,-0.231,-1.2,0.14,0.39,0.35,-0.07,0.26,0.12,-0.05,0.18,0.01,-0.178,-0.113,0.316,-0.0,0.1,-1.7,0.20666666666666667,0.043333333333333335,-0.02999999999999997,-0.17400000000000002,-0.36666666666666664,0.29
1953-09-01,0.29,0.28,-0.46,-0.24,-1.2,0.09,0.14,0.39,-0.06,-0.07,0.26,-0.22,-0.05,0.18,-0.231,-0.178,-0.113,-1.2,-0.0,0.1,0.17333333333333334,0.05000000000000001,-0.24333333333333332,-0.21633333333333335,-0.7999999999999999,0.16
1953-10-01,0.16,0.12,-0.1,-0.312,0.1,0.29,0.09,0.14,0.28,-0.06,-0.07,-0.46,-0.22,-0.05,-0.24,-0.231,-0.178,-1.2,-1.2,-0.0,0.18000000000000002,0.11333333333333334,-0.25999999999999995,-0.26099999999999995,-0.7666666666666666,0.18
1953-11-01,0.18,0.04,-0.11,-0.136,-0.3,0.16,0.29,0.09,0.12,0.28,-0.06,-0.1,-0.46,-0.22,-0.312,-0.24,-0.231,0.1,-1.2,-1.2,0.21,0.14666666666666667,-0.2233333333333333,-0.2293333333333333,-0.4666666666666666,0.41
1953-12-01,0.41,0.2,0.03,-0.119,-0.5,0.18,0.16,0.29,0.04,0.12,0.28,-0.11,-0.1,-0.46,-0.136,-0.312,-0.24,-0.3,0.1,-1.2,0.25,0.12,-0.05999999999999996,-0.18899999999999997,-0.2333333333333333,0.43
1954-01-01,0.43,-0.16,0.04,-0.339,0.7,0.41,0.18,0.16,0.2,0.04,0.12,0.03,-0.11,-0.1,-0.119,-0.136,-0.312,-0.5,-0.3,0.1,0.34,0.026666666666666672,-0.013333333333333296,-0.19799999999999998,-0.033333333333333326,0.28
1954-02-01,0.28,-0.13,-0.02,-0.271,-0.3,0.43,0.41,0.18,-0.16,0.2,0.04,0.04,0.03,-0.11,-0.339,-0.119,-0.136,0.7,-0.5,-0.3,0.37333333333333335,-0.03,0.016666666666666705,-0.243,-0.03333333333333335,-0.38
1954-03-01,-0.38,-0.65,-0.35,-0.162,0.3,0.28,0.43,0.41,-0.13,-0.16,0.2,-0.02,0.04,0.03,-0.271,-0.339,-0.119,-0.3,0.7,-0.5,0.11,-0.31333333333333335,-0.10999999999999995,-0.25733333333333336,0.2333333333333333,-1.17
1954-04-01,-1.17,-1.97,-0.71,-0.009,0.6,-0.38,0.28,0.43,-0.65,-0.13,-0.16,-0.35,-0.02,0.04,-0.162,-0.271,-0.339,0.3,-0.3,0.7,-0.42333333333333334,-0.9166666666666666,-0.35999999999999993,-0.14733333333333332,0.19999999999999998,-0.81
1954-05-01,-0.81,-1.64,-0.71,-0.55,0.5,-1.17,-0.38,0.28,-1.97,-0.65,-0.13,-0.71,-0.35,-0.02,-0.009,-0.162,-0.271,0.6,0.3,-0.3,-0.7866666666666667,-1.42,-0.59,-0.24033333333333332,0.4666666666666666,-0.93
1954-06-01,-0.93,-1.58,-0.8,-0.504,0.1,-0.81,-1.17,-0.38,-1.64,-1.97,-0.65,-0.71,-0.71,-0.35,-0.55,-0.009,-0.162,0.5,0.6,0.3,-0.9700000000000001,-1.7299999999999998,-0.7399999999999999,-0.35433333333333333,0.4000000000000001,-1.18
1954-07-01,-1.18,-1.46,-1.08,-0.855,0.4,-0.93,-0.81,-1.17,-1.58,-1.64,-1.97,-0.8,-0.71,-0.71,-0.504,-0.55,-0.009,0.1,0.5,0.6,-0.9733333333333335,-1.5599999999999998,-0.8633333333333333,-0.6363333333333333,0.3333333333333333,-1.43
1954-08-01,-1.43,-1.56,-1.16,-0.631,1.1,-1.18,-0.93,-0.81,-1.46,-1.58,-1.64,-1.08,-0.8,-0.71,-0.855,-0.504,-0.55,0.4,0.1,0.5,-1.18,-1.5333333333333334,-1.0133333333333334,-0.6633333333333333,0.5333333333333333,-1.6
1954-09-01,-1.6,-1.73,-1.27,-0.718,0.2,-1.43,-1.18,-0.93,-1.56,-1.46,-1.58,-1.16,-1.08,-0.8,-0.631,-0.855,-0.504,1.1,0.4,0.1,-1.4033333333333333,-1.5833333333333333,-1.1700000000000002,-0.7346666666666666,0.5666666666666667,-1.48
1954-10-01,-1.48,-1.66,-1.48,-0.836,0.3,-1.6,-1.43,-1.18,-1.73,-1.56,-1.46,-1.27,-1.16,-1.08,-0.718,-0.631,-0.855,0.2,1.1,0.4,-1.5033333333333336,-1.6500000000000001,-1.3033333333333332,-0.7283333333333332,0.5333333333333333,-1.13
1954-11-01,-1.13,-1.46,-1.16,-0.45,0.1,-1.48,-1.6,-1.43,-1.66,-1.73,-1.56,-1.48,-1.27,-1.16,-0.836,-0.718,-0.631,0.3,0.2,1.1,-1.4033333333333335,-1.6166666666666665,-1.3033333333333335,-0.668,0.19999999999999998,-1.33
1954-12-01,-1.33,-1.55,-1.24,-0.053,1.4,-1.13,-1.48,-1.6,-1.46,-1.66,-1.73,-1.16,-1.48,-1.27,-0.45,-0.836,-0.718,0.1,0.3,0.2,-1.3133333333333335,-1.5566666666666666,-1.2933333333333332,-0.4463333333333333,0.6,-0.93
1955-01-01,-0.93,-0.86,-0.91,-0.049,-0.5,-1.33,-1.13,-1.48,-1.55,-1.46,-1.66,-1.24,-1.16,-1.48,-0.053,-0.45,-0.836,1.4,0.1,0.3,-1.1300000000000001,-1.29,-1.1033333333333333,-0.18399999999999997,0.33333333333333326,-0.95
1955-02-01,-0.95,-0.71,-1.09,-0.153,1.9,-0.93,-1.33,-1.13,-0.86,-1.55,-1.46,-0.91,-1.24,-1.16,-0.049,-0.053,-0.45,-0.5,1.4,0.1,-1.0700000000000003,-1.04,-1.08,-0.08499999999999996,0.9333333333333332,-1.06
1955-03-01,-1.06,-0.9,-1.23,0.019,0.6,-0.95,-0.93,-1.33,-0.71,-0.86,-1.55,-1.09,-0.91,-1.24,-0.153,-0.049,-0.053,1.9,-0.5,1.4,-0.9800000000000001,-0.8233333333333333,-1.0766666666666667,-0.06099999999999997,0.6666666666666666,-1.22
1955-04-01,-1.22,-1.31,-1.06,-0.044,-0.1,-1.06,-0.95,-0.93,-0.9,-0.71,-0.86,-1.23,-1.09,-0.91,0.019,-0.153,-0.049,0.6,1.9,-0.5,-1.0766666666666669,-0.9733333333333333,-1.1266666666666667,-0.059333333333333294,0.7999999999999999,-1.28
1955-05-01,-1.28,-1.82,-1.1,-0.695,1.0,-1.22,-1.06,-0.95,-1.31,-0.9,-0.71,-1.06,-1.23,-1.09,-0.044,0.019,-0.153,-0.1,0.6,1.9,-1.1866666666666668,-1.3433333333333335,-1.1300000000000001,-0.23999999999999996,0.5,-1.18
1955-06-01,-1.18,-1.69,-0.96,-0.387,1.3,-1.28,-1.22,-1.06,-1.82,-1.31,-0.9,-1.1,-1.06,-1.23,-0.695,-0.044,0.019,1.0,-0.1,0.6,-1.2266666666666668,-1.6066666666666667,-1.04,-0.3753333333333333,0.7333333333333334,-1.15
1955-07-01,-1.15,-1.41,-0.86,-0.439,1.6,-1.18,-1.28,-1.22,-1.69,-1.82,-1.31,-0.96,-1.1,-1.06,-0.387,-0.695,-0.044,1.3,1.0,-0.1,-1.2033333333333336,-1.64,-0.9733333333333333,-0.507,1.3,-1.35
1955-08-01,-1.35,-1.45,-1.25,-0.43,1.5,-1.15,-1.18,-1.28,-1.41,-1.69,-1.82,-0.86,-0.96,-1.1,-0.439,-0.387,-0.695,1.6,1.3,1.0,-1.2266666666666668,-1.5166666666666666,-1.0233333333333332,-0.4186666666666666,1.4666666666666668,-1.43
1955-09-01,-1.43,-1.68,-1.35,-0.738,1.3,-1.35,-1.15,-1.18,-1.45,-1.41,-1.69,-1.25,-0.86,-0.96,-0.43,-0.439,-0.387,1.5,1.6,1.3,-1.3100000000000003,-1.5133333333333334,-1.1533333333333333,-0.5356666666666666,1.4666666666666668,-2.31
1955-10-01,-2.31,-2.4,-2.0,-0.73,1.5,-1.43,-1.35,-1.15,-1.68,-1.45,-1.41,-1.35,-1.25,-0.86,-0.738,-0.43,-0.439,1.3,1.5,1.6,-1.696666666666667,-1.843333333333333,-1.5333333333333332,-0.6326666666666666,1.4333333333333333,-2.45
1955-11-01,-2.45,-2.39,-2.0,-0.269,1.2,-2.31,-1.43,-1.35,-2.4,-1.68,-1.45,-2.0,-1.35,-1.25,-0.73,-0.738,-0.43,1.5,1.3,1.5,-2.063333333333334,-2.1566666666666667,-1.7833333333333332,-0.579,1.3333333333333333,-2.03
1955-12-01,-2.03,-2.09,-1.45,-0.3,1.0,-2.45,-2.31,-1.43,-2.39,-2.4,-1.68,-2.0,-2.0,-1.35,-0.269,-0.73,-0.738,1.2,1.5,1.3,-2.2633333333333336,-2.293333333333333,-1.8166666666666667,-0.433,1.2333333333333334,-1.2
1956-01-01,-1.2,-1.06,-1.28,-0.101,1.3,-2.03,-2.45,-2.31,-2.09,-2.39,-2.4,-1.45,-2.0,-2.0,-0.3,-0.269,-0.73,1.0,1.2,1.5,-1.8933333333333335,-1.8466666666666667,-1.5766666666666669,-0.2233333333333333,1.1666666666666667,-0.99
1956-02-01,-0.99,-0.7,-1.19,-0.021,1.6,-1.2,-2.03,-2.45,-1.06,-2.09,-2.39,-1.28,-1.45,-2.0,-0.101,-0.3,-0.269,1.3,1.0,1.2,-1.406666666666667,-1.2833333333333332,-1.3066666666666666,-0.14066666666666663,1.3,-0.83
1956-03-01,-0.83,-0.54,-1.1,-0.001,1.3,-0.99,-1.2,-2.03,-0.7,-1.06,-2.09,-1.19,-1.28,-1.45,-0.021,-0.101,-0.3,1.6,1.3,1.0,-1.006666666666667,-0.7666666666666666,-1.19,-0.04099999999999997,1.4000000000000001,-0.97
1956-04-01,-0.97,-0.66,-1.1,-0.3,0.9,-0.83,-0.99,-1.2,-0.54,-0.7,-1.06,-1.1,-1.19,-1.28,-0.001,-0.021,-0.101,1.3,1.6,1.3,-0.9300000000000003,-0.6333333333333333,-1.1300000000000001,-0.1073333333333333,1.2666666666666668,-0.8
1956-05-01,-0.8,-0.76,-0.91,-0.57,1.4,-0.97,-0.83,-0.99,-0.66,-0.54,-0.7,-1.1,-1.1,-1.19,-0.3,-0.001,-0.021,0.9,1.3,1.6,-0.866666666666667,-0.6533333333333333,-1.0366666666666668,-0.2903333333333333,1.2,-0.92
1956-06-01,-0.92,-0.85,-0.79,-0.826,1.1,-0.8,-0.97,-0.83,-0.76,-0.66,-0.54,-0.91,-1.1,-1.1,-0.57,-0.3,-0.001,1.4,0.9,1.3,-0.896666666666667,-0.7566666666666667,-0.9333333333333335,-0.5653333333333332,1.1333333333333333,-1.06
1956-07-01,-1.06,-1.03,-1.04,-1.083,1.1,-0.92,-0.8,-0.97,-0.85,-0.76,-0.66,-0.79,-0.91,-1.1,-0.826,-0.57,-0.3,1.1,1.4,0.9,-0.9266666666666671,-0.8799999999999999,-0.9133333333333334,-0.8263333333333334,1.2,-1.17
1956-08-01,-1.17,-1.06,-1.46,-0.772,1.2,-1.06,-0.92,-0.8,-1.03,-0.85,-0.76,-1.04,-0.79,-0.91,-1.083,-0.826,-0.57,1.1,1.1,1.4,-1.0500000000000003,-0.9800000000000001,-1.0966666666666667,-0.8936666666666667,1.1333333333333335,-0.98
1956-09-01,-0.98,-1.03,-1.42,-0.803,0.1,-1.17,-1.06,-0.92,-1.06,-1.03,-0.85,-1.46,-1.04,-0.79,-0.772,-1.083,-0.826,1.2,1.1,1.1,-1.0700000000000003,-1.04,-1.3066666666666666,-0.886,0.7999999999999999,-0.97
1956-10-01,-0.97,-1.07,-1.12,-0.672,1.8,-0.98,-1.17,-1.06,-1.03,-1.06,-1.03,-1.42,-1.46,-1.04,-0.803,-0.772,-1.083,0.1,1.2,1.1,-1.0400000000000003,-1.0533333333333335,-1.3333333333333333,-0.7490000000000001,1.0333333333333334,-1.14
1956-11-01,-1.14,-1.33,-0.81,-0.516,0.2,-0.97,-0.98,-1.17,-1.07,-1.03,-1.06,-1.12,-1.42,-1.46,-0.672,-0.803,-0.772,1.8,0.1,1.2,-1.0300000000000002,-1.1433333333333335,-1.1166666666666667,-0.6636666666666667,0.7000000000000001,-0.89
1956-12-01,-0.89,-1.21,-0.65,-0.151,1.1,-1.14,-0.97,-0.98,-1.33,-1.07,-1.03,-0.81,-1.12,-1.42,-0.516,-0.672,-0.803,0.2,1.8,0.1,-1.0000000000000002,-1.2033333333333334,-0.86,-0.4463333333333334,1.0333333333333334,-0.51
1957-01-01,-0.51,-0.72,-0.61,-0.437,0.6,-0.89,-1.14,-0.97,-1.21,-1.33,-1.07,-0.65,-0.81,-1.12,-0.151,-0.516,-0.672,1.1,0.2,1.8,-0.846666666666667,-1.0866666666666667,-0.6900000000000001,-0.36800000000000005,0.6333333333333333,-0.22
1957-02-01,-0.22,-0.2,-0.47,-0.564,-0.1,-0.51,-0.89,-1.14,-0.72,-1.21,-1.33,-0.61,-0.65,-0.81,-0.437,-0.151,-0.516,0.6,1.1,0.2,-0.5400000000000004,-0.71,-0.5766666666666667,-0.38400000000000006,0.5333333333333333,0.18
1957-03-01,0.18,0.26,-0.45,-0.197,0.2,-0.22,-0.51,-0.89,-0.2,-0.72,-1.21,-0.47,-0.61,-0.65,-0.564,-0.437,-0.151,-0.1,0.6,1.1,-0.18333333333333365,-0.21999999999999997,-0.51,-0.3993333333333334,0.2333333333333333,0.41
1957-04-01,0.41,0.28,-0.06,-0.3,0.2,0.18,-0.22,-0.51,0.26,-0.2,-0.72,-0.45,-0.47,-0.61,-0.197,-0.564,-0.437,0.2,-0.1,0.6,0.12333333333333303,0.11333333333333334,-0.32666666666666666,-0.35366666666666674,0.10000000000000002,0.62
1957-05-01,0.62,0.53,0.01,-0.326,-0.7,0.41,0.18,-0.22,0.28,0.26,-0.2,-0.06,-0.45,-0.47,-0.3,-0.197,-0.564,0.2,0.2,-0.1,0.40333333333333304,0.3566666666666667,-0.16666666666666666,-0.2743333333333334,-0.09999999999999998,0.63
1957-06-01,0.63,0.69,-0.38,-0.465,0.2,0.62,0.41,0.18,0.53,0.28,0.26,0.01,-0.06,-0.45,-0.326,-0.3,-0.197,-0.7,0.2,0.2,0.5533333333333331,0.5,-0.14333333333333334,-0.36366666666666675,-0.09999999999999996,0.87
1957-07-01,0.87,1.08,-0.55,-0.488,0.2,0.63,0.62,0.41,0.69,0.53,0.28,-0.38,0.01,-0.06,-0.465,-0.326,-0.3,0.2,-0.7,0.2,0.7066666666666664,0.7666666666666666,-0.3066666666666667,-0.42633333333333345,-0.09999999999999996,0.84
1957-08-01,0.84,0.88,-0.04,-0.266,-0.5,0.87,0.63,0.62,1.08,0.69,0.53,-0.55,-0.38,0.01,-0.488,-0.465,-0.326,0.2,0.2,-0.7,0.7799999999999997,0.8833333333333333,-0.32333333333333336,-0.40633333333333344,-0.033333333333333305,0.72
1957-09-01,0.72,0.65,-0.11,-0.383,-0.9,0.84,0.87,0.63,0.88,1.08,0.69,-0.04,-0.55,-0.38,-0.266,-0.488,-0.465,-0.5,0.2,0.2,0.8099999999999997,0.8700000000000001,-0.23333333333333336,-0.37900000000000006,-0.39999999999999997,0.7
1957-10-01,0.7,0.61,0.02,-0.523,0.0,0.72,0.84,0.87,0.65,0.88,1.08,-0.11,-0.04,-0.55,-0.383,-0.266,-0.488,-0.9,-0.5,0.2,0.753333333333333,0.7133333333333334,-0.043333333333333335,-0.3906666666666667,-0.4666666666666666,0.92
1957-11-01,0.92,0.91,0.07,-0.482,-1.0,0.7,0.72,0.84,0.61,0.65,0.88,0.02,-0.11,-0.04,-0.523,-0.383,-0.266,0.0,-0.9,-0.5,0.7799999999999997,0.7233333333333333,-0.006666666666666658,-0.4626666666666668,-0.6333333333333333,1.3
1957-12-01,1.3,1.25,0.34,-0.25,-0.3,0.92,0.7,0.72,0.91,0.61,0.65,0.07,0.02,-0.11,-0.482,-0.523,-0.383,-1.0,0.0,-0.9,0.973333333333333,0.9233333333333333,0.14333333333333334,-0.41833333333333345,-0.43333333333333335,1.78
1958-01-01,1.78,1.3,0.73,-0.396,-1.9,1.3,0.92,0.7,1.25,0.91,0.61,0.34,0.07,0.02,-0.25,-0.482,-0.523,-0.3,-1.0,0.0,1.333333333333333,1.1533333333333333,0.38000000000000006,-0.37600000000000006,-1.0666666666666667,1.49
1958-02-01,1.49,1.03,0.93,-0.234,-0.5,1.78,1.3,0.92,1.3,1.25,0.91,0.73,0.34,0.07,-0.396,-0.25,-0.482,-1.9,-0.3,-1.0,1.5233333333333332,1.1933333333333334,0.6666666666666666,-0.2933333333333334,-0.9,0.98
1958-03-01,0.98,0.52,0.67,-0.374,0.3,1.49,1.78,1.3,1.03,1.3,1.25,0.93,0.73,0.34,-0.234,-0.396,-0.25,-0.5,-1.9,-0.3,1.4166666666666663,0.9500000000000001,0.7766666666666667,-0.3346666666666667,-0.7000000000000001,0.46
1958-04-01,0.46,0.23,0.27,-0.348,0.4,0.98,1.49,1.78,0.52,1.03,1.3,0.67,0.93,0.73,-0.374,-0.234,-0.396,0.3,-0.5,-1.9,0.9766666666666662,0.5933333333333334,0.6233333333333334,-0.3186666666666667,0.06666666666666667,0.38
1958-05-01,0.38,0.04,0.07,-0.496,-0.5,0.46,0.98,1.49,0.23,0.52,1.03,0.27,0.67,0.93,-0.348,-0.374,-0.234,0.4,0.3,-0.5,0.6066666666666664,0.26333333333333336,0.33666666666666667,-0.4060000000000001,0.06666666666666665,0.26
1958-06-01,0.26,-0.05,0.02,-0.854,0.3,0.38,0.46,0.98,0.04,0.23,0.52,0.07,0.27,0.67,-0.496,-0.348,-0.374,-0.5,0.4,0.3,0.3666666666666664,0.07333333333333333,0.12000000000000001,-0.5660000000000001,0.06666666666666667,0.03
1958-07-01,0.03,-0.24,-0.06,-1.063,0.4,0.26,0.38,0.46,-0.05,0.04,0.23,0.02,0.07,0.27,-0.854,-0.496,-0.348,0.3,-0.5,0.4,0.22333333333333305,-0.08333333333333333,0.010000000000000004,-0.8043333333333335,0.06666666666666667,-0.01
1958-08-01,-0.01,-0.21,-0.14,-1.26,0.9,0.03,0.26,0.38,-0.24,-0.05,0.04,-0.06,0.02,0.07,-1.063,-0.854,-0.496,0.4,0.3,-0.5,0.09333333333333305,-0.16666666666666666,-0.06,-1.059,0.5333333333333333,-0.32
1958-09-01,-0.32,-0.51,-0.15,-1.303,-0.3,-0.01,0.03,0.26,-0.21,-0.24,-0.05,-0.14,-0.06,0.02,-1.26,-1.063,-0.854,0.9,0.4,0.3,-0.1000000000000003,-0.32,-0.11666666666666665,-1.2086666666666668,0.3333333333333334,-0.27
1958-10-01,-0.27,-0.5,0.01,-0.966,0.1,-0.32,-0.01,0.03,-0.51,-0.21,-0.24,-0.15,-0.14,-0.06,-1.303,-1.26,-1.063,-0.3,0.9,0.4,-0.2000000000000003,-0.4066666666666667,-0.09333333333333332,-1.1763333333333332,0.23333333333333336,0.05
1958-11-01,0.05,-0.21,-0.02,-0.674,-0.4,-0.27,-0.32,-0.01,-0.5,-0.51,-0.21,0.01,-0.15,-0.14,-0.966,-1.303,-1.26,0.1,-0.3,0.9,-0.18000000000000027,-0.4066666666666667,-0.05333333333333332,-0.9810000000000002,-0.19999999999999998,0.02
1958-12-01,0.02,-0.42,0.11,-0.639,-0.6,0.05,-0.27,-0.32,-0.21,-0.5,-0.51,-0.02,0.01,-0.15,-0.674,-0.966,-1.303,-0.4,0.1,-0.3,-0.06666666666666697,-0.37666666666666665,0.03333333333333335,-0.7596666666666668,-0.3,0.53
1959-01-01,0.53,-0.08,0.05,-0.027,-0.9,0.02,0.05,-0.27,-0.42,-0.21,-0.5,0.11,-0.02,0.01,-0.639,-0.674,-0.966,-0.6,-0.4,0.1,0.19999999999999973,-0.23666666666666666,0.04666666666666668,-0.44666666666666677,-0.6333333333333333,0.43
1959-02-01,0.43,-0.06,-0.21,-0.531,-1.4,0.53,0.02,0.05,-0.08,-0.42,-0.21,0.05,0.11,-0.02,-0.027,-0.639,-0.674,-0.9,-0.6,-0.4,0.3266666666666664,-0.18666666666666668,-0.016666666666666653,-0.3990000000000001,-0.9666666666666667,0.19
1959-03-01,0.19,-0.13,-0.32,-0.524,1.3,0.43,0.53,0.02,-0.06,-0.08,-0.42,-0.21,0.05,0.11,-0.531,-0.027,-0.639,-1.4,-0.9,-0.6,0.3833333333333331,-0.09000000000000001,-0.16,-0.36066666666666675,-0.33333333333333326,0.06
1959-04-01,0.06,-0.13,-0.18,-0.357,0.4,0.19,0.43,0.53,-0.13,-0.06,-0.08,-0.32,-0.21,0.05,-0.524,-0.531,-0.027,1.3,-1.4,-0.9,0.22666666666666643,-0.10666666666666667,-0.23666666666666666,-0.4706666666666668,0.10000000000000009,-0.23
1959-05-01,-0.23,-0.41,-0.26,-0.742,0.5,0.06,0.19,0.43,-0.13,-0.13,-0.06,-0.18,-0.32,-0.21,-0.357,-0.524,-0.531,0.4,1.3,-1.4,0.006666666666666404,-0.2233333333333333,-0.25333333333333335,-0.541,0.7333333333333334,-0.35
1959-06-01,-0.35,-0.55,-0.45,-0.745,-0.1,-0.23,0.06,0.19,-0.41,-0.13,-0.13,-0.26,-0.18,-0.32,-0.742,-0.357,-0.524,0.5,0.4,1.3,-0.1733333333333336,-0.3633333333333333,-0.29666666666666663,-0.6146666666666668,0.2666666666666667,-0.86
1959-07-01,-0.86,-0.86,-0.63,-0.667,-0.3,-0.35,-0.23,0.06,-0.55,-0.41,-0.13,-0.45,-0.26,-0.18,-0.745,-0.742,-0.357,-0.1,0.5,0.4,-0.48000000000000026,-0.6066666666666666,-0.4466666666666667,-0.7180000000000001,0.03333333333333336,-0.77
1959-08-01,-0.77,-0.87,-0.54,-0.913,-0.1,-0.86,-0.35,-0.23,-0.86,-0.55,-0.41,-0.63,-0.45,-0.26,-0.667,-0.745,-0.742,-0.3,-0.1,0.5,-0.6600000000000003,-0.7600000000000001,-0.54,-0.775,-0.16666666666666663,-0.8
1959-09-01,-0.8,-0.73,-0.56,-0.839,0.0,-0.77,-0.86,-0.35,-0.87,-0.86,-0.55,-0.54,-0.63,-0.45,-0.913,-0.667,-0.745,-0.1,-0.3,-0.1,-0.8100000000000002,-0.82,-0.5766666666666667,-0.8063333333333333,-0.1333333333333333,-0.48
1959-10-01,-0.48,-0.44,-0.44,-0.586,0.5,-0.8,-0.77,-0.86,-0.73,-0.87,-0.86,-0.56,-0.54,-0.63,-0.839,-0.913,-0.667,0.0,-0.1,-0.3,-0.6833333333333336,-0.68,-0.5133333333333333,-0.7793333333333333,0.1333333333333334,-0.66
1959-11-01,-0.66,-0.53,-0.66,-0.574,0.9,-0.48,-0.8,-0.77,-0.44,-0.73,-0.87,-0.44,-0.56,-0.54,-0.586,-0.839,-0.913,0.5,0.0,-0.1,-0.646666666666667,-0.5666666666666667,-0.5533333333333333,-0.6663333333333333,0.46666666666666673,-0.42
1959-12-01,-0.42,-0.48,-0.51,-0.357,0.9,-0.66,-0.48,-0.8,-0.53,-0.44,-0.73,-0.66,-0.44,-0.56,-0.574,-0.586,-0.839,0.9,0.5,0.0,-0.5200000000000002,-0.48333333333333334,-0.5366666666666667,-0.5056666666666666,0.7666666666666667,-0.28
1960-01-01,-0.28,-0.34,-0.7,-0.236,0.1,-0.42,-0.66,-0.48,-0.48,-0.53,-0.44,-0.51,-0.66,-0.44,-0.357,-0.574,-0.586,0.9,0.9,0.5,-0.4533333333333336,-0.45,-0.6233333333333334,-0.38900000000000007,0.6333333333333334,-0.46
1960-02-01,-0.46,-0.47,-0.75,-0.043,0.1,-0.28,-0.42,-0.66,-0.34,-0.48,-0.53,-0.7,-0.51,-0.66,-0.236,-0.357,-0.574,0.1,0.9,0.9,-0.38666666666666694,-0.43,-0.6533333333333333,-0.21200000000000008,0.3666666666666667,-0.3
1960-03-01,-0.3,-0.33,-0.57,-0.433,1.0,-0.46,-0.28,-0.42,-0.47,-0.34,-0.48,-0.75,-0.7,-0.51,-0.043,-0.236,-0.357,0.1,0.1,0.9,-0.34666666666666696,-0.38000000000000006,-0.6733333333333333,-0.2373333333333334,0.4000000000000001,-0.33
1960-04-01,-0.33,-0.43,-0.62,-0.745,0.8,-0.3,-0.46,-0.28,-0.33,-0.47,-0.34,-0.57,-0.75,-0.7,-0.433,-0.043,-0.236,1.0,0.1,0.1,-0.36333333333333356,-0.41,-0.6466666666666666,-0.40700000000000003,0.6333333333333334,-0.25
1960-05-01,-0.25,-0.54,-0.5,-0.738,0.5,-0.33,-0.3,-0.46,-0.43,-0.33,-0.47,-0.62,-0.57,-0.75,-0.745,-0.433,-0.043,0.8,1.0,0.1,-0.2933333333333336,-0.43333333333333335,-0.5633333333333334,-0.6386666666666668,0.7666666666666667,-0.49
1960-06-01,-0.49,-0.75,-0.64,-0.681,0.1,-0.25,-0.33,-0.3,-0.54,-0.43,-0.33,-0.5,-0.62,-0.57,-0.738,-0.745,-0.433,0.5,0.8,1.0,-0.3566666666666669,-0.5733333333333334,-0.5866666666666668,-0.7213333333333334,0.4666666666666668,-0.41
1960-07-01,-0.41,-0.59,-0.75,-0.734,0.5,-0.49,-0.25,-0.33,-0.75,-0.54,-0.43,-0.64,-0.5,-0.62,-0.681,-0.738,-0.745,0.1,0.5,0.8,-0.3833333333333336,-0.6266666666666667,-0.63,-0.7176666666666667,0.3666666666666667,-0.15
1960-08-01,-0.15,-0.33,-0.72,-0.584,0.8,-0.41,-0.49,-0.25,-0.59,-0.75,-0.54,-0.75,-0.64,-0.5,-0.734,-0.681,-0.738,0.5,0.1,0.5,-0.35000000000000026,-0.5566666666666668,-0.7033333333333333,-0.6663333333333333,0.4666666666666668,-0.28
1960-09-01,-0.28,-0.34,-0.71,-0.582,0.7,-0.15,-0.41,-0.49,-0.33,-0.59,-0.75,-0.72,-0.75,-0.64,-0.584,-0.734,-0.681,0.8,0.5,0.1,-0.28000000000000025,-0.4200000000000001,-0.7266666666666666,-0.6333333333333333,0.6666666666666666,-0.49
1960-10-01,-0.49,-0.87,-0.6,-0.906,0.1,-0.28,-0.15,-0.41,-0.34,-0.33,-0.59,-0.71,-0.72,-0.75,-0.582,-0.584,-0.734,0.7,0.8,0.5,-0.3066666666666669,-0.5133333333333333,-0.6766666666666666,-0.6906666666666667,0.5333333333333333,-0.45
1960-11-01,-0.45,-0.95,-0.38,-0.811,0.5,-0.49,-0.28,-0.15,-0.87,-0.34,-0.33,-0.6,-0.71,-0.72,-0.906,-0.582,-0.584,0.1,0.7,0.8,-0.4066666666666669,-0.7200000000000001,-0.5633333333333334,-0.7663333333333334,0.4333333333333334,-0.38
1960-12-01,-0.38,-0.66,-0.13,-0.641,0.8,-0.45,-0.49,-0.28,-0.95,-0.87,-0.34,-0.38,-0.6,-0.71,-0.811,-0.906,-0.582,0.5,0.1,0.7,-0.4400000000000002,-0.8266666666666668,-0.36999999999999994,-0.7860000000000001,0.4666666666666668,-0.31
1961-01-01,-0.31,-0.55,-0.35,-0.144,-0.3,-0.38,-0.45,-0.49,-0.66,-0.95,-0.87,-0.13,-0.38,-0.6,-0.641,-0.811,-0.906,0.8,0.5,0.1,-0.3800000000000003,-0.7200000000000001,-0.2866666666666667,-0.5320000000000001,0.3333333333333334,-0.19
1961-02-01,-0.19,-0.21,-0.41,-0.08,0.9,-0.31,-0.38,-0.45,-0.55,-0.66,-0.95,-0.35,-0.13,-0.38,-0.144,-0.641,-0.811,-0.3,0.8,0.5,-0.2933333333333336,-0.4733333333333334,-0.29666666666666663,-0.2883333333333334,0.4666666666666668,-0.35
1961-03-01,-0.35,-0.39,-0.53,-0.122,-1.8,-0.19,-0.31,-0.38,-0.21,-0.55,-0.66,-0.41,-0.35,-0.13,-0.08,-0.144,-0.641,0.9,-0.3,0.8,-0.28333333333333355,-0.38333333333333336,-0.43,-0.1153333333333334,-0.39999999999999997,-0.46
1961-04-01,-0.46,-0.27,-0.72,-0.612,0.8,-0.35,-0.19,-0.31,-0.39,-0.21,-0.55,-0.53,-0.41,-0.35,-0.122,-0.08,-0.144,-1.8,0.9,-0.3,-0.33333333333333354,-0.29000000000000004,-0.5533333333333333,-0.27133333333333337,-0.03333333333333329,-0.18
1961-05-01,-0.18,-0.27,-0.64,-0.438,0.3,-0.46,-0.35,-0.19,-0.27,-0.39,-0.21,-0.72,-0.53,-0.41,-0.612,-0.122,-0.08,0.8,-1.8,0.9,-0.33000000000000024,-0.31000000000000005,-0.63,-0.3906666666666667,-0.2333333333333333,-0.06
1961-06-01,-0.06,-0.32,-0.51,-0.006,0.1,-0.18,-0.46,-0.35,-0.27,-0.27,-0.39,-0.64,-0.72,-0.53,-0.438,-0.612,-0.122,0.3,0.8,-1.8,-0.23333333333333361,-0.2866666666666667,-0.6233333333333334,-0.35200000000000004,0.39999999999999997,-0.41
1961-07-01,-0.41,-0.97,-0.71,0.63,0.2,-0.06,-0.18,-0.46,-0.32,-0.27,-0.27,-0.51,-0.64,-0.72,-0.006,-0.438,-0.612,0.1,0.3,0.8,-0.2166666666666669,-0.52,-0.62,0.061999999999999944,0.19999999999999998,-0.67
1961-08-01,-0.67,-1.03,-0.87,0.776,0.2,-0.41,-0.06,-0.18,-0.97,-0.32,-0.27,-0.71,-0.51,-0.64,0.63,-0.006,-0.438,0.2,0.1,0.3,-0.3800000000000003,-0.7733333333333334,-0.6966666666666667,0.4666666666666666,0.16666666666666666,-0.94
1961-09-01,-0.94,-1.38,-0.7,0.554,0.1,-0.67,-0.41,-0.06,-1.03,-0.97,-0.32,-0.87,-0.71,-0.51,0.776,0.63,-0.006,0.2,0.2,0.1,-0.6733333333333335,-1.1266666666666667,-0.7600000000000001,0.6533333333333333,0.16666666666666666,-1.01
1961-10-01,-1.01,-1.29,-0.93,0.457,-0.3,-0.94,-0.67,-0.41,-1.38,-1.03,-0.97,-0.7,-0.87,-0.71,0.554,0.776,0.63,0.1,0.2,0.2,-0.8733333333333336,-1.2333333333333334,-0.8333333333333334,0.5956666666666667,0.0,-0.63
1961-11-01,-0.63,-0.82,-0.61,0.323,0.5,-1.01,-0.94,-0.67,-1.29,-1.38,-1.03,-0.93,-0.7,-0.87,0.457,0.554,0.776,-0.3,0.1,0.2,-0.8600000000000003,-1.1633333333333333,-0.7466666666666667,0.4446666666666666,0.10000000000000002,-0.63
1961-12-01,-0.63,-0.64,-0.54,0.311,1.5,-0.63,-1.01,-0.94,-0.82,-1.29,-1.38,-0.61,-0.93,-0.7,0.323,0.457,0.554,0.5,-0.3,0.1,-0.7566666666666669,-0.9166666666666666,-0.6933333333333334,0.3636666666666666,0.5666666666666667,-0.59
1962-01-01,-0.59,-0.57,-0.66,0.512,2.0,-0.63,-0.63,-1.01,-0.64,-0.82,-1.29,-0.54,-0.61,-0.93,0.311,0.323,0.457,1.5,0.5,-0.3,-0.6166666666666668,-0.6766666666666666,-0.6033333333333334,0.3819999999999999,1.3333333333333333,-0.57
1962-02-01,-0.57,-0.44,-0.66,0.544,-0.3,-0.59,-0.63,-0.63,-0.57,-0.64,-0.82,-0.66,-0.54,-0.61,0.512,0.311,0.323,2.0,1.5,0.5,-0.5966666666666669,-0.55,-0.62,0.4556666666666666,1.0666666666666667,-0.48
1962-03-01,-0.48,-0.74,-0.56,0.356,0.1,-0.57,-0.59,-0.63,-0.44,-0.57,-0.64,-0.66,-0.66,-0.54,0.544,0.512,0.311,-0.3,2.0,1.5,-0.5466666666666669,-0.5833333333333334,-0.6266666666666667,0.4706666666666666,0.6,-0.69
1962-04-01,-0.69,-1.12,-0.59,-0.019,0.2,-0.48,-0.57,-0.59,-0.74,-0.44,-0.57,-0.56,-0.66,-0.66,0.356,0.544,0.512,0.1,-0.3,2.0,-0.5800000000000002,-0.7666666666666667,-0.6033333333333334,0.2936666666666666,9.25185853854297e-18,-0.89
1962-05-01,-0.89,-1.08,-0.8,-0.385,1.1,-0.69,-0.48,-0.57,-1.12,-0.74,-0.44,-0.59,-0.56,-0.66,-0.019,0.356,0.544,0.2,0.1,-0.3,-0.6866666666666669,-0.9800000000000001,-0.65,-0.016000000000000087,0.46666666666666673,-0.65
1962-06-01,-0.65,-0.95,-0.59,-0.458,0.7,-0.89,-0.69,-0.48,-1.08,-1.12,-0.74,-0.8,-0.59,-0.56,-0.385,-0.019,0.356,1.1,0.2,0.1,-0.7433333333333335,-1.05,-0.66,-0.28733333333333344,0.6666666666666666,-0.53
1962-07-01,-0.53,-0.76,-0.77,-0.468,0.1,-0.65,-0.89,-0.69,-0.95,-1.08,-1.12,-0.59,-0.8,-0.59,-0.458,-0.385,-0.019,0.7,1.1,0.2,-0.6900000000000003,-0.93,-0.7200000000000001,-0.4370000000000001,0.6333333333333334,-0.53
1962-08-01,-0.53,-0.47,-0.81,-0.303,0.6,-0.53,-0.65,-0.89,-0.76,-0.95,-1.08,-0.77,-0.59,-0.8,-0.468,-0.458,-0.385,0.1,0.7,1.1,-0.5700000000000002,-0.7266666666666666,-0.7233333333333333,-0.4096666666666668,0.4666666666666666,-0.78
1962-09-01,-0.78,-0.79,-0.85,-0.186,0.4,-0.53,-0.53,-0.65,-0.47,-0.76,-0.95,-0.81,-0.77,-0.59,-0.303,-0.468,-0.458,0.6,0.1,0.7,-0.6133333333333336,-0.6733333333333333,-0.81,-0.3190000000000001,0.3666666666666667,-0.75
1962-10-01,-0.75,-0.84,-0.82,-0.327,1.0,-0.78,-0.53,-0.53,-0.79,-0.47,-0.76,-0.85,-0.81,-0.77,-0.186,-0.303,-0.468,0.4,0.6,0.1,-0.6866666666666669,-0.7000000000000001,-0.8266666666666667,-0.2720000000000001,0.6666666666666666,-0.95
1962-11-01,-0.95,-1.12,-0.8,-0.213,0.3,-0.75,-0.78,-0.53,-0.84,-0.79,-0.47,-0.82,-0.85,-0.81,-0.327,-0.186,-0.303,1.0,0.4,0.6,-0.8266666666666668,-0.9166666666666666,-0.8233333333333333,-0.2420000000000001,0.5666666666666667,-0.93
1962-12-01,-0.93,-1.15,-0.8,-0.071,0.2,-0.95,-0.75,-0.78,-1.12,-0.84,-0.79,-0.8,-0.82,-0.85,-0.213,-0.327,-0.186,0.3,1.0,0.4,-0.8766666666666669,-1.0366666666666668,-0.8066666666666666,-0.20366666666666675,0.5,-0.78
1963-01-01,-0.78,-0.81,-0.86,0.329,1.0,-0.93,-0.95,-0.75,-1.15,-1.12,-0.84,-0.8,-0.8,-0.82,-0.071,-0.213,-0.327,0.2,0.3,1.0,-0.8866666666666668,-1.0266666666666666,-0.82,0.014999999999999939,0.5,-0.53
1963-02-01,-0.53,-0.61,-0.72,0.395,0.6,-0.78,-0.93,-0.95,-0.81,-1.15,-1.12,-0.86,-0.8,-0.8,0.329,-0.071,-0.213,1.0,0.2,0.3,-0.7466666666666669,-0.8566666666666668,-0.7933333333333333,0.2176666666666666,0.6,-0.1
1963-03-01,-0.1,-0.3,-0.35,0.201,1.1,-0.53,-0.78,-0.93,-0.61,-0.81,-1.15,-0.72,-0.86,-0.8,0.395,0.329,-0.071,0.6,1.0,0.2,-0.4700000000000002,-0.5733333333333334,-0.6433333333333333,0.3083333333333333,0.9,-0.03
1963-04-01,-0.03,-0.16,-0.34,-0.061,0.8,-0.1,-0.53,-0.78,-0.3,-0.61,-0.81,-0.35,-0.72,-0.86,0.201,0.395,0.329,1.1,0.6,1.0,-0.22000000000000022,-0.35666666666666674,-0.47,0.17833333333333326,0.8333333333333334,-0.3
1963-05-01,-0.3,-0.28,-0.51,-0.324,0.4,-0.03,-0.1,-0.53,-0.16,-0.3,-0.61,-0.34,-0.35,-0.72,-0.061,0.201,0.395,0.8,1.1,0.6,-0.14333333333333356,-0.24666666666666673,-0.4000000000000001,-0.061333333333333406,0.7666666666666666,-0.11
1963-06-01,-0.11,-0.04,-0.65,-0.248,-0.5,-0.3,-0.03,-0.1,-0.28,-0.16,-0.3,-0.51,-0.34,-0.35,-0.324,-0.061,0.201,0.4,0.8,1.1,-0.14666666666666686,-0.16000000000000006,-0.5,-0.21100000000000008,0.23333333333333328,0.49
1963-07-01,0.49,0.44,-0.28,0.212,-0.1,-0.11,-0.3,-0.03,-0.04,-0.28,-0.16,-0.65,-0.51,-0.34,-0.248,-0.324,-0.061,-0.5,0.4,0.8,0.02666666666666645,0.039999999999999945,-0.48,-0.1200000000000001,-0.06666666666666674,0.62
1963-08-01,0.62,0.57,0.0,0.473,0.0,0.49,-0.11,-0.3,0.44,-0.04,-0.28,-0.28,-0.65,-0.51,0.212,-0.248,-0.324,-0.1,-0.5,0.4,0.3333333333333331,0.32333333333333325,-0.31,0.14566666666666658,-0.20000000000000007,0.68
1963-09-01,0.68,0.46,0.24,0.081,-0.6,0.62,0.49,-0.11,0.57,0.44,-0.04,0.0,-0.28,-0.65,0.473,0.212,-0.248,0.0,-0.1,-0.5,0.5966666666666666,0.49,-0.013333333333333345,0.25533333333333325,-0.2333333333333334,0.64
1963-10-01,0.64,0.43,0.23,0.432,-1.2,0.68,0.62,0.49,0.46,0.57,0.44,0.24,0.0,-0.28,0.081,0.473,0.212,-0.6,0.0,-0.1,0.6466666666666664,0.4866666666666666,0.15666666666666665,0.3286666666666666,-0.6000000000000001,0.77
1963-11-01,0.77,0.56,0.01,0.319,-0.8,0.64,0.68,0.62,0.43,0.46,0.57,0.23,0.24,0.0,0.432,0.081,0.473,-1.2,-0.6,0.0,0.6966666666666664,0.48333333333333334,0.16,0.27733333333333327,-0.8666666666666667,1.02
1963-12-01,1.02,0.76,0.0,-0.059,-1.2,0.77,0.64,0.68,0.56,0.43,0.46,0.01,0.23,0.24,0.319,0.432,0.081,-0.8,-1.2,-0.6,0.8099999999999997,0.5833333333333334,0.08,0.2306666666666666,-1.0666666666666667,0.79
1964-01-01,0.79,0.36,0.09,-0.461,-0.4,1.02,0.77,0.64,0.76,0.56,0.43,0.0,0.01,0.23,-0.059,0.319,0.432,-1.2,-0.8,-1.2,0.8599999999999998,0.5599999999999999,0.03333333333333333,-0.06700000000000007,-0.8000000000000002,0.38
1964-02-01,0.38,-0.1,-0.15,-0.692,0.0,0.79,1.02,0.77,0.36,0.76,0.56,0.09,0.0,0.01,-0.461,-0.059,0.319,-0.4,-1.2,-0.8,0.7299999999999999,0.3399999999999999,-0.02,-0.4040000000000001,-0.5333333333333333,-0.26
1964-03-01,-0.26,-0.48,-0.64,-0.312,1.1,0.38,0.79,1.02,-0.1,0.36,0.76,-0.15,0.09,0.0,-0.692,-0.461,-0.059,0.0,-0.4,-1.2,0.3033333333333331,-0.07333333333333336,-0.23333333333333336,-0.48833333333333345,0.2333333333333333,-0.87
1964-04-01,-0.87,-1.39,-0.61,-0.224,1.1,-0.26,0.38,0.79,-0.48,-0.1,0.36,-0.64,-0.15,0.09,-0.312,-0.692,-0.461,1.1,0.0,-0.4,-0.2500000000000002,-0.6566666666666666,-0.4666666666666666,-0.4093333333333334,0.7333333333333334,-1.12
1964-05-01,-1.12,-1.83,-0.71,-0.52,0.2,-0.87,-0.26,0.38,-1.39,-0.48,-0.1,-0.61,-0.64,-0.15,-0.224,-0.312,-0.692,1.1,1.1,0.0,-0.7500000000000003,-1.2333333333333334,-0.6533333333333333,-0.3520000000000001,0.8000000000000002,-1.14
1964-06-01,-1.14,-1.62,-1.03,-0.344,0.8,-1.12,-0.87,-0.26,-1.83,-1.39,-0.48,-0.71,-0.61,-0.64,-0.52,-0.224,-0.312,0.2,1.1,1.1,-1.0433333333333337,-1.6133333333333333,-0.7833333333333333,-0.3626666666666667,0.7000000000000001,-0.96
1964-07-01,-0.96,-1.11,-1.11,-0.829,0.6,-1.14,-1.12,-0.87,-1.62,-1.83,-1.39,-1.03,-0.71,-0.61,-0.344,-0.52,-0.224,0.8,0.2,1.1,-1.0733333333333335,-1.5200000000000002,-0.9500000000000002,-0.5643333333333334,0.5333333333333333,-1.26
1964-08-01,-1.26,-1.57,-1.37,-0.683,1.5,-0.96,-1.14,-1.12,-1.11,-1.62,-1.83,-1.11,-1.03,-0.71,-0.829,-0.344,-0.52,0.6,0.8,0.2,-1.12,-1.4333333333333336,-1.1700000000000002,-0.6186666666666668,0.9666666666666668,-1.4
1964-09-01,-1.4,-1.16,-1.71,-0.981,1.3,-1.26,-0.96,-1.14,-1.57,-1.11,-1.62,-1.37,-1.11,-1.03,-0.683,-0.829,-0.344,1.5,0.6,0.8,-1.2066666666666668,-1.28,-1.3966666666666667,-0.8310000000000001,1.1333333333333335,-1.35
1964-10-01,-1.35,-1.22,-1.62,-1.027,1.3,-1.4,-1.26,-0.96,-1.16,-1.57,-1.11,-1.71,-1.37,-1.11,-0.981,-0.683,-0.829,1.3,1.5,0.6,-1.336666666666667,-1.3166666666666667,-1.5666666666666667,-0.8969999999999999,1.366666666666667,-1.44
1964-11-01,-1.44,-1.18,-1.74,-0.284,0.2,-1.35,-1.4,-1.26,-1.22,-1.16,-1.57,-1.62,-1.71,-1.37,-1.027,-0.981,-0.683,1.3,1.3,1.5,-1.3966666666666672,-1.1866666666666668,-1.6900000000000002,-0.7640000000000001,0.9333333333333335,-1.37
1964-12-01,-1.37,-1.5,-1.6,-0.182,-0.3,-1.44,-1.35,-1.4,-1.18,-1.22,-1.16,-1.74,-1.62,-1.71,-0.284,-1.027,-0.981,0.2,1.3,1.3,-1.3866666666666667,-1.3,-1.6533333333333333,-0.4976666666666667,0.4000000000000001,-0.89
1965-01-01,-0.89,-0.96,-1.09,-0.331,-0.4,-1.37,-1.44,-1.35,-1.5,-1.18,-1.22,-1.6,-1.74,-1.62,-0.182,-0.284,-1.027,-0.3,0.2,1.3,-1.2333333333333336,-1.2133333333333334,-1.4766666666666666,-0.2656666666666667,-0.1666666666666666,-0.56
1965-02-01,-0.56,-0.54,-0.76,-0.447,0.4,-0.89,-1.37,-1.44,-0.96,-1.5,-1.18,-1.09,-1.6,-1.74,-0.331,-0.182,-0.284,-0.4,-0.3,0.2,-0.9400000000000003,-1.0,-1.1500000000000001,-0.32000000000000006,-0.09999999999999991,-0.34
1965-03-01,-0.34,-0.28,-0.75,-0.186,0.8,-0.56,-0.89,-1.37,-0.54,-0.96,-1.5,-0.76,-1.09,-1.6,-0.447,-0.331,-0.182,0.4,-0.4,-0.3,-0.5966666666666669,-0.5933333333333334,-0.8666666666666667,-0.3213333333333334,0.2666666666666668,-0.44
1965-04-01,-0.44,-0.11,-0.92,-0.285,-0.5,-0.34,-0.56,-0.89,-0.28,-0.54,-0.96,-0.75,-0.76,-1.09,-0.186,-0.447,-0.331,0.8,0.4,-0.4,-0.44666666666666693,-0.3100000000000001,-0.81,-0.3060000000000001,0.2333333333333334,0.06
1965-05-01,0.06,0.3,-0.41,-0.54,0.2,-0.44,-0.34,-0.56,-0.11,-0.28,-0.54,-0.92,-0.75,-0.76,-0.285,-0.186,-0.447,-0.5,0.8,0.4,-0.2400000000000002,-0.030000000000000082,-0.6933333333333334,-0.337,0.16666666666666674,0.36
1965-06-01,0.36,0.48,-0.09,-0.487,-0.6,0.06,-0.44,-0.34,0.3,-0.11,-0.28,-0.41,-0.92,-0.75,-0.54,-0.285,-0.186,0.2,-0.5,0.8,-0.006666666666666894,0.22333333333333324,-0.47333333333333333,-0.4373333333333334,-0.2999999999999999,0.61
1965-07-01,0.61,0.7,0.01,-0.473,-1.8,0.36,0.06,-0.44,0.48,0.3,-0.11,-0.09,-0.41,-0.92,-0.487,-0.54,-0.285,-0.6,0.2,-0.5,0.3433333333333331,0.4933333333333332,-0.16333333333333333,-0.5,-0.7333333333333333,1.12
1965-08-01,1.12,1.01,0.12,-0.247,-0.7,0.61,0.36,0.06,0.7,0.48,0.3,0.01,-0.09,-0.41,-0.473,-0.487,-0.54,-1.8,-0.6,0.2,0.6966666666666664,0.7299999999999999,0.01333333333333333,-0.40233333333333343,-1.0333333333333332,1.29
1965-09-01,1.29,1.08,0.12,-0.197,-1.3,1.12,0.61,0.36,1.01,0.7,0.48,0.12,0.01,-0.09,-0.247,-0.473,-0.487,-0.7,-1.8,-0.6,1.0066666666666666,0.93,0.08333333333333333,-0.30566666666666675,-1.2666666666666666,1.45
1965-10-01,1.45,1.11,0.51,0.017,-0.9,1.29,1.12,0.61,1.08,1.01,0.7,0.12,0.12,0.01,-0.197,-0.247,-0.473,-1.3,-0.7,-1.8,1.2866666666666664,1.0666666666666667,0.25,-0.1423333333333334,-0.9666666666666667,1.42
1965-11-01,1.42,1.28,0.41,-0.225,-1.5,1.45,1.29,1.12,1.11,1.08,1.01,0.51,0.12,0.12,0.017,-0.197,-0.247,-0.9,-1.3,-0.7,1.3866666666666665,1.1566666666666665,0.3466666666666667,-0.1350000000000001,-1.2333333333333334,1.36
1965-12-01,1.36,1.23,0.33,-0.29,0.2,1.42,1.45,1.29,1.28,1.11,1.08,0.41,0.51,0.12,-0.225,0.017,-0.197,-1.5,-0.9,-1.3,1.4099999999999995,1.2066666666666668,0.4166666666666667,-0.16600000000000006,-0.7333333333333333,1.12
1966-01-01,1.12,1.03,0.38,-0.232,-1.3,1.36,1.42,1.45,1.23,1.28,1.11,0.33,0.41,0.51,-0.29,-0.225,0.017,0.2,-1.5,-0.9,1.2999999999999998,1.18,0.37333333333333335,-0.24900000000000008,-0.8666666666666667,0.8
1966-02-01,0.8,0.49,0.44,-0.163,-0.2,1.12,1.36,1.42,1.03,1.23,1.28,0.38,0.33,0.41,-0.232,-0.29,-0.225,-1.3,0.2,-1.5,1.093333333333333,0.9166666666666666,0.38333333333333336,-0.22833333333333342,-0.43333333333333335,0.93
1966-03-01,0.93,-0.02,0.76,-0.341,-0.9,0.8,1.12,1.36,0.49,1.03,1.23,0.44,0.38,0.33,-0.163,-0.232,-0.29,-0.2,-1.3,0.2,0.9499999999999998,0.49999999999999994,0.5266666666666667,-0.2453333333333334,-0.8000000000000002,0.35
1966-04-01,0.35,-0.28,0.17,-0.435,-0.2,0.93,0.8,1.12,-0.02,0.49,1.03,0.76,0.44,0.38,-0.341,-0.163,-0.232,-0.9,-0.2,-1.3,0.693333333333333,0.06333333333333324,0.4566666666666667,-0.3130000000000001,-0.43333333333333335,-0.38
1966-05-01,-0.38,-1.05,-0.06,-0.423,-0.4,0.35,0.93,0.8,-0.28,-0.02,0.49,0.17,0.76,0.44,-0.435,-0.341,-0.163,-0.2,-0.9,-0.2,0.29999999999999977,-0.4500000000000001,0.29,-0.3996666666666668,-0.5000000000000001,-0.08
1966-06-01,-0.08,-0.73,-0.04,-0.119,0.3,-0.38,0.35,0.93,-1.05,-0.28,-0.02,-0.06,0.17,0.76,-0.423,-0.435,-0.341,-0.4,-0.2,-0.9,-0.036666666666666896,-0.6866666666666669,0.023333333333333334,-0.32566666666666677,-0.10000000000000002,0.04
1966-07-01,0.04,-0.54,0.08,-0.004,0.1,-0.08,-0.38,0.35,-0.73,-1.05,-0.28,-0.04,-0.06,0.17,-0.119,-0.423,-0.435,0.3,-0.4,-0.2,-0.14000000000000024,-0.7733333333333334,-0.006666666666666664,-0.18200000000000005,-9.25185853854297e-18,-0.37
1966-08-01,-0.37,-0.76,-0.21,0.129,0.6,0.04,-0.08,-0.38,-0.54,-0.73,-1.05,0.08,-0.04,-0.06,-0.004,-0.119,-0.423,0.1,0.3,-0.4,-0.1366666666666669,-0.6766666666666667,-0.056666666666666664,0.0019999999999999276,0.3333333333333333,-0.44
1966-09-01,-0.44,-0.9,-0.19,0.102,-0.2,-0.37,0.04,-0.08,-0.76,-0.54,-0.73,-0.21,0.08,-0.04,0.129,-0.004,-0.119,0.6,0.1,0.3,-0.2566666666666669,-0.7333333333333334,-0.10666666666666665,0.07566666666666659,0.16666666666666666,-0.5
1966-10-01,-0.5,-0.75,-0.08,-0.304,-0.1,-0.44,-0.37,0.04,-0.9,-0.76,-0.54,-0.19,-0.21,0.08,0.102,0.129,-0.004,-0.2,0.6,0.1,-0.4366666666666669,-0.8033333333333333,-0.16,-0.02433333333333341,0.10000000000000002,-0.47
1966-11-01,-0.47,-0.99,-0.05,-0.361,-0.0,-0.5,-0.44,-0.37,-0.75,-0.9,-0.76,-0.08,-0.19,-0.21,-0.304,0.102,0.129,-0.1,-0.2,0.6,-0.4700000000000002,-0.88,-0.10666666666666669,-0.18766666666666673,-0.09999999999999998,-0.57
1966-12-01,-0.57,-1.1,-0.33,-0.236,-0.3,-0.47,-0.5,-0.44,-0.99,-0.75,-0.9,-0.05,-0.08,-0.19,-0.361,-0.304,0.102,-0.0,-0.1,-0.2,-0.5133333333333335,-0.9466666666666668,-0.15333333333333332,-0.3003333333333334,-0.13333333333333333,-0.67
1967-01-01,-0.67,-0.73,-0.72,-0.236,1.7,-0.57,-0.47,-0.5,-1.1,-0.99,-0.75,-0.33,-0.05,-0.08,-0.236,-0.361,-0.304,-0.3,-0.0,-0.1,-0.5700000000000003,-0.9400000000000001,-0.36666666666666664,-0.27766666666666673,0.4666666666666666,-0.64
1967-02-01,-0.64,-0.5,-0.78,-0.073,1.7,-0.67,-0.57,-0.47,-0.73,-1.1,-0.99,-0.72,-0.33,-0.05,-0.236,-0.236,-0.361,1.7,-0.3,-0.0,-0.6266666666666669,-0.7766666666666667,-0.61,-0.18166666666666673,1.0333333333333334,-0.78
1967-03-01,-0.78,-0.9,-0.5,0.248,1.2,-0.64,-0.67,-0.57,-0.5,-0.73,-1.1,-0.78,-0.72,-0.33,-0.073,-0.236,-0.236,1.7,1.7,-0.3,-0.6966666666666669,-0.71,-0.6666666666666666,-0.020333333333333408,1.5333333333333332,-1.08
1967-04-01,-1.08,-1.23,-0.19,-0.263,-0.0,-0.78,-0.64,-0.67,-0.9,-0.5,-0.73,-0.5,-0.78,-0.72,0.248,-0.073,-0.236,1.2,1.7,1.7,-0.8333333333333336,-0.8766666666666666,-0.48999999999999994,-0.029333333333333416,0.9666666666666668,-0.59
1967-05-01,-0.59,-0.66,-0.15,-0.165,-0.0,-1.08,-0.78,-0.64,-1.23,-0.9,-0.5,-0.19,-0.5,-0.78,-0.263,0.248,-0.073,-0.0,1.2,1.7,-0.8166666666666669,-0.93,-0.27999999999999997,-0.06000000000000009,0.4000000000000001,-0.26
1967-06-01,-0.26,-0.38,-0.39,0.044,0.6,-0.59,-1.08,-0.78,-0.66,-1.23,-0.9,-0.15,-0.19,-0.5,-0.165,-0.263,0.248,-0.0,-0.0,1.2,-0.6433333333333336,-0.7566666666666667,-0.2433333333333333,-0.12800000000000009,0.20000000000000007,-0.33
1967-07-01,-0.33,-0.69,-0.38,0.14,0.2,-0.26,-0.59,-1.08,-0.38,-0.66,-1.23,-0.39,-0.15,-0.19,0.044,-0.165,-0.263,0.6,-0.0,-0.0,-0.3933333333333336,-0.5766666666666667,-0.3066666666666666,0.006333333333333265,0.2666666666666668,-0.42
1967-08-01,-0.42,-0.99,-0.47,0.13,0.7,-0.33,-0.26,-0.59,-0.69,-0.38,-0.66,-0.38,-0.39,-0.15,0.14,0.044,-0.165,0.2,0.6,-0.0,-0.33666666666666695,-0.6866666666666665,-0.4133333333333333,0.10466666666666662,0.5000000000000001,-0.86
1967-09-01,-0.86,-1.39,-0.56,0.145,0.5,-0.42,-0.33,-0.26,-0.99,-0.69,-0.38,-0.47,-0.38,-0.39,0.13,0.14,0.044,0.7,0.2,0.6,-0.536666666666667,-1.0233333333333332,-0.47,0.13833333333333328,0.4666666666666668,-0.74
1967-10-01,-0.74,-1.36,-0.43,0.159,0.1,-0.86,-0.42,-0.33,-1.39,-0.99,-0.69,-0.56,-0.47,-0.38,0.145,0.13,0.14,0.5,0.7,0.2,-0.6733333333333337,-1.2466666666666668,-0.4866666666666666,0.1446666666666666,0.4333333333333334,-0.62
1967-11-01,-0.62,-1.21,-0.36,0.023,-0.4,-0.74,-0.86,-0.42,-1.36,-1.39,-0.99,-0.43,-0.56,-0.47,0.159,0.145,0.13,0.1,0.5,0.7,-0.7400000000000002,-1.32,-0.44999999999999996,0.10899999999999993,0.06666666666666676,-0.65
1967-12-01,-0.65,-1.24,-0.39,0.054,-0.6,-0.62,-0.74,-0.86,-1.21,-1.36,-1.39,-0.36,-0.43,-0.56,0.023,0.159,0.145,-0.4,0.1,0.5,-0.6700000000000004,-1.27,-0.3933333333333333,0.07866666666666661,-0.2999999999999999,-0.85
1968-01-01,-0.85,-1.4,-0.46,0.213,0.5,-0.65,-0.62,-0.74,-1.24,-1.21,-1.36,-0.39,-0.36,-0.43,0.054,0.023,0.159,-0.6,-0.4,0.1,-0.706666666666667,-1.2833333333333334,-0.4033333333333333,0.09666666666666661,-0.16666666666666655,-1.07
1968-02-01,-1.07,-1.57,-0.47,0.334,1.3,-0.85,-0.65,-0.62,-1.4,-1.24,-1.21,-0.46,-0.39,-0.36,0.213,0.054,0.023,0.5,-0.6,-0.4,-0.856666666666667,-1.4033333333333333,-0.43999999999999995,0.20033333333333325,0.40000000000000013,-0.95
1968-03-01,-0.95,-1.44,-0.57,0.154,0.1,-1.07,-0.85,-0.65,-1.57,-1.4,-1.24,-0.47,-0.46,-0.39,0.334,0.213,0.054,1.3,0.5,-0.6,-0.956666666666667,-1.47,-0.5,0.2336666666666666,0.6333333333333334,-0.72
1968-04-01,-0.72,-1.09,-0.46,0.073,0.0,-0.95,-1.07,-0.85,-1.44,-1.57,-1.4,-0.57,-0.47,-0.46,0.154,0.334,0.213,0.1,1.3,0.5,-0.9133333333333337,-1.3666666666666665,-0.5,0.18699999999999994,0.4666666666666668,-0.75
1968-05-01,-0.75,-1.21,-0.6,-0.123,1.2,-0.72,-0.95,-1.07,-1.09,-1.44,-1.57,-0.46,-0.57,-0.47,0.073,0.154,0.334,0.0,0.1,1.3,-0.806666666666667,-1.2466666666666666,-0.5433333333333332,0.03466666666666659,0.4333333333333335,0.15
1968-06-01,0.15,-0.43,-0.09,0.091,1.1,-0.75,-0.72,-0.95,-1.21,-1.09,-1.44,-0.6,-0.46,-0.57,-0.123,0.073,0.154,1.2,0.0,0.1,-0.44000000000000034,-0.91,-0.3833333333333333,0.013666666666666591,0.7666666666666669,0.28
1968-07-01,0.28,0.07,-0.34,-0.521,0.7,0.15,-0.75,-0.72,-0.43,-1.21,-1.09,-0.09,-0.6,-0.46,0.091,-0.123,0.073,1.1,1.2,0.0,-0.10666666666666695,-0.5233333333333333,-0.34333333333333327,-0.18433333333333343,1.0000000000000002,0.16
1968-08-01,0.16,0.03,-0.21,-0.455,0.3,0.28,0.15,-0.75,0.07,-0.43,-1.21,-0.34,-0.09,-0.6,-0.521,0.091,-0.123,0.7,1.1,1.2,0.1966666666666664,-0.10999999999999999,-0.21333333333333326,-0.2950000000000001,0.7000000000000002,0.01
1968-09-01,0.01,-0.09,-0.19,-0.734,-0.3,0.16,0.28,0.15,0.03,0.07,-0.43,-0.21,-0.34,-0.09,-0.455,-0.521,0.091,0.3,0.7,1.1,0.14999999999999972,0.003333333333333336,-0.24666666666666662,-0.5700000000000001,0.23333333333333348,0.04
1968-10-01,0.04,-0.02,-0.07,-0.531,-0.1,0.01,0.16,0.28,-0.09,0.03,0.07,-0.19,-0.21,-0.34,-0.734,-0.455,-0.521,-0.3,0.3,0.7,0.06999999999999972,-0.02666666666666667,-0.1566666666666666,-0.5733333333333334,-0.03333333333333319,0.5
1968-11-01,0.5,0.05,0.4,-0.454,-0.3,0.04,0.01,0.16,-0.02,-0.09,0.03,-0.07,-0.19,-0.21,-0.531,-0.734,-0.455,-0.1,-0.3,0.3,0.18333333333333304,-0.02,0.046666666666666745,-0.5730000000000001,-0.23333333333333317,0.67
1968-12-01,0.67,0.4,0.63,-0.213,0.2,0.5,0.04,0.01,0.05,-0.02,-0.09,0.4,-0.07,-0.19,-0.454,-0.531,-0.734,-0.3,-0.1,-0.3,0.40333333333333304,0.14333333333333334,0.3200000000000001,-0.3993333333333334,-0.0666666666666665,0.95
1969-01-01,0.95,0.45,0.92,-0.162,-1.5,0.67,0.5,0.04,0.4,0.05,-0.02,0.63,0.4,-0.07,-0.213,-0.454,-0.531,0.2,-0.3,-0.1,0.7066666666666664,0.30000000000000004,0.65,-0.2763333333333334,-0.5333333333333331,1.11
1969-02-01,1.11,0.32,1.08,-0.164,-0.5,0.95,0.67,0.5,0.45,0.4,0.05,0.92,0.63,0.4,-0.162,-0.213,-0.454,-1.5,0.2,-0.3,0.9099999999999997,0.38999999999999996,0.8766666666666668,-0.17966666666666675,-0.5999999999999998,0.54
1969-03-01,0.54,0.21,0.63,0.06,0.4,1.11,0.95,0.67,0.32,0.45,0.4,1.08,0.92,0.63,-0.164,-0.162,-0.213,-0.5,-1.5,0.2,0.8666666666666664,0.32666666666666666,0.8766666666666666,-0.08866666666666674,-0.5333333333333332,0.31
1969-04-01,0.31,0.18,0.4,-0.051,-0.4,0.54,1.11,0.95,0.21,0.32,0.45,0.63,1.08,0.92,0.06,-0.164,-0.162,0.4,-0.5,-1.5,0.6533333333333331,0.2366666666666667,0.7033333333333335,-0.05166666666666674,-0.16666666666666652,0.35
1969-05-01,0.35,0.46,0.33,-0.166,-0.2,0.31,0.54,1.11,0.18,0.21,0.32,0.4,0.63,1.08,-0.051,0.06,-0.164,-0.4,0.4,-0.5,0.3999999999999997,0.2833333333333333,0.45333333333333337,-0.052333333333333405,-0.06666666666666653,-0.04
1969-06-01,-0.04,0.23,-0.04,-0.626,0.2,0.35,0.31,0.54,0.46,0.18,0.21,0.33,0.4,0.63,-0.166,-0.051,0.06,-0.2,-0.4,0.4,0.20666666666666636,0.29,0.23,-0.2810000000000001,-0.13333333333333322,-0.21
1969-07-01,-0.21,-0.09,-0.17,-0.407,-0.5,-0.04,0.35,0.31,0.23,0.46,0.18,-0.04,0.33,0.4,-0.626,-0.166,-0.051,0.2,-0.2,-0.4,0.03333333333333303,0.19999999999999998,0.04,-0.39966666666666667,-0.16666666666666652,0.16
1969-08-01,0.16,0.24,0.13,-0.35,-0.1,-0.21,-0.04,0.35,-0.09,0.23,0.46,-0.17,-0.04,0.33,-0.407,-0.626,-0.166,-0.5,0.2,-0.2,-0.030000000000000294,0.12666666666666668,-0.026666666666666672,-0.4610000000000001,-0.1333333333333332,0.43
1969-09-01,0.43,0.46,0.4,-0.248,-1.0,0.16,-0.21,-0.04,0.24,-0.09,0.23,0.13,-0.17,-0.04,-0.35,-0.407,-0.626,-0.1,-0.5,0.2,0.12666666666666637,0.20333333333333334,0.12,-0.335,-0.5333333333333332,0.62
1969-10-01,0.62,0.54,0.56,-0.2,-0.9,0.43,0.16,-0.21,0.46,0.24,-0.09,0.4,0.13,-0.17,-0.248,-0.35,-0.407,-1.0,-0.1,-0.5,0.40333333333333304,0.41333333333333333,0.36333333333333334,-0.26600000000000007,-0.6666666666666665,0.4
1969-11-01,0.4,0.51,0.49,-0.004,-0.1,0.62,0.43,0.16,0.54,0.46,0.24,0.56,0.4,0.13,-0.2,-0.248,-0.35,-0.9,-1.0,-0.1,0.4833333333333331,0.5033333333333333,0.4833333333333334,-0.15066666666666675,-0.6666666666666665,0.38
1969-12-01,0.38,0.64,0.39,-0.085,0.4,0.4,0.62,0.43,0.51,0.54,0.46,0.49,0.56,0.4,-0.004,-0.2,-0.248,-0.1,-0.9,-1.0,0.46666666666666634,0.5633333333333334,0.48000000000000004,-0.09633333333333342,-0.19999999999999987,0.28
1970-01-01,0.28,0.42,0.21,0.297,-1.1,0.38,0.4,0.62,0.64,0.51,0.54,0.39,0.49,0.56,-0.085,-0.004,-0.2,0.4,-0.1,-0.9,0.35333333333333306,0.5233333333333333,0.36333333333333334,0.06933333333333325,-0.26666666666666655,0.2
1970-02-01,0.2,0.0,0.29,0.326,-1.0,0.28,0.38,0.4,0.42,0.64,0.51,0.21,0.39,0.49,0.297,-0.085,-0.004,-1.1,0.4,-0.1,0.2866666666666664,0.35333333333333333,0.2966666666666667,0.17933333333333326,-0.5666666666666665,-0.14
1970-03-01,-0.14,-0.38,0.01,0.068,0.6,0.2,0.28,0.38,0.0,0.42,0.64,0.29,0.21,0.39,0.326,0.297,-0.085,-1.0,-1.1,0.4,0.11333333333333305,0.013333333333333327,0.17,0.23033333333333325,-0.49999999999999983,-0.08
1970-04-01,-0.08,-0.54,-0.05,0.219,-0.1,-0.14,0.2,0.28,-0.38,0.0,0.42,0.01,0.29,0.21,0.068,0.326,0.297,0.6,-1.0,-1.1,-0.006666666666666964,-0.3066666666666667,0.08333333333333336,0.20433333333333326,-0.16666666666666652,-0.3
1970-05-01,-0.3,-0.98,-0.09,0.182,0.4,-0.08,-0.14,0.2,-0.54,-0.38,0.0,-0.05,0.01,0.29,0.219,0.068,0.326,-0.1,0.6,-1.0,-0.17333333333333364,-0.6333333333333333,-0.043333333333333335,0.15633333333333324,0.30000000000000016,-0.69
1970-06-01,-0.69,-1.46,-0.35,-0.385,1.0,-0.3,-0.08,-0.14,-0.98,-0.54,-0.38,-0.09,-0.05,0.01,0.182,0.219,0.068,0.4,-0.1,0.6,-0.3566666666666669,-0.9933333333333333,-0.16333333333333333,0.0053333333333332456,0.4333333333333335,-1.08
1970-07-01,-1.08,-1.93,-0.46,-0.57,-0.4,-0.69,-0.3,-0.08,-1.46,-0.98,-0.54,-0.35,-0.09,-0.05,-0.385,0.182,0.219,1.0,0.4,-0.1,-0.6900000000000003,-1.4566666666666668,-0.3,-0.25766666666666677,0.3333333333333335,-1.26
1970-08-01,-1.26,-1.74,-0.9,-0.351,0.6,-1.08,-0.69,-0.3,-1.93,-1.46,-0.98,-0.46,-0.35,-0.09,-0.57,-0.385,0.182,-0.4,1.0,0.4,-1.0100000000000002,-1.71,-0.57,-0.4353333333333334,0.40000000000000013,-1.07
1970-09-01,-1.07,-1.27,-1.11,-0.6,1.2,-1.26,-1.08,-0.69,-1.74,-1.93,-1.46,-0.9,-0.46,-0.35,-0.351,-0.57,-0.385,0.6,-0.4,1.0,-1.136666666666667,-1.6466666666666665,-0.8233333333333334,-0.5070000000000001,0.4666666666666668,-1.12
1970-10-01,-1.12,-1.27,-1.17,-0.638,1.0,-1.07,-1.26,-1.08,-1.27,-1.74,-1.93,-1.11,-0.9,-0.46,-0.6,-0.351,-0.57,1.2,0.6,-0.4,-1.1500000000000004,-1.4266666666666667,-1.06,-0.5296666666666667,0.9333333333333335,-1.13
1970-11-01,-1.13,-1.48,-1.13,-0.307,1.6,-1.12,-1.07,-1.26,-1.27,-1.27,-1.74,-1.17,-1.11,-0.9,-0.638,-0.6,-0.351,1.0,1.2,0.6,-1.1066666666666671,-1.3399999999999999,-1.1366666666666667,-0.515,1.2666666666666668,-1.33
1970-12-01,-1.33,-1.32,-1.5,-0.235,1.9,-1.13,-1.12,-1.07,-1.48,-1.27,-1.27,-1.13,-1.17,-1.11,-0.307,-0.638,-0.6,1.6,1.0,1.2,-1.1933333333333336,-1.3566666666666667,-1.2666666666666666,-0.39333333333333337,1.5,-1.73
1971-01-01,-1.73,-1.58,-1.67,0.198,0.4,-1.33,-1.13,-1.12,-1.32,-1.48,-1.27,-1.5,-1.13,-1.17,-0.235,-0.307,-0.638,1.9,1.6,1.0,-1.3966666666666667,-1.46,-1.4333333333333333,-0.11466666666666674,1.3,-1.57
1971-02-01,-1.57,-1.57,-1.38,0.013,2.0,-1.73,-1.33,-1.13,-1.58,-1.32,-1.48,-1.67,-1.5,-1.13,0.198,-0.235,-0.307,0.4,1.9,1.6,-1.5433333333333337,-1.4900000000000002,-1.5166666666666666,-0.008000000000000068,1.4333333333333336,-1.36
1971-03-01,-1.36,-1.3,-1.31,0.208,2.3,-1.57,-1.73,-1.33,-1.57,-1.58,-1.32,-1.38,-1.67,-1.5,0.013,0.198,-0.235,2.0,0.4,1.9,-1.5533333333333337,-1.4833333333333334,-1.4533333333333331,0.1396666666666666,1.5666666666666667,-1.18
1971-04-01,-1.18,-1.04,-1.17,0.24,1.7,-1.36,-1.57,-1.73,-1.3,-1.57,-1.58,-1.31,-1.38,-1.67,0.208,0.013,0.198,2.3,2.0,0.4,-1.3700000000000003,-1.3033333333333335,-1.2866666666666666,0.1536666666666666,2.0,-0.98
1971-05-01,-0.98,-1.12,-1.07,-0.074,0.9,-1.18,-1.36,-1.57,-1.04,-1.3,-1.57,-1.17,-1.31,-1.38,0.24,0.208,0.013,1.7,2.3,2.0,-1.1733333333333336,-1.1533333333333333,-1.1833333333333333,0.12466666666666659,1.633333333333333,-1.13
1971-06-01,-1.13,-1.24,-1.14,-0.236,0.4,-0.98,-1.18,-1.36,-1.12,-1.04,-1.3,-1.07,-1.17,-1.31,-0.074,0.24,0.208,0.9,1.7,2.3,-1.096666666666667,-1.1333333333333335,-1.1266666666666667,-0.0233333333333334,1.0000000000000002,-1.17
1971-07-01,-1.17,-1.12,-1.2,-0.354,0.2,-1.13,-0.98,-1.18,-1.24,-1.12,-1.04,-1.14,-1.07,-1.17,-0.236,-0.074,0.24,0.4,0.9,1.7,-1.0933333333333335,-1.1600000000000001,-1.1366666666666667,-0.22133333333333338,0.5000000000000001,-1.1
1971-08-01,-1.1,-1.33,-1.25,-0.547,1.5,-1.17,-1.13,-0.98,-1.12,-1.24,-1.12,-1.2,-1.14,-1.07,-0.354,-0.236,-0.074,0.2,0.4,0.9,-1.1333333333333335,-1.2300000000000002,-1.1966666666666665,-0.37900000000000006,0.7000000000000002,-1.0
1971-09-01,-1.0,-1.04,-1.46,-0.746,1.4,-1.1,-1.17,-1.13,-1.33,-1.12,-1.24,-1.25,-1.2,-1.14,-0.547,-0.354,-0.236,1.5,0.2,0.4,-1.09,-1.1633333333333333,-1.3033333333333335,-0.549,1.0333333333333334,-1.24
1971-10-01,-1.24,-1.33,-1.32,-0.629,1.7,-1.0,-1.1,-1.17,-1.04,-1.33,-1.12,-1.46,-1.25,-1.2,-0.746,-0.547,-0.354,1.4,1.5,0.2,-1.1133333333333335,-1.2333333333333334,-1.343333333333333,-0.6406666666666667,1.5333333333333334,-1.15
1971-11-01,-1.15,-1.31,-0.98,0.017,0.5,-1.24,-1.0,-1.1,-1.33,-1.04,-1.33,-1.32,-1.46,-1.25,-0.629,-0.746,-0.547,1.7,1.4,1.5,-1.1300000000000001,-1.2266666666666668,-1.2533333333333332,-0.4526666666666668,1.2000000000000002,-1.23
1971-12-01,-1.23,-1.48,-0.68,0.215,0.3,-1.15,-1.24,-1.0,-1.31,-1.33,-1.04,-0.98,-1.32,-1.46,0.017,-0.629,-0.746,0.5,1.7,1.4,-1.206666666666667,-1.3733333333333333,-0.9933333333333333,-0.1323333333333334,0.8333333333333335,-0.92
1972-01-01,-0.92,-0.73,-0.69,0.143,0.5,-1.23,-1.15,-1.24,-1.48,-1.31,-1.33,-0.68,-0.98,-1.32,0.215,0.017,-0.629,0.3,0.5,1.7,-1.1000000000000003,-1.1733333333333333,-0.7833333333333333,0.12499999999999993,0.4333333333333335,-0.45
1972-02-01,-0.45,-0.52,-0.31,-0.216,1.1,-0.92,-1.23,-1.15,-0.73,-1.48,-1.31,-0.69,-0.68,-0.98,0.143,0.215,0.017,0.5,0.3,0.5,-0.8666666666666668,-0.91,-0.5599999999999999,0.04733333333333325,0.6333333333333335,-0.19
1972-03-01,-0.19,-0.29,-0.16,0.031,0.6,-0.45,-0.92,-1.23,-0.52,-0.73,-1.48,-0.31,-0.69,-0.68,-0.216,0.143,0.215,1.1,0.5,0.3,-0.5200000000000002,-0.5133333333333333,-0.38666666666666666,-0.014000000000000077,0.7333333333333335,0.07
1972-04-01,0.07,0.0,0.11,0.131,-0.1,-0.19,-0.45,-0.92,-0.29,-0.52,-0.73,-0.16,-0.31,-0.69,0.031,-0.216,0.143,0.6,1.1,0.5,-0.19000000000000025,-0.27,-0.12,-0.01800000000000007,0.5333333333333335,0.38
1972-05-01,0.38,0.21,0.11,0.157,-1.6,0.07,-0.19,-0.45,0.0,-0.29,-0.52,0.11,-0.16,-0.31,0.131,0.031,-0.216,-0.1,0.6,1.1,0.08666666666666645,-0.02666666666666666,0.02,0.10633333333333327,-0.36666666666666653,0.45
1972-06-01,0.45,0.61,0.1,0.739,-0.5,0.38,0.07,-0.19,0.21,0.0,-0.29,0.11,0.11,-0.16,0.157,0.131,0.031,-1.6,-0.1,0.6,0.29999999999999977,0.2733333333333333,0.10666666666666667,0.3423333333333332,-0.7333333333333333,0.85
1972-07-01,0.85,1.2,0.13,0.708,-1.4,0.45,0.38,0.07,0.61,0.21,0.0,0.1,0.11,0.11,0.739,0.157,0.131,-0.5,-1.6,-0.1,0.5599999999999997,0.6733333333333333,0.11333333333333334,0.5346666666666665,-1.1666666666666665,1.09
1972-08-01,1.09,1.63,-0.04,0.511,-0.5,0.85,0.45,0.38,1.2,0.61,0.21,0.13,0.1,0.11,0.708,0.739,0.157,-1.4,-0.5,-1.6,0.7966666666666665,1.1466666666666665,0.06333333333333334,0.6526666666666666,-0.7999999999999998,1.23
1972-09-01,1.23,1.43,0.11,0.363,-1.4,1.09,0.85,0.45,1.63,1.2,0.61,-0.04,0.13,0.1,0.511,0.708,0.739,-0.5,-1.4,-0.5,1.0566666666666664,1.42,0.06666666666666667,0.5273333333333333,-1.0999999999999999,1.54
1972-10-01,1.54,1.74,0.4,0.327,-0.9,1.23,1.09,0.85,1.43,1.63,1.2,0.11,-0.04,0.13,0.363,0.511,0.708,-1.4,-0.5,-1.4,1.2866666666666664,1.5999999999999999,0.15666666666666668,0.40033333333333326,-0.9333333333333331,1.9
1972-11-01,1.9,1.99,0.53,0.671,-0.3,1.54,1.23,1.09,1.74,1.43,1.63,0.4,0.11,-0.04,0.327,0.363,0.511,-0.9,-1.4,-0.5,1.5566666666666666,1.72,0.3466666666666667,0.4536666666666666,-0.8666666666666666,2.09
1972-12-01,2.09,2.25,0.67,0.477,-1.3,1.9,1.54,1.23,1.99,1.74,1.43,0.53,0.4,0.11,0.671,0.327,0.363,-0.3,-0.9,-1.4,1.843333333333333,1.9933333333333334,0.5333333333333333,0.49166666666666664,-0.8333333333333331,1.8
1973-01-01,1.8,1.78,0.67,0.043,-0.3,2.09,1.9,1.54,2.25,1.99,1.74,0.67,0.53,0.4,0.477,0.671,0.327,-1.3,-0.3,-0.9,1.9299999999999997,2.0066666666666664,0.6233333333333334,0.39699999999999996,-0.6333333333333332,1.2
1973-02-01,1.2,0.79,0.4,-0.077,-1.4,1.8,2.09,1.9,1.78,2.25,1.99,0.67,0.67,0.53,0.043,0.477,0.671,-0.3,-1.3,-0.3,1.6966666666666665,1.6066666666666665,0.58,0.1476666666666666,-0.9999999999999999,0.27
1973-03-01,0.27,0.09,0.01,-0.001,0.7,1.2,1.8,2.09,0.79,1.78,2.25,0.4,0.67,0.67,-0.077,0.043,0.477,-1.4,-0.3,-1.3,1.0899999999999999,0.8866666666666666,0.36000000000000004,-0.011666666666666705,-0.3333333333333332,-0.58
1973-04-01,-0.58,-0.83,-0.37,-0.117,0.1,0.27,1.2,1.8,0.09,0.79,1.78,0.01,0.4,0.67,-0.001,-0.077,0.043,0.7,-1.4,-0.3,0.2966666666666665,0.016666666666666535,0.013333333333333345,-0.06500000000000004,-0.19999999999999984,-0.97
1973-05-01,-0.97,-1.32,-0.43,0.085,0.4,-0.58,0.27,1.2,-0.83,0.09,0.79,-0.37,0.01,0.4,-0.117,-0.001,-0.077,0.1,0.7,-1.4,-0.42666666666666675,-0.6866666666666669,-0.26333333333333336,-0.011000000000000038,0.40000000000000013,-1.18
1973-06-01,-1.18,-1.41,-0.82,-0.225,1.1,-0.97,-0.58,0.27,-1.32,-0.83,0.09,-0.43,-0.37,0.01,0.085,-0.117,-0.001,0.4,0.1,0.7,-0.9100000000000001,-1.1866666666666668,-0.5399999999999999,-0.08566666666666671,0.5333333333333335,-1.54
1973-07-01,-1.54,-1.66,-1.05,-0.495,0.6,-1.18,-0.97,-0.58,-1.41,-1.32,-0.83,-0.82,-0.43,-0.37,-0.225,0.085,-0.117,1.1,0.4,0.1,-1.2300000000000002,-1.4633333333333336,-0.7666666666666666,-0.2116666666666667,0.7000000000000002,-1.63
1973-08-01,-1.63,-1.62,-1.35,-0.607,1.3,-1.54,-1.18,-0.97,-1.66,-1.41,-1.32,-1.05,-0.82,-0.43,-0.495,-0.225,0.085,0.6,1.1,0.4,-1.4500000000000002,-1.5633333333333335,-1.0733333333333333,-0.4423333333333333,1.0000000000000002,-1.66
1973-09-01,-1.66,-1.52,-1.49,-0.773,1.2,-1.63,-1.54,-1.18,-1.62,-1.66,-1.41,-1.35,-1.05,-0.82,-0.607,-0.495,-0.225,1.3,0.6,1.1,-1.61,-1.6000000000000003,-1.2966666666666666,-0.625,1.0333333333333334,-1.98
1973-10-01,-1.98,-1.69,-1.65,-0.449,0.8,-1.66,-1.63,-1.54,-1.52,-1.62,-1.66,-1.49,-1.35,-1.05,-0.773,-0.607,-0.495,1.2,1.3,0.6,-1.7566666666666668,-1.61,-1.4966666666666668,-0.6096666666666667,1.1,-2.37
1973-11-01,-2.37,-1.82,-1.92,-0.157,2.6,-1.98,-1.66,-1.63,-1.69,-1.52,-1.62,-1.65,-1.49,-1.35,-0.449,-0.773,-0.607,0.8,1.2,1.3,-2.0033333333333334,-1.6766666666666667,-1.6866666666666668,-0.4596666666666667,1.5333333333333334,-2.26
1973-12-01,-2.26,-1.85,-2.04,0.047,1.8,-2.37,-1.98,-1.66,-1.82,-1.69,-1.52,-1.92,-1.65,-1.49,-0.157,-0.449,-0.773,2.6,0.8,1.2,-2.2033333333333336,-1.7866666666666668,-1.8699999999999999,-0.18633333333333338,1.7333333333333334,-2.09
1974-01-01,-2.09,-1.8,-2.02,0.279,2.4,-2.26,-2.37,-1.98,-1.85,-1.82,-1.69,-2.04,-1.92,-1.65,0.047,-0.157,-0.449,1.8,2.6,0.8,-2.24,-1.8233333333333335,-1.9933333333333334,0.05633333333333331,2.266666666666667,-1.66
1974-02-01,-1.66,-1.34,-1.48,0.156,2.1,-2.09,-2.26,-2.37,-1.8,-1.85,-1.82,-2.02,-2.04,-1.92,0.279,0.047,-0.157,2.4,1.8,2.6,-2.0033333333333334,-1.6633333333333333,-1.8466666666666667,0.16066666666666665,2.1,-1.45
1974-03-01,-1.45,-0.96,-1.15,0.249,2.4,-1.66,-2.09,-2.26,-1.34,-1.8,-1.85,-1.48,-2.02,-2.04,0.156,0.279,0.047,2.1,2.4,1.8,-1.7333333333333336,-1.366666666666667,-1.55,0.22799999999999998,2.3000000000000003,-1.36
1974-04-01,-1.36,-0.81,-1.2,-0.053,0.9,-1.45,-1.66,-2.09,-0.96,-1.34,-1.8,-1.15,-1.48,-2.02,0.249,0.156,0.279,2.4,2.1,2.4,-1.4900000000000002,-1.0366666666666668,-1.2766666666666666,0.11733333333333329,1.8000000000000005,-1.29
1974-05-01,-1.29,-0.89,-1.14,-0.239,1.0,-1.36,-1.45,-1.66,-0.81,-0.96,-1.34,-1.2,-1.15,-1.48,-0.053,0.249,0.156,0.9,2.4,2.1,-1.366666666666667,-0.8866666666666668,-1.1633333333333333,-0.014333333333333365,1.4333333333333336,-1.2
1974-06-01,-1.2,-0.84,-1.08,-0.027,0.4,-1.29,-1.36,-1.45,-0.89,-0.81,-0.96,-1.14,-1.2,-1.15,-0.239,-0.053,0.249,1.0,0.9,2.4,-1.2833333333333337,-0.8466666666666668,-1.14,-0.10633333333333338,0.7666666666666669,-0.9
1974-07-01,-0.9,-0.59,-1.16,-0.249,1.1,-1.2,-1.29,-1.36,-0.84,-0.89,-0.81,-1.08,-1.14,-1.2,-0.027,-0.239,-0.053,0.4,1.0,0.9,-1.1300000000000003,-0.7733333333333334,-1.1266666666666667,-0.17166666666666672,0.8333333333333336,-0.52
1974-08-01,-0.52,-0.4,-0.82,-0.497,0.8,-0.9,-1.2,-1.29,-0.59,-0.84,-0.89,-1.16,-1.08,-1.14,-0.249,-0.027,-0.239,1.1,0.4,1.0,-0.8733333333333335,-0.6100000000000001,-1.02,-0.2576666666666667,0.766666666666667,-0.64
1974-09-01,-0.64,-0.63,-1.05,-0.661,1.1,-0.52,-0.9,-1.2,-0.4,-0.59,-0.84,-0.82,-1.16,-1.08,-0.497,-0.249,-0.027,0.8,1.1,0.4,-0.686666666666667,-0.5400000000000001,-1.01,-0.46900000000000003,1.0000000000000004,-0.94
1974-10-01,-0.94,-1.03,-1.23,-0.845,0.9,-0.64,-0.52,-0.9,-0.63,-0.4,-0.59,-1.05,-0.82,-1.16,-0.661,-0.497,-0.249,1.1,0.8,1.1,-0.7000000000000003,-0.6866666666666669,-1.0333333333333332,-0.6676666666666667,0.9333333333333337,-1.09
1974-11-01,-1.09,-1.11,-1.14,-0.551,-0.1,-0.94,-0.64,-0.52,-1.03,-0.63,-0.4,-1.23,-1.05,-0.82,-0.845,-0.661,-0.497,0.9,1.1,0.8,-0.8900000000000002,-0.9233333333333335,-1.14,-0.6856666666666668,0.6333333333333336,-0.97
1974-12-01,-0.97,-1.04,-1.12,-0.36,0.2,-1.09,-0.94,-0.64,-1.11,-1.03,-0.63,-1.14,-1.23,-1.05,-0.551,-0.845,-0.661,-0.1,0.9,1.1,-1.0000000000000002,-1.0600000000000003,-1.1633333333333333,-0.5853333333333334,0.3333333333333337,-0.45
1975-01-01,-0.45,-0.54,-0.71,-0.367,-0.5,-0.97,-1.09,-0.94,-1.04,-1.11,-1.03,-1.12,-1.14,-1.23,-0.36,-0.551,-0.845,0.2,-0.1,0.9,-0.836666666666667,-0.8966666666666668,-0.9899999999999999,-0.426,-0.13333333333333297,-0.68
1975-02-01,-0.68,-0.85,-0.55,-0.249,0.8,-0.45,-0.97,-1.09,-0.54,-1.04,-1.11,-0.71,-1.12,-1.14,-0.367,-0.36,-0.551,-0.5,0.2,-0.1,-0.7000000000000003,-0.81,-0.7933333333333333,-0.32533333333333336,0.16666666666666705,-1.09
1975-03-01,-1.09,-0.87,-0.86,-0.464,1.6,-0.68,-0.45,-0.97,-0.85,-0.54,-1.04,-0.55,-0.71,-1.12,-0.249,-0.367,-0.36,0.8,-0.5,0.2,-0.7400000000000003,-0.7533333333333334,-0.7066666666666666,-0.36000000000000004,0.6333333333333337,-0.96
1975-04-01,-0.96,-0.57,-0.99,0.087,1.2,-1.09,-0.68,-0.45,-0.87,-0.85,-0.54,-0.86,-0.55,-0.71,-0.464,-0.249,-0.367,1.6,0.8,-0.5,-0.9100000000000005,-0.7633333333333333,-0.7999999999999999,-0.2086666666666667,1.2000000000000004,-1.13
1975-05-01,-1.13,-1.09,-1.15,0.066,0.6,-0.96,-1.09,-0.68,-0.57,-0.87,-0.85,-0.99,-0.86,-0.55,0.087,-0.464,-0.249,1.2,1.6,0.8,-1.0600000000000003,-0.8433333333333334,-1.0,-0.10366666666666673,1.1333333333333337,-1.5
1975-06-01,-1.5,-1.4,-1.43,0.055,1.3,-1.13,-0.96,-1.09,-1.09,-0.57,-0.87,-1.15,-0.99,-0.86,0.066,0.087,-0.464,0.6,1.2,1.6,-1.196666666666667,-1.0200000000000002,-1.19,0.06933333333333329,1.0333333333333339,-1.39
1975-07-01,-1.39,-1.19,-1.53,-0.039,1.9,-1.5,-1.13,-0.96,-1.4,-1.09,-0.57,-1.43,-1.15,-0.99,0.055,0.066,0.087,1.3,0.6,1.2,-1.3400000000000005,-1.2266666666666668,-1.3699999999999999,0.027333333333333296,1.266666666666667,-1.52
1975-08-01,-1.52,-1.08,-1.76,-0.344,2.0,-1.39,-1.5,-1.13,-1.19,-1.4,-1.09,-1.53,-1.43,-1.15,-0.039,0.055,0.066,1.9,1.3,0.6,-1.4700000000000004,-1.2233333333333334,-1.5733333333333333,-0.10933333333333335,1.7333333333333336,-1.66
1975-09-01,-1.66,-1.41,-2.05,-0.857,2.1,-1.52,-1.39,-1.5,-1.08,-1.19,-1.4,-1.76,-1.53,-1.43,-0.344,-0.039,0.055,2.0,1.9,1.3,-1.5233333333333337,-1.2266666666666668,-1.78,-0.41333333333333333,2.0000000000000004,-1.83
1975-10-01,-1.83,-1.61,-2.21,-1.056,1.7,-1.66,-1.52,-1.39,-1.41,-1.08,-1.19,-2.05,-1.76,-1.53,-0.857,-0.344,-0.039,2.1,2.0,1.9,-1.6700000000000002,-1.366666666666667,-2.0066666666666664,-0.7523333333333334,1.9333333333333336,-1.66
1975-11-01,-1.66,-1.44,-2.11,-0.328,1.2,-1.83,-1.66,-1.52,-1.61,-1.41,-1.08,-2.21,-2.05,-1.76,-1.056,-0.857,-0.344,1.7,2.1,2.0,-1.7166666666666668,-1.4866666666666666,-2.123333333333333,-0.747,1.6666666666666672,-1.93
1975-12-01,-1.93,-1.81,-2.15,-0.17,2.1,-1.66,-1.83,-1.66,-1.44,-1.61,-1.41,-2.11,-2.21,-2.05,-0.328,-1.056,-0.857,1.2,1.7,2.1,-1.8066666666666669,-1.62,-2.1566666666666667,-0.518,1.6666666666666672,-2.01
1976-01-01,-2.01,-1.9,-1.74,0.005,1.4,-1.93,-1.66,-1.83,-1.81,-1.44,-1.61,-2.15,-2.11,-2.21,-0.17,-0.328,-1.056,2.1,1.2,1.7,-1.866666666666667,-1.7166666666666668,-2.0,-0.16433333333333336,1.566666666666667,-1.26
1976-02-01,-1.26,-1.1,-1.3,0.077,1.7,-2.01,-1.93,-1.66,-1.9,-1.81,-1.44,-1.74,-2.15,-2.11,0.005,-0.17,-0.328,1.4,2.1,1.2,-1.7333333333333336,-1.6033333333333335,-1.7299999999999998,-0.029333333333333336,1.7333333333333336,-0.82
1976-03-01,-0.82,-0.67,-0.98,0.02,1.7,-1.26,-2.01,-1.93,-1.1,-1.9,-1.81,-1.3,-1.74,-2.15,0.077,0.005,-0.17,1.7,1.4,2.1,-1.3633333333333335,-1.2233333333333334,-1.3399999999999999,0.034,1.6000000000000003,-0.93
1976-04-01,-0.93,-0.66,-0.82,0.122,0.3,-0.82,-1.26,-2.01,-0.67,-1.1,-1.9,-0.98,-1.3,-1.74,0.02,0.077,0.005,1.7,1.7,1.4,-1.0033333333333339,-0.8100000000000002,-1.0333333333333332,0.073,1.2333333333333336,-0.74
1976-05-01,-0.74,-0.34,-0.77,-0.004,0.4,-0.93,-0.82,-1.26,-0.66,-0.67,-1.1,-0.82,-0.98,-1.3,0.122,0.02,0.077,0.3,1.7,1.7,-0.8300000000000004,-0.5566666666666668,-0.8566666666666666,0.046000000000000006,0.8000000000000004,-0.38
1976-06-01,-0.38,0.33,-0.76,0.369,0.3,-0.74,-0.93,-0.82,-0.34,-0.66,-0.67,-0.77,-0.82,-0.98,-0.004,0.122,0.02,0.4,0.3,1.7,-0.6833333333333339,-0.22333333333333347,-0.7833333333333333,0.16233333333333333,0.33333333333333376,-0.16
1976-07-01,-0.16,0.43,-0.72,0.594,-0.9,-0.38,-0.74,-0.93,0.33,-0.34,-0.66,-0.76,-0.77,-0.82,0.369,-0.004,0.122,0.3,0.4,0.3,-0.42666666666666714,0.13999999999999993,-0.75,0.31966666666666665,-0.06666666666666625,0.12
1976-08-01,0.12,0.76,-0.62,0.107,-0.8,-0.16,-0.38,-0.74,0.43,0.33,-0.34,-0.72,-0.76,-0.77,0.594,0.369,-0.004,-0.9,0.3,0.4,-0.14000000000000046,0.5066666666666666,-0.7000000000000001,0.3566666666666667,-0.4666666666666663,0.3
1976-09-01,0.3,0.82,-0.5,-0.208,-1.1,0.12,-0.16,-0.38,0.76,0.43,0.33,-0.62,-0.72,-0.76,0.107,0.594,0.369,-0.8,-0.9,0.3,0.08666666666666623,0.6699999999999999,-0.6133333333333333,0.16433333333333333,-0.933333333333333,0.75
1976-10-01,0.75,0.91,-0.03,-0.231,0.4,0.3,0.12,-0.16,0.82,0.76,0.43,-0.5,-0.62,-0.72,-0.208,0.107,0.594,-1.1,-0.8,-0.9,0.3899999999999995,0.83,-0.38333333333333336,-0.11066666666666665,-0.49999999999999956,0.71
1976-11-01,0.71,0.78,0.09,-0.181,0.7,0.75,0.3,0.12,0.91,0.82,0.76,-0.03,-0.5,-0.62,-0.231,-0.208,0.107,0.4,-1.1,-0.8,0.5866666666666661,0.8366666666666666,-0.14666666666666667,-0.20666666666666667,4.070817756958907e-16,0.49
1976-12-01,0.49,0.66,-0.25,0.028,-0.3,0.71,0.75,0.3,0.78,0.91,0.82,0.09,-0.03,-0.5,-0.181,-0.231,-0.208,0.7,0.4,-1.1,0.6499999999999996,0.7833333333333333,-0.06333333333333334,-0.128,0.2666666666666671,0.78
1977-01-01,0.78,0.88,-0.1,-0.003,-0.4,0.49,0.71,0.75,0.66,0.78,0.91,-0.25,0.09,-0.03,0.028,-0.181,-0.231,-0.3,0.7,0.4,0.6599999999999996,0.7733333333333333,-0.08666666666666667,-0.052,4.625929269271486e-16,0.37
1977-02-01,0.37,0.56,-0.15,-0.261,1.2,0.78,0.49,0.71,0.88,0.66,0.78,-0.1,-0.25,0.09,-0.003,0.028,-0.181,-0.4,-0.3,0.7,0.5466666666666663,0.6999999999999998,-0.16666666666666666,-0.07866666666666668,0.1666666666666671,0.19
1977-03-01,0.19,0.22,-0.23,0.174,-0.5,0.37,0.78,0.49,0.56,0.88,0.66,-0.15,-0.1,-0.25,-0.261,-0.003,0.028,1.2,-0.4,-0.3,0.44666666666666616,0.5533333333333332,-0.16,-0.03000000000000001,0.10000000000000046,-0.38
1977-04-01,-0.38,-0.64,-0.23,-0.029,-0.4,0.19,0.37,0.78,0.22,0.56,0.88,-0.23,-0.15,-0.1,0.174,-0.261,-0.003,-0.5,1.2,-0.4,0.059999999999999554,0.0466666666666666,-0.20333333333333334,-0.038666666666666676,0.10000000000000042,-0.21
1977-05-01,-0.21,-0.38,-0.35,-0.341,-0.5,-0.38,0.19,0.37,-0.64,0.22,0.56,-0.23,-0.23,-0.15,-0.029,0.174,-0.261,-0.4,-0.5,1.2,-0.13333333333333378,-0.2666666666666668,-0.26999999999999996,-0.06533333333333334,-0.4666666666666662,0.01
1977-06-01,0.01,-0.19,-0.17,-0.095,-0.9,-0.21,-0.38,0.19,-0.38,-0.64,0.22,-0.35,-0.23,-0.23,-0.341,-0.029,0.174,-0.5,-0.4,-0.5,-0.1933333333333338,-0.4033333333333334,-0.25,-0.155,-0.5999999999999995,0.09
1977-07-01,0.09,-0.23,-0.06,-0.171,-1.1,0.01,-0.21,-0.38,-0.19,-0.38,-0.64,-0.17,-0.35,-0.23,-0.095,-0.341,-0.029,-0.9,-0.5,-0.4,-0.03666666666666711,-0.2666666666666668,-0.19333333333333333,-0.20233333333333334,-0.8333333333333329,-0.01
1977-08-01,-0.01,-0.38,-0.08,-0.26,-0.8,0.09,0.01,-0.21,-0.23,-0.19,-0.38,-0.06,-0.17,-0.35,-0.171,-0.095,-0.341,-1.1,-0.9,-0.5,0.029999999999999555,-0.2666666666666668,-0.10333333333333333,-0.17533333333333334,-0.933333333333333,0.4
1977-09-01,0.4,-0.03,0.19,-0.259,-0.8,-0.01,0.09,0.01,-0.38,-0.23,-0.19,-0.08,-0.06,-0.17,-0.26,-0.171,-0.095,-0.8,-1.1,-0.9,0.15999999999999956,-0.21333333333333346,0.016666666666666673,-0.23,-0.8999999999999996,0.63
1977-10-01,0.63,0.27,0.28,0.245,-1.0,0.4,-0.01,0.09,-0.03,-0.38,-0.23,0.19,-0.08,-0.06,-0.259,-0.26,-0.171,-0.8,-0.8,-1.1,0.3399999999999996,-0.046666666666666745,0.13,-0.09133333333333334,-0.8666666666666663,0.48
1977-11-01,0.48,0.19,0.32,-0.127,-1.3,0.63,0.4,-0.01,0.27,-0.03,-0.38,0.28,0.19,-0.08,0.245,-0.259,-0.26,-1.0,-0.8,-0.8,0.5033333333333329,0.14333333333333326,0.26333333333333336,-0.04700000000000001,-1.033333333333333,0.7
1977-12-01,0.7,0.25,0.41,-0.02,-1.1,0.48,0.63,0.4,0.19,0.27,-0.03,0.32,0.28,0.19,-0.127,0.245,-0.259,-1.3,-1.0,-0.8,0.6033333333333328,0.23666666666666658,0.33666666666666667,0.03266666666666666,-1.133333333333333,0.62
1978-01-01,0.62,0.14,0.4,-0.64,-0.3,0.7,0.48,0.63,0.25,0.19,0.27,0.41,0.32,0.28,-0.02,-0.127,0.245,-1.1,-1.3,-1.0,0.5999999999999995,0.19333333333333325,0.3766666666666667,-0.26233333333333336,-0.8999999999999995,0.25
1978-02-01,0.25,0.0,0.19,-0.53,-2.7,0.62,0.7,0.48,0.14,0.25,0.19,0.4,0.41,0.32,-0.64,-0.02,-0.127,-0.3,-1.1,-1.3,0.5233333333333329,0.12999999999999992,0.3333333333333333,-0.39666666666666667,-1.3666666666666663,-0.2
1978-03-01,-0.2,-0.46,-0.14,-0.582,-0.2,0.25,0.62,0.7,0.0,0.14,0.25,0.19,0.4,0.41,-0.53,-0.64,-0.02,-2.7,-0.3,-1.1,0.22333333333333286,-0.10666666666666676,0.15000000000000002,-0.584,-1.0666666666666662,-0.7
1978-04-01,-0.7,-0.94,-0.59,-0.214,-0.3,-0.2,0.25,0.62,-0.46,0.0,0.14,-0.14,0.19,0.4,-0.582,-0.53,-0.64,-0.2,-2.7,-0.3,-0.21666666666666712,-0.4666666666666668,-0.18000000000000002,-0.442,-1.0666666666666662,-0.74
1978-05-01,-0.74,-1.15,-0.4,-0.533,1.4,-0.7,-0.2,0.25,-0.94,-0.46,0.0,-0.59,-0.14,0.19,-0.214,-0.582,-0.53,-0.3,-0.2,-2.7,-0.5466666666666672,-0.8500000000000001,-0.37666666666666665,-0.443,0.30000000000000043,-0.71
1978-06-01,-0.71,-0.97,-0.56,-0.174,0.7,-0.74,-0.7,-0.2,-1.15,-0.94,-0.46,-0.4,-0.59,-0.14,-0.533,-0.214,-0.582,1.4,-0.3,-0.2,-0.7166666666666671,-1.0200000000000002,-0.5166666666666667,-0.307,0.6000000000000004,-0.55
1978-07-01,-0.55,-0.86,-0.62,-0.107,0.6,-0.71,-0.74,-0.7,-0.97,-1.15,-0.94,-0.56,-0.4,-0.59,-0.174,-0.533,-0.214,0.7,1.4,-0.3,-0.6666666666666671,-0.9933333333333335,-0.5266666666666667,-0.27133333333333337,0.9000000000000005,-0.79
1978-08-01,-0.79,-1.02,-0.59,-0.224,0.4,-0.55,-0.71,-0.74,-0.86,-0.97,-1.15,-0.62,-0.56,-0.4,-0.107,-0.174,-0.533,0.6,0.7,1.4,-0.6833333333333339,-0.9500000000000002,-0.59,-0.16833333333333333,0.5666666666666671,-0.71
1978-09-01,-0.71,-0.72,-0.48,-0.261,0.1,-0.79,-0.55,-0.71,-1.02,-0.86,-0.97,-0.59,-0.62,-0.56,-0.224,-0.107,-0.174,0.4,0.6,0.7,-0.6833333333333339,-0.8666666666666668,-0.5633333333333334,-0.19733333333333336,0.36666666666666714,-0.46
1978-10-01,-0.46,-0.41,-0.56,-0.502,-0.4,-0.71,-0.79,-0.55,-0.72,-1.02,-0.86,-0.48,-0.59,-0.62,-0.261,-0.224,-0.107,0.1,0.4,0.6,-0.6533333333333339,-0.7166666666666669,-0.5433333333333333,-0.329,0.03333333333333377,-0.38
1978-11-01,-0.38,-0.31,-0.39,-0.458,-0.0,-0.46,-0.71,-0.79,-0.41,-0.72,-1.02,-0.56,-0.48,-0.59,-0.502,-0.261,-0.224,-0.4,0.1,0.4,-0.5166666666666672,-0.4800000000000002,-0.47666666666666674,-0.40700000000000003,-0.09999999999999958,-0.06
1978-12-01,-0.06,0.01,-0.17,-0.26,-0.1,-0.38,-0.46,-0.71,-0.31,-0.41,-0.72,-0.39,-0.56,-0.48,-0.458,-0.502,-0.261,-0.0,-0.4,0.1,-0.3000000000000005,-0.23666666666666689,-0.3733333333333333,-0.4066666666666667,-0.1666666666666662,-0.13
1979-01-01,-0.13,-0.32,0.04,0.317,-0.4,-0.06,-0.38,-0.46,0.01,-0.31,-0.41,-0.17,-0.39,-0.56,-0.26,-0.458,-0.502,-0.1,-0.0,-0.4,-0.19000000000000047,-0.2066666666666669,-0.1733333333333333,-0.13366666666666668,-0.1666666666666662,-0.22
1979-02-01,-0.22,-0.29,-0.11,-0.158,1.0,-0.13,-0.06,-0.38,-0.32,0.01,-0.31,0.04,-0.17,-0.39,0.317,-0.26,-0.458,-0.4,-0.1,-0.0,-0.13666666666666716,-0.2000000000000002,-0.07999999999999997,-0.03366666666666667,0.1666666666666671,-0.02
1979-03-01,-0.02,-0.06,-0.02,-0.034,0.1,-0.22,-0.13,-0.06,-0.29,-0.32,0.01,-0.11,0.04,-0.17,-0.158,0.317,-0.26,1.0,-0.4,-0.1,-0.12333333333333381,-0.22333333333333352,-0.029999999999999968,0.041666666666666664,0.23333333333333375,0.02
1979-04-01,0.02,0.07,-0.02,-0.207,-0.1,-0.02,-0.22,-0.13,-0.06,-0.29,-0.32,-0.02,-0.11,0.04,-0.034,-0.158,0.317,0.1,1.0,-0.4,-0.07333333333333382,-0.09333333333333355,-0.04999999999999996,-0.133,0.33333333333333376,-0.25
1979-05-01,-0.25,-0.05,-0.18,-0.444,0.5,0.02,-0.02,-0.22,0.07,-0.06,-0.29,-0.02,-0.02,-0.11,-0.207,-0.034,-0.158,-0.1,0.1,1.0,-0.08333333333333381,-0.013333333333333553,-0.07333333333333329,-0.2283333333333333,0.16666666666666716,-0.29
1979-06-01,-0.29,-0.15,-0.24,0.108,0.6,-0.25,0.02,-0.02,-0.05,0.07,-0.06,-0.18,-0.02,-0.02,-0.444,-0.207,-0.034,0.5,-0.1,0.1,-0.1733333333333338,-0.04333333333333356,-0.14666666666666664,-0.18099999999999997,0.33333333333333376,-0.47
1979-07-01,-0.47,-0.31,-0.2,-0.315,1.3,-0.29,-0.25,0.02,-0.15,-0.05,0.07,-0.24,-0.18,-0.02,0.108,-0.444,-0.207,0.6,0.5,-0.1,-0.3366666666666671,-0.17000000000000023,-0.20666666666666664,-0.217,0.8000000000000006,-0.1
1979-08-01,-0.1,0.13,-0.45,-0.226,-0.2,-0.47,-0.29,-0.25,-0.31,-0.15,-0.05,-0.2,-0.24,-0.18,-0.315,0.108,-0.444,1.3,0.6,0.5,-0.2866666666666671,-0.11000000000000021,-0.29666666666666663,-0.1443333333333333,0.5666666666666672,0.28
1979-09-01,0.28,0.58,-0.29,-0.28,0.1,-0.1,-0.47,-0.29,0.13,-0.31,-0.15,-0.45,-0.2,-0.24,-0.226,-0.315,0.108,-0.2,1.3,0.6,-0.09666666666666712,0.1333333333333331,-0.3133333333333333,-0.27366666666666667,0.4000000000000005,0.11
1979-10-01,0.11,0.44,-0.18,-0.314,-0.1,0.28,-0.1,-0.47,0.58,0.13,-0.31,-0.29,-0.45,-0.2,-0.28,-0.226,-0.315,0.1,-0.2,1.3,0.09666666666666618,0.3833333333333331,-0.30666666666666664,-0.2733333333333334,-0.06666666666666615,0.29
1979-11-01,0.29,0.39,0.12,-0.251,-0.4,0.11,0.28,-0.1,0.44,0.58,0.13,-0.18,-0.29,-0.45,-0.314,-0.28,-0.226,-0.1,0.1,-0.2,0.2266666666666662,0.4699999999999998,-0.11666666666666663,-0.2816666666666667,-0.13333333333333283,0.52
1979-12-01,0.52,0.43,0.29,-0.101,-0.7,0.29,0.11,0.28,0.39,0.44,0.58,0.12,-0.18,-0.29,-0.251,-0.314,-0.28,-0.4,-0.1,0.1,0.3066666666666662,0.41999999999999976,0.0766666666666667,-0.22199999999999998,-0.39999999999999947,0.54
1980-01-01,0.54,0.38,0.37,-0.158,0.4,0.52,0.29,0.11,0.43,0.39,0.44,0.29,0.12,-0.18,-0.101,-0.251,-0.314,-0.7,-0.4,-0.1,0.44999999999999957,0.39999999999999974,0.26,-0.16999999999999996,-0.23333333333333275,0.22
1980-02-01,0.22,0.03,0.36,-0.2,0.3,0.54,0.52,0.29,0.38,0.43,0.39,0.37,0.29,0.12,-0.158,-0.101,-0.251,0.4,-0.7,-0.4,0.42666666666666625,0.27999999999999975,0.34,-0.15299999999999997,5.366077952354923e-16,0.03
1980-03-01,0.03,-0.18,0.19,-0.417,-0.4,0.22,0.54,0.52,0.03,0.38,0.43,0.36,0.37,0.29,-0.2,-0.158,-0.101,0.3,0.4,-0.7,0.26333333333333286,0.07666666666666645,0.3066666666666667,-0.2583333333333333,0.10000000000000049,-0.07
1980-04-01,-0.07,-0.2,0.14,-0.095,-0.6,0.03,0.22,0.54,-0.18,0.03,0.38,0.19,0.36,0.37,-0.417,-0.2,-0.158,-0.4,0.3,0.4,0.05999999999999952,-0.11666666666666688,0.23,-0.2373333333333333,-0.23333333333333284,0.08
1980-05-01,0.08,-0.15,0.26,-0.066,-0.0,-0.07,0.03,0.22,-0.2,-0.18,0.03,0.14,0.19,0.36,-0.095,-0.417,-0.2,-0.6,-0.4,0.3,0.01333333333333285,-0.1766666666666669,0.19666666666666668,-0.19266666666666662,-0.3333333333333328,0.21
1980-06-01,0.21,0.08,0.16,-0.382,-0.0,0.08,-0.07,0.03,-0.15,-0.2,-0.18,0.26,0.14,0.19,-0.066,-0.095,-0.417,-0.0,-0.6,-0.4,0.07333333333333285,-0.0900000000000002,0.18666666666666673,-0.18099999999999997,-0.1999999999999995,-0.06
1980-07-01,-0.06,-0.23,0.02,-0.661,-0.0,0.21,0.08,-0.07,0.08,-0.15,-0.2,0.16,0.26,0.14,-0.382,-0.066,-0.095,-0.0,-0.0,-0.6,0.07666666666666619,-0.10000000000000024,0.1466666666666667,-0.36966666666666664,-0.0,-0.38
1980-08-01,-0.38,-0.34,-0.29,-0.822,0.4,-0.06,0.21,0.08,-0.23,0.08,-0.15,0.02,0.16,0.26,-0.661,-0.382,-0.066,-0.0,-0.0,-0.0,-0.07666666666666715,-0.16333333333333355,-0.036666666666666625,-0.6216666666666666,0.13333333333333386,-0.28
1980-09-01,-0.28,-0.18,-0.27,-0.745,-0.5,-0.38,-0.06,0.21,-0.34,-0.23,0.08,-0.29,0.02,0.16,-0.822,-0.661,-0.382,0.4,-0.0,-0.0,-0.24000000000000052,-0.2500000000000002,-0.17999999999999997,-0.7426666666666666,-0.033333333333332806,-0.26
1980-10-01,-0.26,-0.42,-0.02,-0.657,0.0,-0.28,-0.38,-0.06,-0.18,-0.34,-0.23,-0.27,-0.29,0.02,-0.745,-0.822,-0.661,-0.5,0.4,-0.0,-0.30666666666666714,-0.3133333333333335,-0.19333333333333333,-0.7413333333333333,-0.033333333333332806,-0.1
1980-11-01,-0.1,-0.1,-0.02,-0.417,-0.3,-0.26,-0.28,-0.38,-0.42,-0.18,-0.34,-0.02,-0.27,-0.29,-0.657,-0.745,-0.822,0.0,-0.5,0.4,-0.21333333333333385,-0.2333333333333335,-0.10333333333333329,-0.6063333333333333,-0.26666666666666616,0.05
1980-12-01,0.05,0.01,-0.03,-0.483,-0.1,-0.1,-0.26,-0.28,-0.1,-0.42,-0.18,-0.02,-0.02,-0.27,-0.417,-0.657,-0.745,-0.3,0.0,-0.5,-0.10333333333333382,-0.17000000000000018,-0.0233333333333333,-0.5189999999999999,-0.13333333333333283,-0.36
1981-01-01,-0.36,-0.71,-0.13,-0.201,0.4,0.05,-0.1,-0.26,0.01,-0.1,-0.42,-0.03,-0.02,-0.02,-0.483,-0.417,-0.657,-0.1,-0.3,0.0,-0.13666666666666713,-0.26666666666666683,-0.05999999999999996,-0.367,5.181040781584064e-16,-0.64
1981-02-01,-0.64,-0.88,-0.17,-0.024,-0.2,-0.36,0.05,-0.1,-0.71,0.01,-0.1,-0.13,-0.03,-0.02,-0.201,-0.483,-0.417,0.4,-0.1,-0.3,-0.31666666666666715,-0.5266666666666668,-0.10999999999999997,-0.23599999999999996,0.033333333333333846,-0.64
1981-03-01,-0.64,-0.59,-0.17,0.027,-1.3,-0.64,-0.36,0.05,-0.88,-0.71,0.01,-0.17,-0.13,-0.03,-0.024,-0.201,-0.483,-0.2,0.4,-0.1,-0.5466666666666672,-0.7266666666666669,-0.15666666666666662,-0.06599999999999996,-0.3666666666666662,-0.53
1981-04-01,-0.53,-0.52,-0.52,0.092,-0.1,-0.64,-0.64,-0.36,-0.59,-0.88,-0.71,-0.17,-0.17,-0.13,0.027,-0.024,-0.201,-1.3,-0.2,0.4,-0.6033333333333338,-0.6633333333333336,-0.2866666666666666,0.031666666666666704,-0.5333333333333329,-0.57
1981-05-01,-0.57,-0.54,-0.56,-0.018,0.8,-0.53,-0.64,-0.64,-0.52,-0.59,-0.88,-0.52,-0.17,-0.17,0.092,0.027,-0.024,-0.1,-1.3,-0.2,-0.5800000000000004,-0.5500000000000003,-0.4166666666666667,0.0336666666666667,-0.19999999999999948,-0.46
1981-06-01,-0.46,-0.43,-0.59,-0.24,1.2,-0.57,-0.53,-0.64,-0.54,-0.52,-0.59,-0.56,-0.52,-0.17,-0.018,0.092,0.027,0.8,-0.1,-1.3,-0.5200000000000005,-0.49666666666666687,-0.5566666666666666,-0.05533333333333329,0.6333333333333339,-0.64
1981-07-01,-0.64,-0.6,-0.73,-0.56,0.8,-0.46,-0.57,-0.53,-0.43,-0.54,-0.52,-0.59,-0.56,-0.52,-0.24,-0.018,0.092,1.2,0.8,-0.1,-0.5566666666666672,-0.5233333333333335,-0.6266666666666666,-0.27266666666666667,0.9333333333333339,-0.53
1981-08-01,-0.53,-0.73,-0.71,-0.628,0.7,-0.64,-0.46,-0.57,-0.6,-0.43,-0.54,-0.73,-0.59,-0.56,-0.56,-0.24,-0.018,0.8,1.2,0.8,-0.5433333333333338,-0.5866666666666668,-0.6766666666666666,-0.476,0.9000000000000004,-0.19
1981-09-01,-0.19,-0.23,-0.4,-0.757,0.3,-0.53,-0.64,-0.46,-0.73,-0.6,-0.43,-0.71,-0.73,-0.59,-0.628,-0.56,-0.24,0.7,0.8,1.2,-0.4533333333333338,-0.5200000000000001,-0.6133333333333333,-0.6483333333333333,0.6000000000000005,-0.3
1981-10-01,-0.3,-0.18,-0.38,-0.606,-0.4,-0.19,-0.53,-0.64,-0.23,-0.73,-0.6,-0.4,-0.71,-0.73,-0.757,-0.628,-0.56,0.3,0.7,0.8,-0.3400000000000005,-0.3800000000000001,-0.4966666666666666,-0.6636666666666666,0.20000000000000048,-0.41
1981-11-01,-0.41,-0.41,-0.31,-0.328,0.2,-0.3,-0.19,-0.53,-0.18,-0.23,-0.73,-0.38,-0.4,-0.71,-0.606,-0.757,-0.628,-0.4,0.3,0.7,-0.3000000000000005,-0.2733333333333335,-0.3633333333333333,-0.5636666666666666,0.033333333333333846,-0.2
1981-12-01,-0.2,-0.05,-0.09,-0.019,0.5,-0.41,-0.3,-0.19,-0.41,-0.18,-0.23,-0.31,-0.38,-0.4,-0.328,-0.606,-0.757,0.2,-0.4,0.3,-0.30333333333333384,-0.21333333333333349,-0.25999999999999995,-0.3176666666666666,0.10000000000000052,0.13
1982-01-01,0.13,0.2,-0.03,0.144,1.2,-0.2,-0.41,-0.3,-0.05,-0.41,-0.18,-0.09,-0.31,-0.38,-0.019,-0.328,-0.606,0.5,0.2,-0.4,-0.1600000000000005,-0.08666666666666678,-0.14333333333333328,-0.06766666666666664,0.6333333333333339,-0.17
1982-02-01,-0.17,-0.0,-0.18,0.166,0.3,0.13,-0.2,-0.41,0.2,-0.05,-0.41,-0.03,-0.09,-0.31,0.144,-0.019,-0.328,1.2,0.5,0.2,-0.08000000000000053,0.04999999999999986,-0.09999999999999996,0.09700000000000004,0.6666666666666671,0.13
1982-03-01,0.13,-0.1,0.07,0.054,0.6,-0.17,0.13,-0.2,-0.0,0.2,-0.05,-0.18,-0.03,-0.09,0.166,0.144,-0.019,0.3,1.2,0.5,0.029999999999999482,0.03333333333333319,-0.04666666666666663,0.12133333333333339,0.7000000000000005,0.21
1982-04-01,0.21,-0.01,0.33,0.119,0.1,0.13,-0.17,0.13,-0.1,-0.0,0.2,0.07,-0.18,-0.03,0.054,0.166,0.144,0.6,0.3,1.2,0.05666666666666614,-0.03666666666666681,0.07333333333333338,0.11300000000000003,0.33333333333333387,0.45
1982-05-01,0.45,0.39,0.39,0.223,-0.3,0.21,0.13,-0.17,-0.01,-0.1,-0.0,0.33,0.07,-0.18,0.119,0.054,0.166,0.1,0.6,0.3,0.2633333333333328,0.0933333333333332,0.26333333333333336,0.13200000000000003,0.13333333333333383,0.53
1982-06-01,0.53,0.54,0.45,0.255,-1.0,0.45,0.21,0.13,0.39,-0.01,-0.1,0.39,0.33,0.07,0.223,0.119,0.054,-0.3,0.1,0.6,0.3966666666666662,0.30666666666666653,0.39000000000000007,0.19900000000000007,-0.39999999999999947,0.37
1982-07-01,0.37,0.41,0.13,0.265,-1.5,0.53,0.45,0.21,0.54,0.39,-0.01,0.45,0.39,0.33,0.255,0.223,0.119,-1.0,-0.3,0.1,0.4499999999999995,0.44666666666666655,0.3233333333333334,0.2476666666666667,-0.9333333333333328,0.73
1982-08-01,0.73,0.95,0.09,0.256,-1.7,0.37,0.53,0.45,0.41,0.54,0.39,0.13,0.45,0.39,0.265,0.255,0.223,-1.5,-1.0,-0.3,0.5433333333333329,0.6333333333333332,0.22333333333333338,0.25866666666666677,-1.3999999999999995,1.49
1982-09-01,1.49,1.89,0.33,0.442,-1.7,0.73,0.37,0.53,0.95,0.41,0.54,0.09,0.13,0.45,0.256,0.265,0.255,-1.7,-1.5,-1.0,0.8633333333333328,1.0833333333333333,0.18333333333333335,0.32100000000000006,-1.6333333333333329,1.99
1982-10-01,1.99,2.3,0.67,0.623,-1.7,1.49,0.73,0.37,1.89,0.95,0.41,0.33,0.09,0.13,0.442,0.256,0.265,-1.7,-1.7,-1.5,1.4033333333333327,1.713333333333333,0.36333333333333345,0.4403333333333334,-1.7,1.92
1982-11-01,1.92,2.4,0.57,0.284,-2.6,1.99,1.49,0.73,2.3,1.89,0.95,0.67,0.33,0.09,0.623,0.442,0.256,-1.7,-1.7,-1.7,1.7999999999999996,2.1966666666666668,0.5233333333333333,0.4496666666666667,-1.9999999999999993,2.2
1982-12-01,2.2,2.86,0.51,-0.162,-2.2,1.92,1.99,1.49,2.4,2.3,1.89,0.57,0.67,0.33,0.284,0.623,0.442,-2.6,-1.7,-1.7,2.0366666666666666,2.5199999999999996,0.5833333333333334,0.2483333333333334,-2.166666666666666,2.35
1983-01-01,2.35,3.0,0.39,-0.482,-3.5,2.2,1.92,1.99,2.86,2.4,2.3,0.51,0.57,0.67,-0.162,0.284,0.623,-2.2,-2.6,-1.7,2.1566666666666663,2.7533333333333334,0.49000000000000005,-0.11999999999999993,-2.766666666666666,1.94
1983-02-01,1.94,2.3,0.33,-0.587,-3.6,2.35,2.2,1.92,3.0,2.86,2.4,0.39,0.51,0.57,-0.482,-0.162,0.284,-3.5,-2.2,-2.6,2.1633333333333327,2.7199999999999993,0.4100000000000001,-0.4103333333333332,-3.0999999999999996,1.38
1983-03-01,1.38,1.68,0.23,-0.752,-2.4,1.94,2.35,2.2,2.3,3.0,2.86,0.33,0.39,0.51,-0.587,-0.482,-0.162,-3.6,-3.5,-2.2,1.8899999999999995,2.3266666666666667,0.3166666666666667,-0.6069999999999999,-3.166666666666666,0.95
1983-04-01,0.95,1.55,0.04,-0.556,-0.9,1.38,1.94,2.35,1.68,2.3,3.0,0.23,0.33,0.39,-0.752,-0.587,-0.482,-2.4,-3.6,-3.5,1.423333333333333,1.843333333333333,0.20000000000000004,-0.6316666666666666,-2.2999999999999994,0.9
1983-05-01,0.9,1.73,0.16,-0.059,0.6,0.95,1.38,1.94,1.55,1.68,2.3,0.04,0.23,0.33,-0.556,-0.752,-0.587,-0.9,-2.4,-3.6,1.0766666666666662,1.653333333333333,0.1433333333333334,-0.4556666666666666,-0.8999999999999995,0.54
1983-06-01,0.54,1.52,-0.0,0.371,0.0,0.9,0.95,1.38,1.73,1.55,1.68,0.16,0.04,0.23,-0.059,-0.556,-0.752,0.6,-0.9,-2.4,0.7966666666666663,1.5999999999999999,0.06666666666666671,-0.08133333333333327,-0.09999999999999958,-0.11
1983-07-01,-0.11,0.8,-0.27,0.525,-0.6,0.54,0.9,0.95,1.52,1.73,1.55,-0.0,0.16,0.04,0.371,-0.059,-0.556,0.0,0.6,-0.9,0.4433333333333329,1.3499999999999999,-0.03666666666666663,0.2790000000000001,4.440892098500626e-16,-0.27
1983-08-01,-0.27,0.65,-0.4,0.345,0.1,-0.11,0.54,0.9,0.8,1.52,1.73,-0.27,-0.0,0.16,0.525,0.371,-0.059,-0.6,0.0,0.6,0.0533333333333329,0.9899999999999999,-0.2233333333333333,0.4136666666666667,-0.1666666666666662,-0.52
1983-09-01,-0.52,0.13,-0.78,-0.069,0.9,-0.27,-0.11,0.54,0.65,0.8,1.52,-0.4,-0.27,-0.0,0.345,0.525,0.371,0.1,-0.6,0.0,-0.30000000000000043,0.5266666666666665,-0.48333333333333334,0.26700000000000007,0.13333333333333378,-1.16
1983-10-01,-1.16,-0.61,-0.89,-0.288,0.4,-0.52,-0.27,-0.11,0.13,0.65,0.8,-0.78,-0.4,-0.27,-0.069,0.345,0.525,0.9,0.1,-0.6,-0.6500000000000005,0.05666666666666653,-0.69,-0.0039999999999998925,0.46666666666666706,-1.29
1983-11-01,-1.29,-1.03,-1.01,-0.343,-0.1,-1.16,-0.52,-0.27,-0.61,0.13,0.65,-0.89,-0.78,-0.4,-0.288,-0.069,0.345,0.4,0.9,0.1,-0.9900000000000005,-0.5033333333333335,-0.8933333333333334,-0.23333333333333325,0.4000000000000004,-1.03
1983-12-01,-1.03,-0.84,-0.83,-0.101,0.0,-1.29,-1.16,-0.52,-1.03,-0.61,0.13,-1.01,-0.89,-0.78,-0.343,-0.288,-0.069,-0.1,0.4,0.9,-1.1600000000000004,-0.8266666666666668,-0.91,-0.2439999999999999,0.10000000000000046,-0.67
1984-01-01,-0.67,-0.58,-0.83,-0.223,0.2,-1.03,-1.29,-1.16,-0.84,-1.03,-0.61,-0.83,-1.01,-0.89,-0.101,-0.343,-0.288,0.0,-0.1,0.4,-0.996666666666667,-0.8166666666666668,-0.89,-0.22233333333333324,0.03333333333333378,-0.19
1984-02-01,-0.19,-0.15,-0.72,-0.149,0.9,-0.67,-1.03,-1.29,-0.58,-0.84,-1.03,-0.83,-0.83,-1.01,-0.223,-0.101,-0.343,0.2,0.0,-0.1,-0.6300000000000004,-0.5233333333333334,-0.7933333333333333,-0.15766666666666654,0.36666666666666714,-0.52
1984-03-01,-0.52,-0.23,-0.85,-0.122,-0.2,-0.19,-0.67,-1.03,-0.15,-0.58,-0.84,-0.72,-0.83,-0.83,-0.149,-0.223,-0.101,0.9,0.2,0.0,-0.46000000000000046,-0.3200000000000001,-0.7999999999999999,-0.16466666666666654,0.30000000000000043,-0.68
1984-04-01,-0.68,-0.49,-0.88,0.05,0.3,-0.52,-0.19,-0.67,-0.23,-0.15,-0.58,-0.85,-0.72,-0.83,-0.122,-0.149,-0.223,-0.2,0.9,0.2,-0.4633333333333338,-0.29000000000000015,-0.8166666666666668,-0.07366666666666655,0.33333333333333376,-0.73
1984-05-01,-0.73,-0.93,-0.78,-0.305,0.2,-0.68,-0.52,-0.19,-0.49,-0.23,-0.15,-0.88,-0.85,-0.72,0.05,-0.122,-0.149,0.3,-0.2,0.9,-0.6433333333333339,-0.5500000000000002,-0.8366666666666666,-0.12566666666666657,0.10000000000000041,-0.9
1984-06-01,-0.9,-1.17,-0.78,-0.357,-0.3,-0.73,-0.68,-0.52,-0.93,-0.49,-0.23,-0.78,-0.88,-0.85,-0.305,0.05,-0.122,0.2,0.3,-0.2,-0.7700000000000005,-0.8633333333333334,-0.8133333333333334,-0.20399999999999988,0.06666666666666708,-0.5
1984-07-01,-0.5,-0.78,-0.59,-0.366,0.2,-0.9,-0.73,-0.68,-1.17,-0.93,-0.49,-0.78,-0.78,-0.88,-0.357,-0.305,0.05,-0.3,0.2,0.3,-0.7100000000000004,-0.9600000000000003,-0.7166666666666667,-0.3426666666666665,0.03333333333333375,-0.24
1984-08-01,-0.24,-0.41,-0.62,-0.498,0.4,-0.5,-0.9,-0.73,-0.78,-1.17,-0.93,-0.59,-0.78,-0.78,-0.366,-0.357,-0.305,0.2,-0.3,0.2,-0.5466666666666672,-0.7866666666666667,-0.6633333333333333,-0.40699999999999986,0.10000000000000042,-0.34
1984-09-01,-0.34,-0.34,-0.54,-0.608,0.1,-0.24,-0.5,-0.9,-0.41,-0.78,-1.17,-0.62,-0.59,-0.78,-0.498,-0.366,-0.357,0.4,0.2,-0.3,-0.3600000000000005,-0.5100000000000001,-0.5833333333333334,-0.49066666666666653,0.23333333333333373,-0.67
1984-10-01,-0.67,-0.67,-0.74,-0.654,-0.3,-0.34,-0.24,-0.5,-0.34,-0.41,-0.78,-0.54,-0.62,-0.59,-0.608,-0.498,-0.366,0.1,0.4,0.2,-0.4166666666666672,-0.47333333333333344,-0.6333333333333334,-0.5866666666666664,0.0666666666666671,-1.19
1984-11-01,-1.19,-0.99,-0.91,-0.418,0.3,-0.67,-0.34,-0.24,-0.67,-0.34,-0.41,-0.74,-0.54,-0.62,-0.654,-0.608,-0.498,-0.3,0.1,0.4,-0.7333333333333338,-0.6666666666666669,-0.73,-0.5599999999999999,0.03333333333333375,-1.34
1984-12-01,-1.34,-1.27,-0.95,-0.278,-0.1,-1.19,-0.67,-0.34,-0.99,-0.67,-0.34,-0.91,-0.74,-0.54,-0.418,-0.654,-0.608,0.3,-0.3,0.1,-1.066666666666667,-0.9766666666666669,-0.8666666666666667,-0.4499999999999999,-0.03333333333333292,-1.16
1985-01-01,-1.16,-1.26,-0.64,-0.466,-0.3,-1.34,-1.19,-0.67,-1.27,-0.99,-0.67,-0.95,-0.91,-0.74,-0.278,-0.418,-0.654,-0.1,0.3,-0.3,-1.2300000000000004,-1.1733333333333336,-0.8333333333333334,-0.38733333333333314,-0.03333333333333292,-0.72
1985-02-01,-0.72,-0.9,-0.71,-0.627,1.2,-1.16,-1.34,-1.19,-1.26,-1.27,-0.99,-0.64,-0.95,-0.91,-0.466,-0.278,-0.418,-0.3,-0.1,0.3,-1.073333333333334,-1.1433333333333333,-0.7666666666666666,-0.45699999999999985,0.26666666666666705,-0.79
1985-03-01,-0.79,-0.78,-1.01,-0.541,0.8,-0.72,-1.16,-1.34,-0.9,-1.26,-1.27,-0.71,-0.64,-0.95,-0.627,-0.466,-0.278,1.2,-0.3,-0.1,-0.8900000000000006,-0.9800000000000001,-0.7866666666666667,-0.5446666666666665,0.566666666666667,-1.18
1985-04-01,-1.18,-1.05,-1.14,-0.2,1.2,-0.79,-0.72,-1.16,-0.78,-0.9,-1.26,-1.01,-0.71,-0.64,-0.541,-0.627,-0.466,0.8,1.2,-0.3,-0.8966666666666671,-0.9100000000000001,-0.9533333333333333,-0.4559999999999999,1.066666666666667,-1.03
1985-05-01,-1.03,-1.07,-0.98,-0.223,0.4,-1.18,-0.79,-0.72,-1.05,-0.78,-0.9,-1.14,-1.01,-0.71,-0.2,-0.541,-0.627,1.2,0.8,1.2,-1.0000000000000007,-0.9666666666666668,-1.0433333333333332,-0.3213333333333332,0.8000000000000004,-0.91
1985-06-01,-0.91,-1.02,-0.95,-0.629,-0.4,-1.03,-1.18,-0.79,-1.07,-1.05,-0.78,-0.98,-1.14,-1.01,-0.223,-0.2,-0.541,0.4,1.2,0.8,-1.0400000000000005,-1.0466666666666666,-1.0233333333333334,-0.3506666666666665,0.4000000000000004,-0.74
1985-07-01,-0.74,-1.1,-0.72,-0.403,-0.1,-0.91,-1.03,-1.18,-1.02,-1.07,-1.05,-0.95,-0.98,-1.14,-0.629,-0.223,-0.2,-0.4,0.4,1.2,-0.8933333333333339,-1.0633333333333335,-0.8833333333333333,-0.4183333333333332,-0.03333333333333289,-0.56
1985-08-01,-0.56,-0.88,-0.58,-0.459,1.0,-0.74,-0.91,-1.03,-1.1,-1.02,-1.07,-0.72,-0.95,-0.98,-0.403,-0.629,-0.223,-0.1,-0.4,0.4,-0.7366666666666672,-1.0,-0.75,-0.4969999999999999,0.1666666666666671,-0.7
1985-09-01,-0.7,-0.86,-0.48,-0.238,0.0,-0.56,-0.74,-0.91,-0.88,-1.1,-1.02,-0.58,-0.72,-0.95,-0.459,-0.403,-0.629,1.0,-0.1,-0.4,-0.6666666666666671,-0.9466666666666668,-0.5933333333333333,-0.36666666666666653,0.30000000000000043,-0.49
1985-10-01,-0.49,-0.8,-0.4,-0.498,-0.4,-0.7,-0.56,-0.74,-0.86,-0.88,-1.1,-0.48,-0.58,-0.72,-0.238,-0.459,-0.403,0.0,1.0,-0.1,-0.5833333333333339,-0.8466666666666667,-0.48666666666666664,-0.3983333333333332,0.20000000000000043,-0.37
1985-11-01,-0.37,-0.7,-0.35,0.074,-0.2,-0.49,-0.7,-0.56,-0.8,-0.86,-0.88,-0.4,-0.48,-0.58,-0.498,-0.238,-0.459,-0.4,0.0,1.0,-0.5200000000000006,-0.7866666666666667,-0.41,-0.22066666666666648,-0.1999999999999996,-0.41
1985-12-01,-0.41,-0.73,-0.24,-0.417,0.2,-0.37,-0.49,-0.7,-0.7,-0.8,-0.86,-0.35,-0.4,-0.48,0.074,-0.498,-0.238,-0.2,-0.4,0.0,-0.42333333333333384,-0.7433333333333335,-0.33,-0.28033333333333316,-0.1333333333333329,-0.66
1986-01-01,-0.66,-0.8,-0.25,-0.113,1.0,-0.41,-0.37,-0.49,-0.73,-0.7,-0.8,-0.24,-0.35,-0.4,-0.417,0.074,-0.498,0.2,-0.2,-0.4,-0.4800000000000005,-0.7433333333333335,-0.27999999999999997,-0.15199999999999983,0.33333333333333376,-0.71
1986-02-01,-0.71,-0.53,-0.23,-0.135,-1.0,-0.66,-0.41,-0.37,-0.8,-0.73,-0.7,-0.25,-0.24,-0.35,-0.113,-0.417,0.074,1.0,0.2,-0.2,-0.5933333333333338,-0.6866666666666669,-0.24,-0.22166666666666648,0.0666666666666671,-0.42
1986-03-01,-0.42,-0.37,-0.16,-0.2,0.5,-0.71,-0.66,-0.41,-0.53,-0.8,-0.73,-0.23,-0.25,-0.24,-0.135,-0.113,-0.417,-1.0,1.0,0.2,-0.5966666666666671,-0.5666666666666668,-0.21333333333333335,-0.14933333333333318,0.1666666666666671,-0.33
1986-04-01,-0.33,-0.38,-0.34,-0.286,0.3,-0.42,-0.71,-0.66,-0.37,-0.53,-0.8,-0.16,-0.23,-0.25,-0.2,-0.135,-0.113,0.5,-1.0,1.0,-0.4866666666666672,-0.42666666666666675,-0.24333333333333332,-0.20699999999999985,-0.06666666666666622,-0.53
1986-05-01,-0.53,-0.6,-0.33,-0.154,-0.2,-0.33,-0.42,-0.71,-0.38,-0.37,-0.53,-0.34,-0.16,-0.23,-0.286,-0.2,-0.135,0.3,0.5,-1.0,-0.4266666666666672,-0.45,-0.27666666666666667,-0.21333333333333318,0.20000000000000048,-0.31
1986-06-01,-0.31,-0.45,-0.19,-0.278,1.0,-0.53,-0.33,-0.42,-0.6,-0.38,-0.37,-0.33,-0.34,-0.16,-0.154,-0.286,-0.2,-0.2,0.3,0.5,-0.39000000000000057,-0.47666666666666674,-0.2866666666666667,-0.23933333333333318,0.36666666666666714,-0.11
1986-07-01,-0.11,-0.14,-0.08,-0.546,0.3,-0.31,-0.53,-0.33,-0.45,-0.6,-0.38,-0.19,-0.33,-0.34,-0.278,-0.154,-0.286,1.0,-0.2,0.3,-0.3166666666666672,-0.3966666666666668,-0.19999999999999998,-0.32599999999999985,0.36666666666666714,0.32
1986-08-01,0.32,0.17,0.06,-0.401,-0.4,-0.11,-0.31,-0.53,-0.14,-0.45,-0.6,-0.08,-0.19,-0.33,-0.546,-0.278,-0.154,0.3,1.0,-0.2,-0.033333333333333846,-0.1400000000000001,-0.07,-0.4083333333333332,0.3000000000000005,0.53
1986-09-01,0.53,0.3,0.22,-0.142,-0.5,0.32,-0.11,-0.31,0.17,-0.14,-0.45,0.06,-0.08,-0.19,-0.401,-0.546,-0.278,-0.4,0.3,1.0,0.24666666666666615,0.10999999999999993,0.06666666666666667,-0.3629999999999998,-0.1999999999999995,0.81
1986-10-01,0.81,0.53,0.23,-0.048,0.6,0.53,0.32,-0.11,0.3,0.17,-0.14,0.22,0.06,-0.08,-0.142,-0.401,-0.546,-0.5,-0.4,0.3,0.5533333333333328,0.33333333333333326,0.17,-0.19699999999999981,-0.09999999999999949,1.01
1986-11-01,1.01,0.78,0.38,-0.244,-1.2,0.81,0.53,0.32,0.53,0.3,0.17,0.23,0.22,0.06,-0.048,-0.142,-0.401,0.6,-0.5,-0.4,0.7833333333333329,0.5366666666666666,0.27666666666666667,-0.14466666666666647,-0.3666666666666661,1.12
1986-12-01,1.12,0.92,0.32,-0.274,-1.4,1.01,0.81,0.53,0.78,0.53,0.3,0.38,0.23,0.22,-0.244,-0.048,-0.142,-1.2,0.6,-0.5,0.9799999999999995,0.7433333333333333,0.31,-0.1886666666666665,-0.6666666666666661,1.14
1987-01-01,1.14,1.02,0.3,-0.081,-0.7,1.12,1.01,0.81,0.92,0.78,0.53,0.32,0.38,0.23,-0.274,-0.244,-0.048,-1.4,-1.2,0.6,1.0899999999999996,0.9066666666666666,0.3333333333333333,-0.19966666666666646,-1.0999999999999994,1.13
1987-02-01,1.13,1.14,0.5,0.041,-1.2,1.14,1.12,1.01,1.02,0.92,0.78,0.3,0.32,0.38,-0.081,-0.274,-0.244,-0.7,-1.4,-1.2,1.1299999999999997,1.0266666666666666,0.3733333333333333,-0.10466666666666648,-1.0999999999999994,0.98
1987-03-01,0.98,1.0,0.47,-0.137,-1.3,1.13,1.14,1.12,1.14,1.02,0.92,0.5,0.3,0.32,0.041,-0.081,-0.274,-1.2,-0.7,-1.4,1.0833333333333328,1.0533333333333335,0.4233333333333333,-0.05899999999999982,-1.0666666666666662,0.58
1987-04-01,0.58,0.77,0.08,-0.157,-1.4,0.98,1.13,1.14,1.0,1.14,1.02,0.47,0.5,0.3,-0.137,0.041,-0.081,-1.3,-1.2,-0.7,0.8966666666666661,0.9699999999999998,0.3499999999999999,-0.08433333333333315,-1.2999999999999992,0.62
1987-05-01,0.62,0.89,0.19,0.165,-1.3,0.58,0.98,1.13,0.77,1.0,1.14,0.08,0.47,0.5,-0.157,-0.137,0.041,-1.4,-1.3,-1.2,0.7266666666666661,0.8866666666666666,0.24666666666666667,-0.042999999999999816,-1.3333333333333328,0.92
1987-06-01,0.92,0.86,0.4,0.109,-1.1,0.62,0.58,0.98,0.89,0.77,1.0,0.19,0.08,0.47,0.165,-0.157,-0.137,-1.3,-1.4,-1.3,0.7066666666666661,0.8399999999999999,0.2233333333333333,0.03900000000000018,-1.2666666666666662,1.29
1987-07-01,1.29,1.11,0.49,0.207,-1.4,0.92,0.62,0.58,0.86,0.89,0.77,0.4,0.19,0.08,0.109,0.165,-0.157,-1.1,-1.3,-1.4,0.9433333333333328,0.9533333333333333,0.36000000000000004,0.16033333333333352,-1.2666666666666662,1.57
1987-08-01,1.57,1.45,0.59,0.297,-0.9,1.29,0.92,0.62,1.11,0.86,0.89,0.49,0.4,0.19,0.207,0.109,0.165,-1.4,-1.1,-1.3,1.2599999999999996,1.14,0.49333333333333335,0.20433333333333348,-1.1333333333333326,1.65
1987-09-01,1.65,1.66,0.78,0.393,-1.0,1.57,1.29,0.92,1.45,1.11,0.86,0.59,0.49,0.4,0.297,0.207,0.109,-0.9,-1.4,-1.1,1.5033333333333327,1.4066666666666665,0.62,0.29900000000000015,-1.0999999999999994,1.24
1987-10-01,1.24,1.16,0.82,0.255,-0.4,1.65,1.57,1.29,1.66,1.45,1.11,0.78,0.59,0.49,0.393,0.297,0.207,-1.0,-0.9,-1.4,1.4866666666666661,1.4233333333333331,0.7299999999999999,0.31500000000000017,-0.766666666666666,1.07
1987-11-01,1.07,0.99,0.82,-0.051,-0.0,1.24,1.65,1.57,1.16,1.66,1.45,0.82,0.78,0.59,0.255,0.393,0.297,-0.4,-1.0,-0.9,1.3199999999999994,1.2699999999999998,0.8066666666666666,0.19900000000000018,-0.46666666666666606,0.94
1987-12-01,0.94,1.0,0.76,0.152,-0.5,1.07,1.24,1.65,0.99,1.16,1.66,0.82,0.82,0.78,-0.051,0.255,0.393,-0.0,-0.4,-1.0,1.0833333333333328,1.0499999999999998,0.7999999999999999,0.11866666666666685,-0.29999999999999943,0.9
1988-01-01,0.9,0.68,0.65,0.353,-0.1,0.94,1.07,1.24,1.0,0.99,1.16,0.76,0.82,0.82,0.152,-0.051,0.255,-0.5,-0.0,-0.4,0.9699999999999994,0.89,0.7433333333333333,0.15133333333333351,-0.1999999999999994,0.28
1988-02-01,0.28,-0.01,0.45,-0.154,-0.4,0.9,0.94,1.07,0.68,1.0,0.99,0.65,0.76,0.82,0.353,0.152,-0.051,-0.1,-0.5,-0.0,0.7066666666666661,0.5566666666666666,0.62,0.11700000000000017,-0.33333333333333276,0.1
1988-03-01,0.1,-0.15,0.14,-0.313,0.6,0.28,0.9,0.94,-0.01,0.68,1.0,0.45,0.65,0.76,-0.154,0.353,0.152,-0.4,-0.1,-0.5,0.4266666666666661,0.17333333333333326,0.41333333333333333,-0.03799999999999982,0.033333333333333916,-0.44
1988-04-01,-0.44,-0.65,-0.36,-0.128,0.1,0.1,0.28,0.9,-0.15,-0.01,0.68,0.14,0.45,0.65,-0.313,-0.154,0.353,0.6,-0.4,-0.1,-0.020000000000000573,-0.2700000000000001,0.07666666666666665,-0.19833333333333314,0.10000000000000059,-1.25
1988-05-01,-1.25,-1.57,-0.62,-0.513,0.9,-0.44,0.1,0.28,-0.65,-0.15,-0.01,-0.36,0.14,0.45,-0.128,-0.313,-0.154,0.1,0.6,-0.4,-0.5300000000000006,-0.79,-0.28,-0.3179999999999998,0.533333333333334,-1.74
1988-06-01,-1.74,-2.18,-0.88,-0.272,0.1,-1.25,-0.44,0.1,-1.57,-0.65,-0.15,-0.62,-0.36,0.14,-0.513,-0.128,-0.313,0.9,0.1,0.6,-1.1433333333333338,-1.4666666666666668,-0.62,-0.3043333333333332,0.3666666666666673,-1.74
1988-07-01,-1.74,-2.06,-0.94,-0.15,1.0,-1.74,-1.25,-0.44,-2.18,-1.57,-0.65,-0.88,-0.62,-0.36,-0.272,-0.513,-0.128,0.1,0.9,0.1,-1.5766666666666673,-1.9366666666666668,-0.8133333333333334,-0.3116666666666665,0.6666666666666673,-1.19
1988-08-01,-1.19,-1.48,-0.77,-0.289,1.5,-1.74,-1.74,-1.25,-2.06,-2.18,-1.57,-0.94,-0.88,-0.62,-0.15,-0.272,-0.513,1.0,0.1,0.9,-1.5566666666666673,-1.906666666666667,-0.8633333333333333,-0.2369999999999998,0.8666666666666673,-1.0
1988-09-01,-1.0,-1.09,-0.92,-0.394,1.8,-1.19,-1.74,-1.74,-1.48,-2.06,-2.18,-0.77,-0.94,-0.88,-0.289,-0.15,-0.272,1.5,1.0,0.1,-1.3100000000000005,-1.5433333333333337,-0.8766666666666668,-0.27766666666666645,1.4333333333333338,-1.9
1988-10-01,-1.9,-1.55,-1.64,-0.525,1.4,-1.0,-1.19,-1.74,-1.09,-1.48,-2.06,-0.92,-0.77,-0.94,-0.394,-0.289,-0.15,1.8,1.5,1.0,-1.363333333333334,-1.3733333333333337,-1.11,-0.40266666666666645,1.5666666666666673,-2.05
1988-11-01,-2.05,-1.67,-1.73,-0.183,1.7,-1.9,-1.0,-1.19,-1.55,-1.09,-1.48,-1.64,-0.92,-0.77,-0.525,-0.394,-0.289,1.4,1.8,1.5,-1.6500000000000004,-1.4366666666666668,-1.43,-0.3673333333333331,1.633333333333334,-1.96
1988-12-01,-1.96,-1.61,-1.77,0.156,1.2,-2.05,-1.9,-1.0,-1.67,-1.55,-1.09,-1.73,-1.64,-0.92,-0.183,-0.525,-0.394,1.7,1.4,1.8,-1.9700000000000006,-1.6100000000000003,-1.7133333333333336,-0.18399999999999983,1.4333333333333338,-1.97
1989-01-01,-1.97,-1.44,-1.72,-0.281,1.5,-1.96,-2.05,-1.9,-1.61,-1.67,-1.55,-1.77,-1.73,-1.64,0.156,-0.183,-0.525,1.2,1.7,1.4,-1.9933333333333338,-1.5733333333333335,-1.74,-0.1026666666666665,1.466666666666667,-1.47
1989-02-01,-1.47,-0.96,-1.53,-0.045,1.2,-1.97,-1.96,-2.05,-1.44,-1.61,-1.67,-1.72,-1.77,-1.73,-0.281,0.156,-0.183,1.5,1.2,1.7,-1.8000000000000007,-1.336666666666667,-1.6733333333333331,-0.0566666666666665,1.3000000000000005,-1.21
1989-03-01,-1.21,-1.01,-1.16,-0.319,1.1,-1.47,-1.97,-1.96,-0.96,-1.44,-1.61,-1.53,-1.72,-1.77,-0.045,-0.281,0.156,1.2,1.5,1.2,-1.5500000000000007,-1.1366666666666667,-1.47,-0.21499999999999986,1.2666666666666673,-1.08
1989-04-01,-1.08,-0.86,-1.01,-0.48,1.6,-1.21,-1.47,-1.97,-1.01,-0.96,-1.44,-1.16,-1.53,-1.72,-0.319,-0.045,-0.281,1.1,1.2,1.5,-1.253333333333334,-0.9433333333333335,-1.2333333333333334,-0.28133333333333316,1.3000000000000005,-0.88
1989-05-01,-0.88,-0.83,-0.79,-0.594,1.2,-1.08,-1.21,-1.47,-0.86,-1.01,-0.96,-1.01,-1.16,-1.53,-0.48,-0.319,-0.045,1.6,1.1,1.2,-1.0566666666666673,-0.9,-0.9866666666666667,-0.4643333333333331,1.3000000000000007,-0.59
1989-06-01,-0.59,-0.32,-0.92,-0.78,0.7,-0.88,-1.08,-1.21,-0.83,-0.86,-1.01,-0.79,-1.01,-1.16,-0.594,-0.48,-0.319,1.2,1.6,1.1,-0.8500000000000005,-0.67,-0.9066666666666667,-0.6179999999999999,1.1666666666666672,-0.57
1989-07-01,-0.57,-0.45,-0.85,-0.447,0.9,-0.59,-0.88,-1.08,-0.32,-0.83,-0.86,-0.92,-0.79,-1.01,-0.78,-0.594,-0.48,0.7,1.2,1.6,-0.6800000000000006,-0.5333333333333335,-0.8533333333333334,-0.6069999999999999,0.9333333333333339,-0.53
1989-08-01,-0.53,-0.4,-0.77,-0.321,-0.3,-0.57,-0.59,-0.88,-0.45,-0.32,-0.83,-0.85,-0.92,-0.79,-0.447,-0.78,-0.594,0.9,0.7,1.2,-0.5633333333333339,-0.3900000000000001,-0.8466666666666667,-0.5159999999999999,0.43333333333333396,-0.3
1989-09-01,-0.3,-0.3,-0.5,-0.225,0.5,-0.53,-0.57,-0.59,-0.4,-0.45,-0.32,-0.77,-0.85,-0.92,-0.321,-0.447,-0.78,-0.3,0.9,0.7,-0.46666666666666723,-0.38333333333333347,-0.7066666666666667,-0.33099999999999985,0.3666666666666673,-0.4
1989-10-01,-0.4,-0.4,-0.45,-0.412,0.8,-0.3,-0.53,-0.57,-0.3,-0.4,-0.45,-0.5,-0.77,-0.85,-0.225,-0.321,-0.447,0.5,-0.3,0.9,-0.4100000000000006,-0.36666666666666686,-0.5733333333333334,-0.3193333333333332,0.3333333333333339,-0.45
1989-11-01,-0.45,-0.59,-0.54,-0.338,-0.2,-0.4,-0.3,-0.53,-0.4,-0.3,-0.4,-0.45,-0.5,-0.77,-0.412,-0.225,-0.321,0.8,0.5,-0.3,-0.3833333333333339,-0.43000000000000016,-0.49666666666666665,-0.3249999999999999,0.3666666666666673,-0.13
1989-12-01,-0.13,-0.38,-0.12,-0.167,-0.5,-0.45,-0.4,-0.3,-0.59,-0.4,-0.3,-0.54,-0.45,-0.5,-0.338,-0.412,-0.225,-0.2,0.8,0.5,-0.32666666666666727,-0.4566666666666668,-0.36999999999999994,-0.30566666666666653,0.03333333333333397,0.01
1990-01-01,0.01,-0.29,0.16,-0.099,-0.1,-0.13,-0.45,-0.4,-0.38,-0.59,-0.4,-0.12,-0.54,-0.45,-0.167,-0.338,-0.412,-0.5,-0.2,0.8,-0.1900000000000006,-0.42000000000000015,-0.16666666666666666,-0.20133333333333323,-0.26666666666666605,0.21
1990-02-01,0.21,0.01,0.38,-0.289,-1.8,0.01,-0.13,-0.45,-0.29,-0.38,-0.59,0.16,-0.12,-0.54,-0.099,-0.167,-0.338,-0.1,-0.5,-0.2,0.029999999999999406,-0.2200000000000001,0.14,-0.18499999999999983,-0.7999999999999994,0.04
1990-03-01,0.04,-0.28,0.31,-0.143,-0.4,0.21,0.01,-0.13,0.01,-0.29,-0.38,0.38,0.16,-0.12,-0.289,-0.099,-0.167,-1.8,-0.1,-0.5,0.08666666666666607,-0.18666666666666676,0.2833333333333334,-0.17699999999999982,-0.766666666666666,0.08
1990-04-01,0.08,-0.1,0.12,-0.385,0.2,0.04,0.21,0.01,-0.28,0.01,-0.29,0.31,0.38,0.16,-0.143,-0.289,-0.099,-0.4,-1.8,-0.1,0.10999999999999939,-0.12333333333333345,0.27,-0.27233333333333315,-0.666666666666666,0.08
1990-05-01,0.08,0.16,-0.06,-0.348,1.2,0.08,0.04,0.21,-0.1,-0.28,0.01,0.12,0.31,0.38,-0.385,-0.143,-0.289,0.2,-0.4,-1.8,0.06666666666666608,-0.07333333333333346,0.12333333333333334,-0.29199999999999987,0.3333333333333339,-0.08
1990-06-01,-0.08,-0.04,-0.05,-0.568,0.3,0.08,0.08,0.04,0.16,-0.1,-0.28,-0.06,0.12,0.31,-0.348,-0.385,-0.143,1.2,0.2,-0.4,0.02666666666666607,0.006666666666666554,0.003333333333333332,-0.4336666666666665,0.5666666666666672,0.09
1990-07-01,0.09,0.01,0.02,-0.246,0.5,-0.08,0.08,0.08,-0.04,0.16,-0.1,-0.05,-0.06,0.12,-0.568,-0.348,-0.385,0.3,1.2,0.2,0.029999999999999406,0.043333333333333224,-0.03,-0.38733333333333314,0.6666666666666673,0.22
1990-08-01,0.22,0.11,0.13,-0.392,-0.2,0.09,-0.08,0.08,0.01,-0.04,0.16,0.02,-0.05,-0.06,-0.246,-0.568,-0.348,0.5,0.3,1.2,0.07666666666666606,0.02666666666666655,0.03333333333333333,-0.40199999999999986,0.2000000000000006,0.22
1990-09-01,0.22,0.12,0.22,-0.183,-0.7,0.22,0.09,-0.08,0.11,0.01,-0.04,0.13,0.02,-0.05,-0.392,-0.246,-0.568,-0.2,0.5,0.3,0.17666666666666608,0.07999999999999989,0.12333333333333334,-0.2736666666666665,-0.13333333333333272,0.21
1990-10-01,0.21,-0.14,0.39,-0.345,0.3,0.22,0.22,0.09,0.12,0.11,0.01,0.22,0.13,0.02,-0.183,-0.392,-0.246,-0.7,-0.2,0.5,0.2166666666666661,0.029999999999999877,0.24666666666666667,-0.3066666666666665,-0.19999999999999937,0.1
1990-11-01,0.1,-0.2,0.5,-0.094,-0.5,0.21,0.22,0.22,-0.14,0.12,0.11,0.39,0.22,0.13,-0.345,-0.183,-0.392,0.3,-0.7,-0.2,0.17666666666666608,-0.07333333333333346,0.36999999999999994,-0.20733333333333318,-0.2999999999999994,0.35
1990-12-01,0.35,-0.08,0.65,0.003,-0.2,0.1,0.21,0.22,-0.2,-0.14,0.12,0.5,0.39,0.22,-0.094,-0.345,-0.183,-0.5,0.3,-0.7,0.21999999999999942,-0.14000000000000012,0.5133333333333333,-0.14533333333333318,-0.13333333333333272,0.49
1991-01-01,0.49,0.13,0.58,0.065,0.6,0.35,0.1,0.21,-0.08,-0.2,-0.14,0.65,0.5,0.39,0.003,-0.094,-0.345,-0.2,-0.5,0.3,0.31333333333333274,-0.05000000000000012,0.5766666666666667,-0.008666666666666517,-0.033333333333332736,0.32
1991-02-01,0.32,0.0,0.54,-0.097,0.3,0.49,0.35,0.1,0.13,-0.08,-0.2,0.58,0.65,0.5,0.065,0.003,-0.094,0.6,-0.2,-0.5,0.3866666666666661,0.016666666666666552,0.59,-0.009666666666666518,0.23333333333333392,0.03
1991-03-01,0.03,-0.16,0.34,-0.037,-0.7,0.32,0.49,0.35,0.0,0.13,-0.08,0.54,0.58,0.65,-0.097,0.065,0.003,0.3,0.6,-0.2,0.2799999999999994,-0.010000000000000111,0.48666666666666664,-0.022999999999999854,0.06666666666666725,0.19
1991-04-01,0.19,-0.05,0.34,0.289,-0.6,0.03,0.32,0.49,-0.16,0.0,0.13,0.34,0.54,0.58,-0.037,-0.097,0.065,-0.7,0.3,0.6,0.1799999999999994,-0.07000000000000012,0.40666666666666673,0.051666666666666805,-0.3333333333333327,0.26
1991-05-01,0.26,0.24,0.46,0.379,-1.0,0.19,0.03,0.32,-0.05,-0.16,0.0,0.34,0.34,0.54,0.289,-0.037,-0.097,-0.6,-0.7,0.3,0.15999999999999942,0.009999999999999879,0.38000000000000006,0.21033333333333348,-0.766666666666666,0.52
1991-06-01,0.52,0.68,0.38,0.263,-0.1,0.26,0.19,0.03,0.24,-0.05,-0.16,0.46,0.34,0.34,0.379,0.289,-0.037,-1.0,-0.6,-0.7,0.32333333333333275,0.28999999999999987,0.3933333333333333,0.31033333333333346,-0.5666666666666661,0.76
1991-07-01,0.76,0.83,0.45,0.27,0.0,0.52,0.26,0.19,0.68,0.24,-0.05,0.38,0.46,0.34,0.263,0.379,0.289,-0.1,-1.0,-0.6,0.5133333333333328,0.5833333333333331,0.43,0.30400000000000016,-0.3666666666666661,0.68
1991-08-01,0.68,0.51,0.47,0.058,-0.4,0.76,0.52,0.26,0.83,0.68,0.24,0.45,0.38,0.46,0.27,0.263,0.379,0.0,-0.1,-1.0,0.6533333333333328,0.6733333333333332,0.43333333333333335,0.19700000000000017,-0.16666666666666607,0.42
1991-09-01,0.42,0.36,0.33,0.099,-1.5,0.68,0.76,0.52,0.51,0.83,0.68,0.47,0.45,0.38,0.058,0.27,0.263,-0.4,0.0,-0.1,0.6199999999999994,0.5666666666666665,0.4166666666666667,0.1423333333333335,-0.6333333333333327,0.86
1991-10-01,0.86,0.61,0.7,-0.03,-1.0,0.42,0.68,0.76,0.36,0.51,0.83,0.33,0.47,0.45,0.099,0.058,0.27,-1.5,-0.4,0.0,0.6533333333333328,0.4933333333333332,0.5,0.04233333333333348,-0.966666666666666,1.2
1991-11-01,1.2,0.95,0.69,0.04,-0.7,0.86,0.42,0.68,0.61,0.36,0.51,0.7,0.33,0.47,-0.03,0.099,0.058,-1.0,-1.5,-0.4,0.8266666666666659,0.6399999999999998,0.5733333333333334,0.03633333333333349,-1.0666666666666662,1.69
1991-12-01,1.69,1.25,0.81,0.084,-1.8,1.2,0.86,0.42,0.95,0.61,0.36,0.69,0.7,0.33,0.04,-0.03,0.099,-0.7,-1.0,-1.5,1.2499999999999993,0.9366666666666665,0.7333333333333334,0.031333333333333484,-1.166666666666666,1.84
1992-01-01,1.84,1.37,0.62,-0.321,-2.9,1.69,1.2,0.86,1.25,0.95,0.61,0.81,0.69,0.7,0.084,0.04,-0.03,-1.8,-0.7,-1.0,1.5766666666666662,1.1899999999999997,0.7066666666666667,-0.06566666666666653,-1.7999999999999996,1.78
1992-02-01,1.78,1.27,0.89,-0.389,-0.9,1.84,1.69,1.2,1.37,1.25,0.95,0.62,0.81,0.69,-0.321,0.084,0.04,-2.9,-1.8,-0.7,1.7699999999999994,1.2966666666666666,0.7733333333333334,-0.20866666666666653,-1.866666666666666,1.38
1992-03-01,1.38,1.05,0.64,-0.671,-2.0,1.78,1.84,1.69,1.27,1.37,1.25,0.89,0.62,0.81,-0.389,-0.321,0.084,-0.9,-2.9,-1.8,1.666666666666666,1.2299999999999998,0.7166666666666667,-0.4603333333333332,-1.9333333333333327,1.2
1992-04-01,1.2,1.17,0.46,-0.553,-1.0,1.38,1.78,1.84,1.05,1.27,1.37,0.64,0.89,0.62,-0.671,-0.389,-0.321,-2.0,-0.9,-2.9,1.4533333333333325,1.163333333333333,0.6633333333333333,-0.5376666666666665,-1.2999999999999994,1.04
1992-05-01,1.04,1.19,0.31,-0.549,0.3,1.2,1.38,1.78,1.17,1.05,1.27,0.46,0.64,0.89,-0.553,-0.671,-0.389,-1.0,-2.0,-0.9,1.2066666666666659,1.1366666666666665,0.47000000000000003,-0.5909999999999999,-0.8999999999999995,0.58
1992-06-01,0.58,0.55,0.27,-0.861,-0.6,1.04,1.2,1.38,1.19,1.17,1.05,0.31,0.46,0.64,-0.549,-0.553,-0.671,0.3,-1.0,-2.0,0.9399999999999995,0.9699999999999999,0.3466666666666667,-0.6543333333333332,-0.43333333333333274,0.22
1992-07-01,0.22,-0.06,0.31,-0.479,-0.6,0.58,1.04,1.2,0.55,1.19,1.17,0.27,0.31,0.46,-0.861,-0.549,-0.553,-0.6,0.3,-1.0,0.6133333333333327,0.5599999999999998,0.2966666666666667,-0.6296666666666666,-0.29999999999999943,0.05
1992-08-01,0.05,-0.08,0.14,-0.768,0.4,0.22,0.58,1.04,-0.06,0.55,1.19,0.31,0.27,0.31,-0.479,-0.861,-0.549,-0.6,-0.6,0.3,0.2833333333333327,0.13666666666666652,0.24,-0.7026666666666666,-0.26666666666666605,-0.06
1992-09-01,-0.06,-0.07,0.1,-0.833,0.1,0.05,0.22,0.58,-0.08,-0.06,0.55,0.14,0.31,0.27,-0.768,-0.479,-0.861,0.4,-0.6,-0.6,0.06999999999999941,-0.07000000000000016,0.18333333333333335,-0.6933333333333332,-0.033333333333332764,-0.3
1992-10-01,-0.3,-0.34,-0.0,-0.627,-1.4,-0.06,0.05,0.22,-0.07,-0.08,-0.06,0.1,0.14,0.31,-0.833,-0.768,-0.479,0.1,0.4,-0.6,-0.1033333333333339,-0.1633333333333335,0.08,-0.7426666666666665,-0.29999999999999943,-0.28
1992-11-01,-0.28,-0.46,-0.01,-0.399,-0.7,-0.3,-0.06,0.05,-0.34,-0.07,-0.08,-0.0,0.1,0.14,-0.627,-0.833,-0.768,-1.4,0.1,0.4,-0.21333333333333393,-0.2900000000000002,0.030000000000000002,-0.6196666666666665,-0.6666666666666661,-0.15
1992-12-01,-0.15,-0.36,0.07,-0.317,-0.6,-0.28,-0.3,-0.06,-0.46,-0.34,-0.07,-0.01,-0.0,0.1,-0.399,-0.627,-0.833,-0.7,-1.4,0.1,-0.24333333333333396,-0.3866666666666669,0.020000000000000004,-0.4476666666666665,-0.8999999999999995,0.14
1993-01-01,0.14,-0.11,0.22,-0.196,-0.9,-0.15,-0.28,-0.3,-0.36,-0.46,-0.34,0.07,-0.01,-0.0,-0.317,-0.399,-0.627,-0.6,-0.7,-1.4,-0.09666666666666728,-0.31000000000000016,0.09333333333333334,-0.3039999999999999,-0.7333333333333328,0.41
1993-02-01,0.41,0.39,0.1,0.035,-0.7,0.14,-0.15,-0.28,-0.11,-0.36,-0.46,0.22,0.07,-0.01,-0.196,-0.317,-0.399,-0.9,-0.6,-0.7,0.13333333333333275,-0.0266666666666668,0.13,-0.1593333333333332,-0.7333333333333328,0.39
1993-03-01,0.39,0.4,0.05,-0.295,-0.5,0.41,0.14,-0.15,0.39,-0.11,-0.36,0.1,0.22,0.07,0.035,-0.196,-0.317,-0.7,-0.9,-0.6,0.31333333333333274,0.22666666666666654,0.12333333333333334,-0.15199999999999986,-0.6999999999999994,0.59
1993-04-01,0.59,0.84,0.04,-0.181,-1.2,0.39,0.41,0.14,0.4,0.39,-0.11,0.05,0.1,0.22,-0.295,0.035,-0.196,-0.5,-0.7,-0.9,0.46333333333333276,0.5433333333333331,0.06333333333333332,-0.14699999999999985,-0.7999999999999995,0.78
1993-05-01,0.78,1.07,0.07,-0.027,-0.3,0.59,0.39,0.41,0.84,0.4,0.39,0.04,0.05,0.1,-0.181,-0.295,0.035,-1.2,-0.5,-0.7,0.5866666666666661,0.7699999999999999,0.05333333333333332,-0.16766666666666652,-0.6666666666666662,0.35
1993-06-01,0.35,0.44,0.04,-0.108,-0.8,0.78,0.59,0.39,1.07,0.84,0.4,0.07,0.04,0.05,-0.027,-0.181,-0.295,-0.3,-1.2,-0.5,0.5733333333333328,0.7833333333333332,0.04999999999999999,-0.10533333333333321,-0.7666666666666662,0.23
1993-07-01,0.23,0.24,0.07,-0.152,-0.8,0.35,0.78,0.59,0.44,1.07,0.84,0.04,0.07,0.04,-0.108,-0.027,-0.181,-0.8,-0.3,-1.2,0.45333333333333276,0.5833333333333333,0.05999999999999999,-0.09566666666666652,-0.6333333333333329,0.13
1993-08-01,0.13,0.24,0.13,-0.305,-0.9,0.23,0.35,0.78,0.24,0.44,1.07,0.07,0.04,0.07,-0.152,-0.108,-0.027,-0.8,-0.8,-0.3,0.23666666666666605,0.3066666666666665,0.07999999999999999,-0.18833333333333316,-0.8333333333333329,0.35
1993-09-01,0.35,0.32,0.3,-0.17,-0.7,0.13,0.23,0.35,0.24,0.24,0.44,0.13,0.07,0.04,-0.305,-0.152,-0.108,-0.9,-0.8,-0.8,0.23666666666666605,0.26666666666666655,0.16666666666666666,-0.20899999999999985,-0.7999999999999995,0.06
1993-10-01,0.06,0.13,0.02,-0.156,-1.1,0.35,0.13,0.23,0.32,0.24,0.24,0.3,0.13,0.07,-0.17,-0.305,-0.152,-0.7,-0.9,-0.8,0.1799999999999994,0.22999999999999984,0.15,-0.21033333333333318,-0.8999999999999995,0.0
1993-11-01,0.0,-0.01,0.09,-0.149,-0.1,0.06,0.35,0.13,0.13,0.32,0.24,0.02,0.3,0.13,-0.156,-0.17,-0.305,-1.1,-0.7,-0.9,0.13666666666666608,0.14666666666666653,0.13666666666666663,-0.15833333333333321,-0.633333333333333,0.16
1993-12-01,0.16,0.09,0.18,-0.206,0.2,0.0,0.06,0.35,-0.01,0.13,0.32,0.09,0.02,0.3,-0.149,-0.156,-0.17,-0.1,-1.1,-0.7,0.07333333333333274,0.06999999999999985,0.09666666666666664,-0.1703333333333332,-0.3333333333333329,0.1
1994-01-01,0.1,0.2,0.11,0.025,-0.1,0.16,0.0,0.06,0.09,-0.01,0.13,0.18,0.09,0.02,-0.206,-0.149,-0.156,0.2,-0.1,-1.1,0.08666666666666607,0.0933333333333332,0.12666666666666662,-0.10999999999999986,4.440892098500626e-16,0.06
1994-02-01,0.06,-0.08,-0.06,-0.146,0.3,0.1,0.16,0.0,0.2,0.09,-0.01,0.11,0.18,0.09,0.025,-0.206,-0.149,-0.1,0.2,-0.1,0.10666666666666608,0.06999999999999985,0.07666666666666665,-0.10899999999999987,0.13333333333333378,0.11
1994-03-01,0.11,-0.35,0.05,0.202,-0.7,0.06,0.1,0.16,-0.08,0.2,0.09,-0.06,0.11,0.18,-0.146,0.025,-0.206,0.3,-0.1,0.2,0.08999999999999941,-0.07666666666666681,0.03333333333333332,0.027000000000000135,-0.1666666666666662,0.26
1994-04-01,0.26,-0.38,0.11,0.351,-1.3,0.11,0.06,0.1,-0.35,-0.08,0.2,0.05,-0.06,0.11,0.202,-0.146,0.025,-0.7,0.3,-0.1,0.14333333333333276,-0.2700000000000002,0.03333333333333332,0.1356666666666668,-0.5666666666666662,0.31
1994-05-01,0.31,-0.1,0.23,0.544,-0.7,0.26,0.11,0.06,-0.38,-0.35,-0.08,0.11,0.05,-0.06,0.351,0.202,-0.146,-1.3,-0.7,0.3,0.2266666666666661,-0.27666666666666684,0.12999999999999998,0.3656666666666668,-0.8999999999999995,0.32
1994-06-01,0.32,-0.06,0.26,0.433,-0.4,0.31,0.26,0.11,-0.1,-0.38,-0.35,0.23,0.11,0.05,0.544,0.351,0.202,-0.7,-1.3,-0.7,0.29666666666666613,-0.18000000000000016,0.19999999999999998,0.44266666666666676,-0.7999999999999995,0.24
1994-07-01,0.24,-0.28,0.5,0.557,-1.3,0.32,0.31,0.26,-0.06,-0.1,-0.38,0.26,0.23,0.11,0.433,0.544,0.351,-0.4,-0.7,-1.3,0.2899999999999994,-0.14666666666666683,0.33,0.5113333333333335,-0.7999999999999995,0.53
1994-08-01,0.53,-0.26,0.71,0.811,-1.2,0.24,0.32,0.31,-0.28,-0.06,-0.1,0.5,0.26,0.23,0.557,0.433,0.544,-1.3,-0.4,-0.7,0.3633333333333328,-0.20000000000000018,0.49,0.6003333333333335,-0.9666666666666662,0.48
1994-09-01,0.48,-0.05,0.54,0.529,-1.6,0.53,0.24,0.32,-0.26,-0.28,-0.06,0.71,0.5,0.26,0.811,0.557,0.433,-1.2,-1.3,-0.4,0.4166666666666661,-0.19666666666666685,0.5833333333333334,0.6323333333333335,-1.3666666666666663,0.75
1994-10-01,0.75,0.52,0.69,0.707,-1.1,0.48,0.53,0.24,-0.05,-0.26,-0.28,0.54,0.71,0.5,0.529,0.811,0.557,-1.6,-1.2,-1.3,0.5866666666666661,0.06999999999999984,0.6466666666666666,0.6823333333333336,-1.2999999999999996,1.11
1994-11-01,1.11,0.89,0.75,0.287,-0.6,0.75,0.48,0.53,0.52,-0.05,-0.26,0.69,0.54,0.71,0.707,0.529,0.811,-1.1,-1.6,-1.2,0.7799999999999994,0.45333333333333314,0.66,0.5076666666666668,-1.0999999999999994,1.25
1994-12-01,1.25,0.82,0.92,0.263,-1.2,1.11,0.75,0.48,0.89,0.52,-0.05,0.75,0.69,0.54,0.287,0.707,0.529,-0.6,-1.1,-1.6,1.0366666666666662,0.7433333333333332,0.7866666666666666,0.4190000000000001,-0.9666666666666662,1.02
1995-01-01,1.02,0.77,0.72,0.14,-0.4,1.25,1.11,0.75,0.82,0.89,0.52,0.92,0.75,0.69,0.263,0.287,0.707,-1.2,-0.6,-1.1,1.126666666666666,0.8266666666666665,0.7966666666666667,0.23000000000000012,-0.733333333333333,0.73
1995-02-01,0.73,0.45,0.71,0.164,-0.1,1.02,1.25,1.11,0.77,0.82,0.89,0.72,0.92,0.75,0.14,0.263,0.287,-0.4,-1.2,-0.6,0.9999999999999994,0.6799999999999998,0.7833333333333333,0.18900000000000017,-0.5666666666666662,0.46
1995-03-01,0.46,-0.03,0.71,-0.05,0.8,0.73,1.02,1.25,0.45,0.77,0.82,0.71,0.72,0.92,0.164,0.14,0.263,-0.1,-0.4,-1.2,0.736666666666666,0.3966666666666665,0.7133333333333334,0.08466666666666682,0.10000000000000038,0.28
1995-04-01,0.28,-0.4,0.52,-0.221,-0.7,0.46,0.73,1.02,-0.03,0.45,0.77,0.71,0.71,0.72,-0.05,0.164,0.14,0.8,-0.1,-0.4,0.4899999999999994,0.006666666666666525,0.6466666666666666,-0.03566666666666651,4.070817756958907e-16,-0.11
1995-05-01,-0.11,-0.72,0.39,-0.251,-0.4,0.28,0.46,0.73,-0.4,-0.03,0.45,0.52,0.71,0.71,-0.221,-0.05,0.164,-0.7,0.8,-0.1,0.2099999999999994,-0.38333333333333347,0.5399999999999999,-0.17399999999999985,-0.0999999999999996,-0.14
1995-06-01,-0.14,-0.55,0.21,-0.078,0.1,-0.11,0.28,0.46,-0.72,-0.4,-0.03,0.39,0.52,0.71,-0.251,-0.221,-0.05,-0.4,-0.7,0.8,0.009999999999999417,-0.5566666666666668,0.37333333333333335,-0.18333333333333315,-0.3333333333333329,-0.21
1995-07-01,-0.21,-0.44,0.03,-0.169,0.4,-0.14,-0.11,0.28,-0.55,-0.72,-0.4,0.21,0.39,0.52,-0.078,-0.251,-0.221,0.1,-0.4,-0.7,-0.1533333333333339,-0.5700000000000002,0.21,-0.16599999999999984,0.033333333333333694,-0.63
1995-08-01,-0.63,-0.9,-0.14,-0.144,0.3,-0.21,-0.14,-0.11,-0.44,-0.55,-0.72,0.03,0.21,0.39,-0.169,-0.078,-0.251,0.4,0.1,-0.4,-0.32666666666666727,-0.6300000000000002,0.033333333333333326,-0.1303333333333332,0.26666666666666705,-0.84
1995-09-01,-0.84,-1.04,-0.35,-0.18,0.3,-0.63,-0.21,-0.14,-0.9,-0.44,-0.55,-0.14,0.03,0.21,-0.144,-0.169,-0.078,0.3,0.4,0.1,-0.5600000000000006,-0.7933333333333336,-0.15333333333333332,-0.1643333333333332,0.3333333333333337,-0.88
1995-10-01,-0.88,-1.0,-0.45,-0.367,0.0,-0.84,-0.63,-0.21,-1.04,-0.9,-0.44,-0.35,-0.14,0.03,-0.18,-0.144,-0.169,0.3,0.3,0.4,-0.783333333333334,-0.9800000000000001,-0.3133333333333333,-0.2303333333333332,0.20000000000000037,-1.1
1995-11-01,-1.1,-1.07,-0.59,-0.294,0.0,-0.88,-0.84,-0.63,-1.0,-1.04,-0.9,-0.45,-0.35,-0.14,-0.367,-0.18,-0.144,0.0,0.3,0.3,-0.9400000000000007,-1.0366666666666668,-0.4633333333333334,-0.28033333333333316,0.10000000000000037,-0.95
1995-12-01,-0.95,-0.98,-0.5,0.09,-0.5,-1.1,-0.88,-0.84,-1.07,-1.0,-1.04,-0.59,-0.45,-0.35,-0.294,-0.367,-0.18,0.0,0.0,0.3,-0.9766666666666673,-1.0166666666666668,-0.5133333333333333,-0.19033333333333322,-0.1666666666666663,-0.86
1996-01-01,-0.86,-0.81,-0.47,-0.021,1.0,-0.95,-1.1,-0.88,-0.98,-1.07,-1.0,-0.5,-0.59,-0.45,0.09,-0.294,-0.367,-0.5,0.0,0.0,-0.9700000000000006,-0.9533333333333336,-0.52,-0.07499999999999986,0.16666666666666705,-0.86
1996-02-01,-0.86,-0.67,-0.52,-0.033,0.3,-0.86,-0.95,-1.1,-0.81,-0.98,-1.07,-0.47,-0.5,-0.59,-0.021,0.09,-0.294,1.0,-0.5,0.0,-0.8900000000000006,-0.8200000000000002,-0.49666666666666676,0.012000000000000127,0.26666666666666705,-0.61
1996-03-01,-0.61,-0.53,-0.4,-0.085,1.1,-0.86,-0.86,-0.95,-0.67,-0.81,-0.98,-0.52,-0.47,-0.5,-0.033,-0.021,0.09,0.3,1.0,-0.5,-0.7766666666666673,-0.6700000000000003,-0.4633333333333334,-0.046333333333333206,0.8000000000000004,-0.47
1996-04-01,-0.47,-0.83,-0.46,-0.369,0.8,-0.61,-0.86,-0.86,-0.53,-0.67,-0.81,-0.4,-0.52,-0.47,-0.085,-0.033,-0.021,1.1,0.3,1.0,-0.6466666666666674,-0.6766666666666667,-0.46,-0.1623333333333332,0.7333333333333337,-0.38
1996-05-01,-0.38,-0.74,-0.45,-0.266,0.3,-0.47,-0.61,-0.86,-0.83,-0.53,-0.67,-0.46,-0.4,-0.52,-0.369,-0.085,-0.033,0.8,1.1,0.3,-0.4866666666666673,-0.7000000000000002,-0.4366666666666667,-0.23999999999999988,0.7333333333333337,-0.44
1996-06-01,-0.44,-0.76,-0.48,-0.394,1.2,-0.38,-0.47,-0.61,-0.74,-0.83,-0.53,-0.45,-0.46,-0.4,-0.266,-0.369,-0.085,0.3,0.8,1.1,-0.43000000000000066,-0.7766666666666667,-0.4633333333333334,-0.3429999999999998,0.766666666666667,-0.44
1996-07-01,-0.44,-0.64,-0.45,-0.643,0.7,-0.44,-0.38,-0.47,-0.76,-0.74,-0.83,-0.48,-0.45,-0.46,-0.394,-0.266,-0.369,1.2,0.3,0.8,-0.42000000000000065,-0.7133333333333335,-0.46,-0.4343333333333332,0.7333333333333337,-0.22
1996-08-01,-0.22,-0.42,-0.32,-0.681,0.7,-0.44,-0.44,-0.38,-0.64,-0.76,-0.74,-0.45,-0.48,-0.45,-0.643,-0.394,-0.266,0.7,1.2,0.3,-0.36666666666666736,-0.6066666666666668,-0.4166666666666667,-0.5726666666666665,0.866666666666667,-0.45
1996-09-01,-0.45,-0.5,-0.37,-0.712,0.6,-0.22,-0.44,-0.44,-0.42,-0.64,-0.76,-0.32,-0.45,-0.48,-0.681,-0.643,-0.394,0.7,0.7,1.2,-0.3700000000000007,-0.5200000000000001,-0.38000000000000006,-0.6786666666666665,0.666666666666667,-0.44
1996-10-01,-0.44,-0.59,-0.31,-1.108,0.6,-0.45,-0.22,-0.44,-0.5,-0.42,-0.64,-0.37,-0.32,-0.45,-0.712,-0.681,-0.643,0.6,0.7,0.7,-0.3700000000000007,-0.5033333333333334,-0.3333333333333334,-0.8336666666666664,0.6333333333333336,-0.41
1996-11-01,-0.41,-0.66,-0.23,-0.797,-0.1,-0.44,-0.45,-0.22,-0.59,-0.5,-0.42,-0.31,-0.37,-0.32,-1.108,-0.712,-0.681,0.6,0.6,0.7,-0.433333333333334,-0.5833333333333335,-0.3033333333333334,-0.8723333333333332,0.366666666666667,-0.64
1996-12-01,-0.64,-1.01,-0.19,-0.413,0.9,-0.41,-0.44,-0.45,-0.66,-0.59,-0.5,-0.23,-0.31,-0.37,-0.797,-1.108,-0.712,-0.1,0.6,0.6,-0.4966666666666673,-0.7533333333333335,-0.24333333333333337,-0.7726666666666665,0.46666666666666706,-0.53
1997-01-01,-0.53,-0.89,0.01,-0.11,0.5,-0.64,-0.41,-0.44,-1.01,-0.66,-0.59,-0.19,-0.23,-0.31,-0.413,-0.797,-1.108,0.9,-0.1,0.6,-0.5266666666666674,-0.8533333333333335,-0.13666666666666671,-0.4399999999999999,0.43333333333333374,-0.37
1997-02-01,-0.37,-0.68,0.19,0.079,1.7,-0.53,-0.64,-0.41,-0.89,-1.01,-0.66,0.01,-0.19,-0.23,-0.11,-0.413,-0.797,0.5,0.9,-0.1,-0.5133333333333341,-0.8600000000000002,0.0033333333333332993,-0.14799999999999983,1.0333333333333339,-0.25
1997-03-01,-0.25,-0.35,0.24,0.043,-0.4,-0.37,-0.53,-0.64,-0.68,-0.89,-1.01,0.19,0.01,-0.19,0.079,-0.11,-0.413,1.7,0.5,0.9,-0.383333333333334,-0.6400000000000001,0.14666666666666664,0.004000000000000147,0.6000000000000002,0.16
1997-04-01,0.16,-0.12,0.59,0.054,-0.6,-0.25,-0.37,-0.53,-0.35,-0.68,-0.89,0.24,0.19,0.01,0.043,0.079,-0.11,-0.4,1.7,0.5,-0.153333333333334,-0.38333333333333347,0.3399999999999999,0.05866666666666681,0.2333333333333337,0.64
1997-05-01,0.64,0.65,0.53,0.025,-1.3,0.16,-0.25,-0.37,-0.12,-0.35,-0.68,0.59,0.24,0.19,0.054,0.043,0.079,-0.6,-0.4,1.7,0.18333333333333268,0.059999999999999866,0.4533333333333333,0.040666666666666816,-0.7666666666666663,1.09
1997-06-01,1.09,1.51,0.26,0.082,-1.4,0.64,0.16,-0.25,0.65,-0.12,-0.35,0.53,0.59,0.24,0.025,0.054,0.043,-1.3,-0.6,-0.4,0.6299999999999993,0.6799999999999998,0.45999999999999996,0.053666666666666814,-1.0999999999999996,1.56
1997-07-01,1.56,2.09,0.47,0.447,-0.8,1.09,0.64,0.16,1.51,0.65,-0.12,0.26,0.53,0.59,0.082,0.025,0.054,-1.4,-1.3,-0.6,1.096666666666666,1.4166666666666667,0.41999999999999993,0.18466666666666684,-1.1666666666666663,1.89
1997-08-01,1.89,2.59,0.5,0.634,-1.4,1.56,1.09,0.64,2.09,1.51,0.65,0.47,0.26,0.53,0.447,0.082,0.025,-0.8,-1.4,-1.3,1.5133333333333328,2.063333333333333,0.41,0.38766666666666677,-1.1999999999999995,2.13
1997-09-01,2.13,2.84,0.68,0.771,-1.4,1.89,1.56,1.09,2.59,2.09,1.51,0.5,0.47,0.26,0.634,0.447,0.082,-1.4,-0.8,-1.4,1.8599999999999994,2.5066666666666664,0.5499999999999999,0.6173333333333334,-1.1999999999999995,2.36
1997-10-01,2.36,3.08,0.58,0.873,-1.5,2.13,1.89,1.56,2.84,2.59,2.09,0.68,0.5,0.47,0.771,0.634,0.447,-1.4,-1.4,-0.8,2.1266666666666656,2.8366666666666664,0.5866666666666666,0.7593333333333335,-1.433333333333333,2.41
1997-11-01,2.41,3.27,0.69,1.279,-1.2,2.36,2.13,1.89,3.08,2.84,2.59,0.58,0.68,0.5,0.873,0.771,0.634,-1.5,-1.4,-1.4,2.2999999999999994,3.063333333333333,0.6499999999999999,0.9743333333333334,-1.3666666666666663,2.29
1997-12-01,2.29,3.3,0.57,0.863,-1.0,2.41,2.36,2.13,3.27,3.08,2.84,0.69,0.58,0.68,1.279,0.873,0.771,-1.2,-1.5,-1.4,2.353333333333333,3.2166666666666663,0.6133333333333332,1.0050000000000001,-1.233333333333333,2.38
1998-01-01,2.38,3.08,0.64,0.525,-2.7,2.29,2.41,2.36,3.3,3.27,3.08,0.57,0.69,0.58,0.863,1.279,0.873,-1.0,-1.2,-1.5,2.3599999999999994,3.2166666666666663,0.6333333333333333,0.8890000000000001,-1.6333333333333329,2.03
1998-02-01,2.03,2.49,0.59,0.422,-2.0,2.38,2.29,2.41,3.08,3.3,3.27,0.64,0.57,0.69,0.525,0.863,1.279,-2.7,-1.0,-1.2,2.233333333333333,2.956666666666667,0.6,0.6033333333333334,-1.8999999999999997,1.34
1998-03-01,1.34,1.92,0.3,-0.055,-2.4,2.03,2.38,2.29,2.49,3.08,3.3,0.59,0.64,0.57,0.422,0.525,0.863,-2.0,-2.7,-1.0,1.916666666666666,2.4966666666666666,0.51,0.2973333333333334,-2.3666666666666663,0.78
1998-04-01,0.78,1.64,-0.07,0.047,-1.4,1.34,2.03,2.38,1.92,2.49,3.08,0.3,0.59,0.64,-0.055,0.422,0.525,-2.4,-2.0,-2.7,1.3833333333333329,2.0166666666666666,0.27333333333333326,0.13800000000000007,-1.933333333333333,0.57
1998-05-01,0.57,1.39,-0.26,0.14,0.3,0.78,1.34,2.03,1.64,1.92,2.49,-0.07,0.3,0.59,0.047,-0.055,0.422,-1.4,-2.4,-2.0,0.8966666666666661,1.6499999999999997,-0.010000000000000045,0.044000000000000074,-1.1666666666666663,-0.39
1998-06-01,-0.39,0.37,-0.71,0.147,1.0,0.57,0.78,1.34,1.39,1.64,1.92,-0.26,-0.07,0.3,0.14,0.047,-0.055,0.3,-1.4,-2.4,0.3199999999999994,1.133333333333333,-0.3466666666666667,0.1113333333333334,-0.03333333333333285,-0.99
1998-07-01,-0.99,-0.38,-0.78,-0.385,1.2,-0.39,0.57,0.78,0.37,1.39,1.64,-0.71,-0.26,-0.07,0.147,0.14,0.047,1.0,0.3,-1.4,-0.27000000000000063,0.4599999999999998,-0.5833333333333334,-0.0326666666666666,0.8333333333333338,-1.28
1998-08-01,-1.28,-0.67,-1.02,-0.58,1.2,-0.99,-0.39,0.57,-0.38,0.37,1.39,-0.78,-0.71,-0.26,-0.385,0.147,0.14,1.2,1.0,0.3,-0.8866666666666673,-0.22666666666666682,-0.8366666666666666,-0.2726666666666666,1.1333333333333337,-1.26
1998-09-01,-1.26,-0.95,-1.02,-0.496,1.0,-1.28,-0.99,-0.39,-0.67,-0.38,0.37,-1.02,-0.78,-0.71,-0.58,-0.385,0.147,1.2,1.2,1.0,-1.1766666666666674,-0.6666666666666669,-0.9400000000000001,-0.48699999999999993,1.1333333333333337,-1.46
1998-10-01,-1.46,-0.99,-1.34,-0.743,1.1,-1.26,-1.28,-0.99,-0.95,-0.67,-0.38,-1.02,-1.02,-0.78,-0.496,-0.58,-0.385,1.0,1.2,1.2,-1.333333333333334,-0.8700000000000001,-1.1266666666666667,-0.6063333333333333,1.1000000000000005,-1.46
1998-11-01,-1.46,-0.86,-1.45,-0.653,1.0,-1.46,-1.26,-1.28,-0.99,-0.95,-0.67,-1.34,-1.02,-1.02,-0.743,-0.496,-0.58,1.1,1.0,1.2,-1.3933333333333338,-0.9333333333333335,-1.2700000000000002,-0.6306666666666666,1.0333333333333339,-1.69
1998-12-01,-1.69,-1.1,-1.48,-0.336,1.4,-1.46,-1.46,-1.26,-0.86,-0.99,-0.95,-1.45,-1.34,-1.02,-0.653,-0.743,-0.496,1.0,1.1,1.0,-1.536666666666667,-0.9833333333333334,-1.4233333333333331,-0.5773333333333334,1.166666666666667,-1.69
1999-01-01,-1.69,-1.25,-1.68,-0.13,1.8,-1.69,-1.46,-1.46,-1.1,-0.86,-0.99,-1.48,-1.45,-1.34,-0.336,-0.653,-0.743,1.4,1.0,1.1,-1.613333333333334,-1.07,-1.5366666666666664,-0.37299999999999994,1.4000000000000004,-1.32
1999-02-01,-1.32,-0.88,-1.64,-0.038,1.0,-1.69,-1.69,-1.46,-1.25,-1.1,-0.86,-1.68,-1.48,-1.45,-0.13,-0.336,-0.653,1.8,1.4,1.0,-1.5666666666666673,-1.0766666666666669,-1.5999999999999999,-0.16799999999999993,1.4000000000000004,-0.95
1999-03-01,-0.95,-0.52,-1.35,0.102,1.3,-1.32,-1.69,-1.69,-0.88,-1.25,-1.1,-1.64,-1.68,-1.48,-0.038,-0.13,-0.336,1.0,1.8,1.4,-1.3200000000000005,-0.8833333333333334,-1.5566666666666666,-0.021999999999999926,1.3666666666666671,-1.11
1999-04-01,-1.11,-0.87,-1.21,-0.002,1.4,-0.95,-1.32,-1.69,-0.52,-0.88,-1.25,-1.35,-1.64,-1.68,0.102,-0.038,-0.13,1.3,1.0,1.8,-1.1266666666666671,-0.7566666666666668,-1.4000000000000001,0.02066666666666674,1.2333333333333336,-1.15
1999-05-01,-1.15,-0.81,-1.03,-0.186,0.2,-1.11,-0.95,-1.32,-0.87,-0.52,-0.88,-1.21,-1.35,-1.64,-0.002,0.102,-0.038,1.4,1.3,1.0,-1.0700000000000005,-0.7333333333333335,-1.1966666666666668,-0.02866666666666659,0.9666666666666671,-1.19
1999-06-01,-1.19,-0.9,-1.01,-0.145,0.3,-1.15,-1.11,-0.95,-0.81,-0.87,-0.52,-1.03,-1.21,-1.35,-0.186,-0.002,0.102,0.2,1.4,1.3,-1.1500000000000006,-0.8600000000000002,-1.0833333333333333,-0.11099999999999992,0.6333333333333337,-1.17
1999-07-01,-1.17,-0.76,-1.14,0.112,0.5,-1.19,-1.15,-1.11,-0.9,-0.81,-0.87,-1.01,-1.03,-1.21,-0.145,-0.186,-0.002,0.3,0.2,1.4,-1.1700000000000006,-0.8233333333333336,-1.06,-0.07299999999999991,0.33333333333333376,-1.22
1999-08-01,-1.22,-0.84,-1.1,0.023,0.4,-1.17,-1.19,-1.15,-0.76,-0.9,-0.81,-1.14,-1.01,-1.03,0.112,-0.145,-0.186,0.5,0.3,0.2,-1.193333333333334,-0.8333333333333335,-1.0833333333333333,-0.0033333333333332555,0.4000000000000005,-1.09
1999-09-01,-1.09,-1.11,-0.97,-0.05,-0.1,-1.22,-1.17,-1.19,-0.84,-0.76,-0.9,-1.1,-1.14,-1.01,0.023,0.112,-0.145,0.4,0.5,0.3,-1.1600000000000004,-0.9033333333333337,-1.07,0.028333333333333408,0.2666666666666671,-1.23
1999-10-01,-1.23,-1.38,-0.97,-0.19,1.0,-1.09,-1.22,-1.17,-1.11,-0.84,-0.76,-0.97,-1.1,-1.14,-0.05,0.023,0.112,-0.1,0.4,0.5,-1.1800000000000006,-1.11,-1.0133333333333334,-0.07233333333333326,0.4333333333333338,-1.58
1999-11-01,-1.58,-1.5,-1.27,-0.116,1.0,-1.23,-1.09,-1.22,-1.38,-1.11,-0.84,-0.97,-0.97,-1.1,-0.19,-0.05,0.023,1.0,-0.1,0.4,-1.3000000000000007,-1.33,-1.07,-0.11866666666666659,0.6333333333333337,-1.74
1999-12-01,-1.74,-1.55,-1.36,-0.148,1.4,-1.58,-1.23,-1.09,-1.5,-1.38,-1.11,-1.27,-0.97,-0.97,-0.116,-0.19,-0.05,1.0,1.0,-0.1,-1.5166666666666675,-1.4766666666666666,-1.2000000000000002,-0.15133333333333326,1.1333333333333337,-1.77
2000-01-01,-1.77,-1.66,-1.33,-0.125,0.7,-1.74,-1.58,-1.23,-1.55,-1.5,-1.38,-1.36,-1.27,-0.97,-0.148,-0.116,-0.19,1.4,1.0,1.0,-1.6966666666666672,-1.57,-1.32,-0.1296666666666666,1.0333333333333339,-1.55
2000-02-01,-1.55,-1.14,-1.47,-0.009,1.7,-1.77,-1.74,-1.58,-1.66,-1.55,-1.5,-1.33,-1.36,-1.27,-0.125,-0.148,-0.116,0.7,1.4,1.0,-1.6866666666666672,-1.45,-1.3866666666666667,-0.09399999999999993,1.266666666666667,-0.98
2000-03-01,-0.98,-0.5,-1.43,0.14,1.3,-1.55,-1.77,-1.74,-1.14,-1.66,-1.55,-1.47,-1.33,-1.36,-0.009,-0.125,-0.148,1.7,0.7,1.4,-1.4333333333333338,-1.1,-1.41,0.002000000000000076,1.2333333333333336,-0.87
2000-04-01,-0.87,-0.17,-1.43,0.141,1.2,-0.98,-1.55,-1.77,-0.5,-1.14,-1.66,-1.43,-1.47,-1.33,0.14,-0.009,-0.125,1.3,1.7,0.7,-1.133333333333334,-0.6033333333333334,-1.4433333333333334,0.09066666666666674,1.4000000000000004,-0.86
2000-05-01,-0.86,-0.37,-1.29,0.113,0.4,-0.87,-0.98,-1.55,-0.17,-0.5,-1.14,-1.43,-1.43,-1.47,0.141,0.14,-0.009,1.2,1.3,1.7,-0.9033333333333339,-0.34666666666666685,-1.3833333333333335,0.1313333333333334,0.9666666666666671,-0.79
2000-06-01,-0.79,-0.59,-0.91,-0.022,-0.2,-0.86,-0.87,-0.98,-0.37,-0.17,-0.5,-1.29,-1.43,-1.43,0.113,0.141,0.14,0.4,1.2,1.3,-0.8400000000000006,-0.37666666666666676,-1.2100000000000002,0.0773333333333334,0.46666666666666706,-0.67
2000-07-01,-0.67,-0.62,-0.73,0.077,-0.2,-0.79,-0.86,-0.87,-0.59,-0.37,-0.17,-0.91,-1.29,-1.43,-0.022,0.113,0.141,-0.2,0.4,1.2,-0.7733333333333339,-0.5266666666666668,-0.9766666666666667,0.05600000000000008,4.440892098500626e-16,-0.49
2000-08-01,-0.49,-0.48,-0.62,0.131,0.7,-0.67,-0.79,-0.86,-0.62,-0.59,-0.37,-0.73,-0.91,-1.29,0.077,-0.022,0.113,-0.2,-0.2,0.4,-0.6500000000000007,-0.5633333333333335,-0.7533333333333333,0.062000000000000076,0.10000000000000042,-0.52
2000-09-01,-0.52,-0.32,-0.49,-0.096,0.9,-0.49,-0.67,-0.79,-0.48,-0.62,-0.59,-0.62,-0.73,-0.91,0.131,0.077,-0.022,0.7,-0.2,-0.2,-0.5600000000000006,-0.47333333333333344,-0.6133333333333333,0.037333333333333406,0.46666666666666706,-0.7
2000-10-01,-0.7,-0.5,-0.65,-0.142,1.1,-0.52,-0.49,-0.67,-0.32,-0.48,-0.62,-0.49,-0.62,-0.73,-0.096,0.131,0.077,0.9,0.7,-0.2,-0.5700000000000006,-0.4333333333333334,-0.5866666666666666,-0.03566666666666659,0.9000000000000004,-0.79
2000-11-01,-0.79,-0.7,-0.77,-0.306,1.8,-0.7,-0.52,-0.49,-0.5,-0.32,-0.48,-0.65,-0.49,-0.62,-0.142,-0.096,0.131,1.1,0.9,0.7,-0.6700000000000005,-0.5066666666666668,-0.6366666666666667,-0.18133333333333326,1.266666666666667,-0.92
2000-12-01,-0.92,-0.66,-0.95,-0.248,0.8,-0.79,-0.7,-0.52,-0.7,-0.5,-0.32,-0.77,-0.65,-0.49,-0.306,-0.142,-0.096,1.8,1.1,0.9,-0.803333333333334,-0.6200000000000001,-0.79,-0.2319999999999999,1.2333333333333336,-0.73
2001-01-01,-0.73,-0.42,-0.89,-0.431,1.0,-0.92,-0.79,-0.7,-0.66,-0.7,-0.5,-0.95,-0.77,-0.65,-0.248,-0.306,-0.142,0.8,1.8,1.1,-0.813333333333334,-0.5933333333333334,-0.8700000000000001,-0.32833333333333325,1.2000000000000004,-0.63
2001-02-01,-0.63,-0.28,-0.82,-0.017,1.7,-0.73,-0.92,-0.79,-0.42,-0.66,-0.7,-0.89,-0.95,-0.77,-0.431,-0.248,-0.306,1.0,0.8,1.8,-0.7600000000000007,-0.4533333333333334,-0.8866666666666667,-0.23199999999999996,1.166666666666667,-0.48
2001-03-01,-0.48,-0.01,-0.71,-0.01,0.9,-0.63,-0.73,-0.92,-0.28,-0.42,-0.66,-0.82,-0.89,-0.95,-0.017,-0.431,-0.248,1.7,1.0,0.8,-0.6133333333333338,-0.23666666666666678,-0.8066666666666666,-0.1526666666666666,1.2000000000000004,-0.49
2001-04-01,-0.49,-0.12,-0.59,0.136,0.2,-0.48,-0.63,-0.73,-0.01,-0.28,-0.42,-0.71,-0.82,-0.89,-0.01,-0.017,-0.431,0.9,1.7,1.0,-0.533333333333334,-0.1366666666666668,-0.7066666666666667,0.03633333333333341,0.9333333333333337,-0.34
2001-05-01,-0.34,-0.14,-0.39,0.137,-0.5,-0.49,-0.48,-0.63,-0.12,-0.01,-0.28,-0.59,-0.71,-0.82,0.136,-0.01,-0.017,0.2,0.9,1.7,-0.43666666666666726,-0.09000000000000012,-0.5633333333333334,0.08766666666666674,0.2000000000000004,-0.19
2001-06-01,-0.19,-0.28,-0.17,0.127,0.3,-0.34,-0.49,-0.48,-0.14,-0.12,-0.01,-0.39,-0.59,-0.71,0.137,0.136,-0.01,-0.5,0.2,0.9,-0.3400000000000006,-0.18000000000000013,-0.3833333333333333,0.13333333333333341,3.7007434154171886e-16,-0.04
2001-07-01,-0.04,-0.27,0.09,-0.14,-0.2,-0.19,-0.34,-0.49,-0.28,-0.14,-0.12,-0.17,-0.39,-0.59,0.127,0.137,0.136,0.3,-0.5,0.2,-0.1900000000000006,-0.23000000000000012,-0.15666666666666668,0.04133333333333341,-0.13333333333333297,-0.05
2001-08-01,-0.05,-0.22,0.05,-0.301,-0.4,-0.04,-0.19,-0.34,-0.27,-0.28,-0.14,0.09,-0.17,-0.39,-0.14,0.127,0.137,-0.2,0.3,-0.5,-0.09333333333333393,-0.25666666666666677,-0.010000000000000004,-0.10466666666666659,-0.09999999999999964,-0.2
2001-09-01,-0.2,-0.59,0.21,-0.223,0.2,-0.05,-0.04,-0.19,-0.22,-0.27,-0.28,0.05,0.09,-0.17,-0.301,-0.14,0.127,-0.4,-0.2,0.3,-0.09666666666666728,-0.3600000000000001,0.11666666666666665,-0.22133333333333327,-0.133333333333333,-0.14
2001-10-01,-0.14,-0.43,0.19,-0.451,-0.0,-0.2,-0.05,-0.04,-0.59,-0.22,-0.27,0.21,0.05,0.09,-0.223,-0.301,-0.14,0.2,-0.4,-0.2,-0.1300000000000006,-0.4133333333333334,0.15,-0.3249999999999999,-0.0666666666666663,-0.37
2001-11-01,-0.37,-0.68,0.08,-0.245,0.7,-0.14,-0.2,-0.05,-0.43,-0.59,-0.22,0.19,0.21,0.05,-0.451,-0.223,-0.301,-0.0,0.2,-0.4,-0.23666666666666725,-0.5666666666666668,0.16,-0.30633333333333324,0.3000000000000003,-0.41
2001-12-01,-0.41,-0.62,0.12,-0.051,-0.8,-0.37,-0.14,-0.2,-0.68,-0.43,-0.59,0.08,0.19,0.21,-0.245,-0.451,-0.223,0.7,-0.0,0.2,-0.30666666666666725,-0.5766666666666668,0.12999999999999998,-0.24899999999999992,-0.03333333333333299,-0.15
2002-01-01,-0.15,-0.49,0.4,-0.142,0.4,-0.41,-0.37,-0.14,-0.62,-0.68,-0.43,0.12,0.08,0.19,-0.051,-0.245,-0.451,-0.8,0.7,-0.0,-0.31000000000000055,-0.5966666666666668,0.19999999999999998,-0.1459999999999999,0.10000000000000032,-0.04
2002-02-01,-0.04,-0.24,0.46,-0.098,1.1,-0.15,-0.41,-0.37,-0.49,-0.62,-0.68,0.4,0.12,0.08,-0.142,-0.051,-0.245,0.4,-0.8,0.7,-0.2000000000000006,-0.4500000000000002,0.32666666666666666,-0.09699999999999992,0.2333333333333337,0.01
2002-03-01,0.01,0.14,0.25,0.008,-0.2,-0.04,-0.15,-0.41,-0.24,-0.49,-0.62,0.46,0.4,0.12,-0.098,-0.142,-0.051,1.1,0.4,-0.8,-0.06000000000000059,-0.1966666666666668,0.37000000000000005,-0.07733333333333325,0.43333333333333374,0.02
2002-04-01,0.02,0.0,0.41,-0.352,-0.1,0.01,-0.04,-0.15,0.14,-0.24,-0.49,0.25,0.46,0.4,0.008,-0.098,-0.142,-0.2,1.1,0.4,-0.003333333333333926,-0.03333333333333347,0.3733333333333333,-0.14733333333333323,0.266666666666667,0.31
2002-05-01,0.31,0.26,0.6,-0.329,-0.8,0.02,0.01,-0.04,0.0,0.14,-0.24,0.41,0.25,0.46,-0.352,0.008,-0.098,-0.1,-0.2,1.1,0.11333333333333273,0.1333333333333332,0.41999999999999993,-0.22433333333333327,-0.3666666666666664,0.72
2002-06-01,0.72,0.57,0.64,-0.19,-0.2,0.31,0.02,0.01,0.26,0.0,0.14,0.6,0.41,0.25,-0.329,-0.352,0.008,-0.8,-0.1,-0.2,0.34999999999999937,0.2766666666666665,0.5499999999999999,-0.2903333333333333,-0.3666666666666664,0.74
2002-07-01,0.74,0.39,0.63,-0.26,-0.5,0.72,0.31,0.02,0.57,0.26,0.0,0.64,0.6,0.41,-0.19,-0.329,-0.352,-0.2,-0.8,-0.1,0.5899999999999994,0.4066666666666665,0.6233333333333334,-0.25966666666666655,-0.4999999999999997,0.87
2002-08-01,0.87,0.51,0.64,-0.208,-1.0,0.74,0.72,0.31,0.39,0.57,0.26,0.63,0.64,0.6,-0.26,-0.19,-0.329,-0.5,-0.2,-0.8,0.7766666666666661,0.4899999999999998,0.6366666666666666,-0.21933333333333324,-0.5666666666666663,1.09
2002-09-01,1.09,0.86,0.61,0.286,-0.6,0.87,0.74,0.72,0.51,0.39,0.57,0.64,0.63,0.64,-0.208,-0.26,-0.19,-1.0,-0.5,-0.2,0.8999999999999995,0.5866666666666666,0.6266666666666666,-0.06066666666666659,-0.6999999999999997,1.25
2002-10-01,1.25,0.99,0.65,0.405,-0.4,1.09,0.87,0.74,0.86,0.51,0.39,0.61,0.64,0.63,0.286,-0.208,-0.26,-0.6,-1.0,-0.5,1.0699999999999994,0.7866666666666665,0.6333333333333333,0.1610000000000001,-0.6666666666666664,1.47
2002-11-01,1.47,1.3,0.85,0.096,-0.5,1.25,1.09,0.87,0.99,0.86,0.51,0.65,0.61,0.64,0.405,0.286,-0.208,-0.4,-0.6,-1.0,1.2699999999999994,1.0499999999999998,0.7033333333333333,0.2623333333333334,-0.4999999999999997,1.37
2002-12-01,1.37,1.21,0.84,-0.158,-1.1,1.47,1.25,1.09,1.3,0.99,0.86,0.85,0.65,0.61,0.096,0.405,0.286,-0.5,-0.4,-0.6,1.3633333333333326,1.1666666666666665,0.7799999999999999,0.11433333333333341,-0.6666666666666664,0.6
2003-01-01,0.6,0.57,0.57,-0.239,-0.2,1.37,1.47,1.25,1.21,1.3,0.99,0.84,0.85,0.65,-0.158,0.096,0.405,-1.1,-0.5,-0.4,1.146666666666666,1.0266666666666666,0.7533333333333333,-0.10033333333333326,-0.5999999999999998,0.64
2003-02-01,0.64,0.44,0.69,0.017,-0.7,0.6,1.37,1.47,0.57,1.21,1.3,0.57,0.84,0.85,-0.239,-0.158,0.096,-0.2,-1.1,-0.5,0.8699999999999996,0.7399999999999998,0.6999999999999998,-0.1266666666666666,-0.6666666666666663,0.36
2003-03-01,0.36,0.19,0.6,-0.039,-0.3,0.64,0.6,1.37,0.44,0.57,1.21,0.69,0.57,0.84,0.017,-0.239,-0.158,-0.7,-0.2,-1.1,0.5333333333333328,0.39999999999999986,0.62,-0.08699999999999992,-0.39999999999999963,-0.14
2003-04-01,-0.14,-0.44,0.33,-0.099,-0.1,0.36,0.64,0.6,0.19,0.44,0.57,0.6,0.69,0.57,-0.039,0.017,-0.239,-0.3,-0.7,-0.2,0.28666666666666607,0.06333333333333319,0.5399999999999999,-0.040333333333333256,-0.36666666666666625,-0.61
2003-05-01,-0.61,-0.96,-0.05,-0.164,-0.3,-0.14,0.36,0.64,-0.44,0.19,0.44,0.33,0.6,0.69,-0.099,-0.039,0.017,-0.1,-0.3,-0.7,-0.1300000000000006,-0.4033333333333335,0.2933333333333333,-0.10066666666666661,-0.23333333333333295,-0.29
2003-06-01,-0.29,-0.59,0.1,0.139,-0.6,-0.61,-0.14,0.36,-0.96,-0.44,0.19,-0.05,0.33,0.6,-0.164,-0.099,-0.039,-0.3,-0.1,-0.3,-0.3466666666666673,-0.6633333333333334,0.12666666666666662,-0.04133333333333325,-0.333333333333333,0.21
2003-07-01,0.21,0.12,0.19,0.131,0.3,-0.29,-0.61,-0.14,-0.59,-0.96,-0.44,0.1,-0.05,0.33,0.139,-0.164,-0.099,-0.6,-0.3,-0.1,-0.23000000000000057,-0.4766666666666668,0.07999999999999996,0.03533333333333341,-0.1999999999999996,0.26
2003-08-01,0.26,0.26,0.19,0.108,0.1,0.21,-0.29,-0.61,0.12,-0.59,-0.96,0.19,0.1,-0.05,0.131,0.139,-0.164,0.3,-0.6,-0.3,0.05999999999999942,-0.07000000000000013,0.15999999999999995,0.12600000000000008,-0.06666666666666625,0.27
2003-09-01,0.27,0.15,0.18,-0.061,-0.1,0.26,0.21,-0.29,0.26,0.12,-0.59,0.19,0.19,0.1,0.108,0.131,0.139,0.1,0.3,-0.6,0.24666666666666606,0.17666666666666653,0.18666666666666662,0.059333333333333405,0.10000000000000042,0.42
2003-10-01,0.42,0.4,0.36,-0.243,0.0,0.27,0.26,0.21,0.15,0.26,0.12,0.18,0.19,0.19,-0.061,0.108,0.131,-0.1,0.1,0.3,0.3166666666666661,0.26999999999999985,0.2433333333333333,-0.06533333333333326,4.163336342344337e-16,0.33
2003-11-01,0.33,0.64,0.37,-0.159,-0.3,0.42,0.27,0.26,0.4,0.15,0.26,0.36,0.18,0.19,-0.243,-0.061,0.108,0.0,-0.1,0.1,0.3399999999999994,0.3966666666666665,0.3033333333333333,-0.15433333333333324,-0.13333333333333292,0.43
2003-12-01,0.43,0.77,0.43,0.189,1.1,0.33,0.42,0.27,0.64,0.4,0.15,0.37,0.36,0.18,-0.159,-0.243,-0.061,-0.3,0.0,-0.1,0.3933333333333328,0.6033333333333332,0.38666666666666666,-0.07099999999999992,0.2666666666666671,0.27
2004-01-01,0.27,0.42,0.43,0.044,-1.3,0.43,0.33,0.42,0.77,0.64,0.4,0.43,0.37,0.36,0.189,-0.159,-0.243,1.1,-0.3,0.0,0.3433333333333328,0.6099999999999999,0.41,0.02466666666666674,-0.1666666666666662,0.23
2004-02-01,0.23,0.3,0.38,0.114,1.2,0.27,0.43,0.33,0.42,0.77,0.64,0.43,0.43,0.37,0.044,0.189,-0.159,-1.3,1.1,-0.3,0.30999999999999944,0.4966666666666664,0.4133333333333333,0.11566666666666674,0.33333333333333376,0.12
2004-03-01,0.12,0.13,0.1,0.077,0.4,0.23,0.27,0.43,0.3,0.42,0.77,0.38,0.43,0.43,0.114,0.044,0.189,1.2,-1.3,1.1,0.2066666666666661,0.28333333333333316,0.3033333333333333,0.07833333333333341,0.10000000000000035,0.07
2004-04-01,0.07,-0.07,0.09,-0.08,-0.9,0.12,0.23,0.27,0.13,0.3,0.42,0.1,0.38,0.43,0.077,0.114,0.044,0.4,1.2,-1.3,0.13999999999999943,0.11999999999999984,0.18999999999999995,0.037000000000000074,0.23333333333333364,0.06
2004-05-01,0.06,-0.45,0.11,-0.565,1.0,0.07,0.12,0.23,-0.07,0.13,0.3,0.09,0.1,0.38,-0.08,0.077,0.114,-0.9,0.4,1.2,0.08333333333333276,-0.13000000000000014,0.09999999999999996,-0.18933333333333324,0.16666666666666707,0.13
2004-06-01,0.13,-0.26,0.22,-0.384,-0.8,0.06,0.07,0.12,-0.45,-0.07,0.13,0.11,0.09,0.1,-0.565,-0.08,0.077,1.0,-0.9,0.4,0.0866666666666661,-0.2600000000000002,0.13999999999999999,-0.3429999999999999,-0.23333333333333295,0.49
2004-07-01,0.49,-0.02,0.42,-0.301,-0.5,0.13,0.06,0.07,-0.26,-0.45,-0.07,0.22,0.11,0.09,-0.384,-0.565,-0.08,-0.8,1.0,-0.9,0.2266666666666661,-0.24333333333333348,0.24999999999999997,-0.4166666666666666,-0.0999999999999996,0.76
2004-08-01,0.76,0.24,0.55,-0.132,-0.3,0.49,0.13,0.06,-0.02,-0.26,-0.45,0.42,0.22,0.11,-0.301,-0.384,-0.565,-0.5,-0.8,1.0,0.45999999999999946,-0.013333333333333483,0.39666666666666667,-0.27233333333333326,-0.533333333333333,0.81
2004-09-01,0.81,0.45,0.69,-0.106,-0.3,0.76,0.49,0.13,0.24,-0.02,-0.26,0.55,0.42,0.22,-0.132,-0.301,-0.384,-0.3,-0.5,-0.8,0.6866666666666661,0.2233333333333332,0.5533333333333333,-0.1796666666666666,-0.36666666666666625,0.73
2004-10-01,0.73,0.54,0.7,-0.004,-0.1,0.81,0.76,0.49,0.45,0.24,-0.02,0.69,0.55,0.42,-0.106,-0.132,-0.301,-0.3,-0.3,-0.5,0.766666666666666,0.40999999999999986,0.6466666666666666,-0.0806666666666666,-0.23333333333333295,0.66
2004-11-01,0.66,0.63,0.76,-0.153,-0.7,0.73,0.81,0.76,0.54,0.45,0.24,0.7,0.69,0.55,-0.004,-0.106,-0.132,-0.1,-0.3,-0.3,0.7333333333333328,0.5399999999999999,0.7166666666666665,-0.0876666666666666,-0.36666666666666625,0.74
2004-12-01,0.74,0.69,0.87,-0.132,-0.8,0.66,0.73,0.81,0.63,0.54,0.45,0.76,0.7,0.69,-0.153,-0.004,-0.106,-0.7,-0.1,-0.3,0.7099999999999994,0.6199999999999998,0.7766666666666665,-0.09633333333333327,-0.5333333333333329,0.66
2005-01-01,0.66,0.32,0.88,-0.124,0.3,0.74,0.66,0.73,0.69,0.63,0.54,0.87,0.76,0.7,-0.132,-0.153,-0.004,-0.8,-0.7,-0.1,0.6866666666666661,0.5466666666666665,0.8366666666666666,-0.13633333333333328,-0.39999999999999963,0.36
2005-02-01,0.36,-0.09,0.67,-0.56,-3.1,0.66,0.74,0.66,0.32,0.69,0.63,0.88,0.87,0.76,-0.124,-0.132,-0.153,0.3,-0.8,-0.7,0.586666666666666,0.3066666666666665,0.8066666666666666,-0.27199999999999996,-1.1999999999999995,0.45
2005-03-01,0.45,-0.07,0.61,-0.432,0.3,0.36,0.66,0.74,-0.09,0.32,0.69,0.67,0.88,0.87,-0.56,-0.124,-0.132,-3.1,0.3,-0.8,0.4899999999999995,0.053333333333333184,0.7200000000000001,-0.37199999999999994,-0.833333333333333,0.26
2005-04-01,0.26,-0.05,0.42,0.084,-0.6,0.45,0.36,0.66,-0.07,-0.09,0.32,0.61,0.67,0.88,-0.432,-0.56,-0.124,0.3,-3.1,0.3,0.3566666666666661,-0.07000000000000016,0.5666666666666667,-0.3026666666666666,-1.1333333333333329,0.3
2005-05-01,0.3,0.16,0.29,-0.033,-0.8,0.26,0.45,0.36,-0.05,-0.07,-0.09,0.42,0.61,0.67,0.084,-0.432,-0.56,-0.6,0.3,-3.1,0.33666666666666606,0.013333333333333188,0.43999999999999995,-0.12699999999999992,-0.36666666666666625,0.04
2005-06-01,0.04,0.06,0.17,-0.176,0.4,0.3,0.26,0.45,0.16,-0.05,-0.07,0.29,0.42,0.61,-0.033,0.084,-0.432,-0.8,-0.6,0.3,0.19999999999999943,0.056666666666666525,0.2933333333333333,-0.041666666666666595,-0.3333333333333329,-0.23
2005-07-01,-0.23,0.1,-0.11,-0.384,0.2,0.04,0.3,0.26,0.06,0.16,-0.05,0.17,0.29,0.42,-0.176,-0.033,0.084,0.4,-0.8,-0.6,0.03666666666666607,0.10666666666666653,0.11666666666666663,-0.19766666666666657,-0.06666666666666622,-0.05
2005-08-01,-0.05,0.18,-0.06,-0.345,-0.3,-0.23,0.04,0.3,0.1,0.06,0.16,-0.11,0.17,0.29,-0.384,-0.176,-0.033,0.2,0.4,-0.8,-0.08000000000000058,0.11333333333333317,-3.23815048849004e-17,-0.3016666666666666,0.10000000000000048,-0.04
2005-09-01,-0.04,-0.08,0.03,-0.534,0.4,-0.05,-0.23,0.04,0.18,0.1,0.06,-0.06,-0.11,0.17,-0.345,-0.384,-0.176,-0.3,0.2,0.4,-0.10666666666666726,0.06666666666666653,-0.0466666666666667,-0.421,0.10000000000000048,-0.06
2005-10-01,-0.06,-0.34,0.09,-0.436,1.2,-0.04,-0.05,-0.23,-0.08,0.18,0.1,0.03,-0.06,-0.11,-0.534,-0.345,-0.384,0.4,-0.3,0.2,-0.05000000000000059,-0.08000000000000015,0.01999999999999996,-0.43833333333333324,0.4333333333333338,-0.59
2005-11-01,-0.59,-1.13,-0.14,-0.272,-0.2,-0.06,-0.04,-0.05,-0.34,-0.08,0.18,0.09,0.03,-0.06,-0.436,-0.534,-0.345,1.2,0.4,-0.3,-0.23000000000000057,-0.5166666666666667,-0.006666666666666714,-0.4139999999999999,0.4666666666666672,-0.92
2005-12-01,-0.92,-1.22,-0.26,-0.3,-0.0,-0.59,-0.06,-0.04,-1.13,-0.34,-0.08,-0.14,0.09,0.03,-0.272,-0.436,-0.534,-0.2,1.2,0.4,-0.5233333333333339,-0.8966666666666668,-0.10333333333333339,-0.3359999999999999,0.33333333333333376,-0.91
2006-01-01,-0.91,-0.81,-0.5,-0.135,1.7,-0.92,-0.59,-0.06,-1.22,-1.13,-0.34,-0.26,-0.14,0.09,-0.3,-0.272,-0.436,-0.0,-0.2,1.2,-0.8066666666666672,-1.0533333333333335,-0.30000000000000004,-0.2356666666666666,0.5000000000000004,-0.67
2006-02-01,-0.67,-0.35,-0.67,-0.305,0.1,-0.91,-0.92,-0.59,-0.81,-1.22,-1.13,-0.5,-0.26,-0.14,-0.135,-0.3,-0.272,1.7,-0.0,-0.2,-0.8333333333333339,-0.7933333333333334,-0.47666666666666674,-0.2466666666666666,0.6000000000000004,-0.71
2006-03-01,-0.71,-0.55,-0.59,-0.226,1.8,-0.67,-0.91,-0.92,-0.35,-0.81,-1.22,-0.67,-0.5,-0.26,-0.305,-0.135,-0.3,0.1,1.7,-0.0,-0.763333333333334,-0.5700000000000002,-0.5866666666666668,-0.22199999999999995,1.2000000000000004,-0.32
2006-04-01,-0.32,-0.42,-0.34,-0.015,1.1,-0.71,-0.67,-0.91,-0.55,-0.35,-0.81,-0.59,-0.67,-0.5,-0.226,-0.305,-0.135,1.8,0.1,1.7,-0.5666666666666672,-0.44000000000000017,-0.5333333333333333,-0.18199999999999994,1.0000000000000007,-0.09
2006-05-01,-0.09,-0.08,-0.06,-0.207,-0.5,-0.32,-0.71,-0.67,-0.42,-0.55,-0.35,-0.34,-0.59,-0.67,-0.015,-0.226,-0.305,1.1,1.8,0.1,-0.3733333333333339,-0.35000000000000014,-0.33,-0.14933333333333326,0.8000000000000004,0.0
2006-06-01,0.0,-0.01,0.06,-0.059,-0.2,-0.09,-0.32,-0.71,-0.08,-0.42,-0.55,-0.06,-0.34,-0.59,-0.207,-0.015,-0.226,-0.5,1.1,1.8,-0.13666666666666727,-0.17000000000000015,-0.11333333333333338,-0.0936666666666666,0.1333333333333338,0.01
2006-07-01,0.01,0.01,0.2,0.04,-0.6,0.0,-0.09,-0.32,-0.01,-0.08,-0.42,0.06,-0.06,-0.34,-0.059,-0.207,-0.015,-0.2,-0.5,1.1,-0.026666666666667258,-0.026666666666666814,0.06666666666666664,-0.07533333333333325,-0.43333333333333285,0.31
2006-08-01,0.31,0.39,0.42,0.229,-1.0,0.01,0.0,-0.09,0.01,-0.01,-0.08,0.2,0.06,-0.06,0.04,-0.059,-0.207,-0.6,-0.2,-0.5,0.10666666666666608,0.12999999999999987,0.22666666666666666,0.07000000000000008,-0.5999999999999995,0.6
2006-09-01,0.6,0.83,0.63,0.428,-0.6,0.31,0.01,0.0,0.39,0.01,-0.01,0.42,0.2,0.06,0.229,0.04,-0.059,-1.0,-0.6,-0.2,0.30666666666666603,0.40999999999999986,0.4166666666666666,0.23233333333333342,-0.7333333333333328,0.7
2006-10-01,0.7,0.88,0.69,0.577,-1.3,0.6,0.31,0.01,0.83,0.39,0.01,0.63,0.42,0.2,0.428,0.229,0.04,-0.6,-1.0,-0.6,0.5366666666666661,0.6999999999999998,0.58,0.4113333333333334,-0.9666666666666662,0.99
2006-11-01,0.99,0.99,0.92,0.501,0.1,0.7,0.6,0.31,0.88,0.83,0.39,0.69,0.63,0.42,0.577,0.428,0.229,-1.3,-0.6,-1.0,0.7633333333333328,0.8999999999999998,0.7466666666666666,0.5020000000000001,-0.5999999999999995,1.14
2006-12-01,1.14,1.14,0.92,0.172,-0.3,0.99,0.7,0.6,0.99,0.88,0.83,0.92,0.69,0.63,0.501,0.577,0.428,0.1,-1.3,-0.6,0.9433333333333328,1.0033333333333332,0.8433333333333333,0.41666666666666674,-0.4999999999999995,0.7
2007-01-01,0.7,0.87,0.65,0.224,-0.8,1.14,0.99,0.7,1.14,0.99,0.88,0.92,0.92,0.69,0.172,0.501,0.577,-0.3,0.1,-1.3,0.9433333333333326,0.9999999999999999,0.83,0.2990000000000001,-0.33333333333333287,0.13
2007-02-01,0.13,0.08,0.46,0.15,-0.1,0.7,1.14,0.99,0.87,1.14,0.99,0.65,0.92,0.92,0.224,0.172,0.501,-0.8,-0.3,0.1,0.656666666666666,0.6966666666666664,0.6766666666666666,0.18200000000000008,-0.39999999999999963,-0.18
2007-03-01,-0.18,-0.4,0.34,0.116,0.2,0.13,0.7,1.14,0.08,0.87,1.14,0.46,0.65,0.92,0.15,0.224,0.172,-0.1,-0.8,-0.3,0.21666666666666604,0.18333333333333326,0.4833333333333332,0.1633333333333334,-0.23333333333333292,-0.32
2007-04-01,-0.32,-0.63,0.1,0.1,-0.1,-0.18,0.13,0.7,-0.4,0.08,0.87,0.34,0.46,0.65,0.116,0.15,0.224,0.2,-0.1,-0.8,-0.12333333333333392,-0.31666666666666676,0.29999999999999993,0.1220000000000001,4.440892098500626e-16,-0.47
2007-05-01,-0.47,-0.88,-0.08,0.27,-0.1,-0.32,-0.18,0.13,-0.63,-0.4,0.08,0.1,0.34,0.46,0.1,0.116,0.15,-0.1,0.2,-0.1,-0.3233333333333339,-0.6366666666666667,0.11999999999999994,0.1620000000000001,4.440892098500626e-16,-0.35
2007-06-01,-0.35,-0.72,-0.07,0.03,0.5,-0.47,-0.32,-0.18,-0.88,-0.63,-0.4,-0.08,0.1,0.34,0.27,0.1,0.116,-0.1,-0.1,0.2,-0.3800000000000006,-0.7433333333333335,-0.016666666666666743,0.13333333333333341,0.10000000000000044,-0.59
2007-07-01,-0.59,-0.95,-0.22,0.045,-0.3,-0.35,-0.47,-0.32,-0.72,-0.88,-0.63,-0.07,-0.08,0.1,0.03,0.27,0.1,0.5,-0.1,-0.1,-0.4700000000000006,-0.8500000000000001,-0.1233333333333334,0.11500000000000009,0.03333333333333379,-0.72
2007-08-01,-0.72,-1.18,-0.31,0.236,0.4,-0.59,-0.35,-0.47,-0.95,-0.72,-0.88,-0.22,-0.07,-0.08,0.045,0.03,0.27,-0.3,0.5,-0.1,-0.5533333333333339,-0.9500000000000001,-0.2000000000000001,0.10366666666666674,0.20000000000000048,-1.11
2007-09-01,-1.11,-1.27,-0.65,0.235,0.2,-0.72,-0.59,-0.35,-1.18,-0.95,-0.72,-0.31,-0.22,-0.07,0.236,0.045,0.03,0.4,-0.3,0.5,-0.8066666666666672,-1.1333333333333333,-0.39333333333333337,0.17200000000000007,0.10000000000000046,-1.39
2007-10-01,-1.39,-1.43,-0.85,0.068,0.7,-1.11,-0.72,-0.59,-1.27,-1.18,-0.95,-0.65,-0.31,-0.22,0.235,0.236,0.045,0.2,0.4,-0.3,-1.073333333333334,-1.2933333333333332,-0.6033333333333334,0.17966666666666672,0.4333333333333338,-1.54
2007-11-01,-1.54,-1.62,-1.09,-0.023,0.9,-1.39,-1.11,-0.72,-1.43,-1.27,-1.18,-0.85,-0.65,-0.31,0.068,0.235,0.236,0.7,0.2,0.4,-1.3466666666666673,-1.4400000000000002,-0.8633333333333334,0.0933333333333334,0.6000000000000004,-1.58
2007-12-01,-1.58,-1.66,-1.12,-0.227,1.7,-1.54,-1.39,-1.11,-1.62,-1.43,-1.27,-1.09,-0.85,-0.65,-0.023,0.068,0.235,0.9,0.7,0.2,-1.5033333333333339,-1.57,-1.0200000000000002,-0.06066666666666659,1.1000000000000005,-1.68
2008-01-01,-1.68,-1.46,-1.45,0.115,1.8,-1.58,-1.54,-1.39,-1.66,-1.62,-1.43,-1.12,-1.09,-0.85,-0.227,-0.023,0.068,1.7,0.9,0.7,-1.6000000000000008,-1.58,-1.22,-0.04499999999999993,1.466666666666667,-1.67
2008-02-01,-1.67,-1.24,-1.58,-0.072,2.6,-1.68,-1.58,-1.54,-1.46,-1.66,-1.62,-1.45,-1.12,-1.09,0.115,-0.227,-0.023,1.8,1.7,0.9,-1.6433333333333338,-1.4533333333333334,-1.3833333333333335,-0.06133333333333326,2.0333333333333337,-1.21
2008-03-01,-1.21,-0.75,-1.35,0.097,1.4,-1.67,-1.68,-1.58,-1.24,-1.46,-1.66,-1.58,-1.45,-1.12,-0.072,0.115,-0.227,2.6,1.8,1.7,-1.5200000000000007,-1.1500000000000001,-1.4600000000000002,0.046666666666666745,1.9333333333333342,-0.99
2008-04-01,-0.99,-0.46,-1.16,-0.153,0.7,-1.21,-1.67,-1.68,-0.75,-1.24,-1.46,-1.35,-1.58,-1.45,0.097,-0.072,0.115,1.4,2.6,1.8,-1.2900000000000007,-0.8166666666666668,-1.3633333333333333,-0.042666666666666596,1.566666666666667,-0.84
2008-05-01,-0.84,-0.25,-1.11,0.178,-0.1,-0.99,-1.21,-1.67,-0.46,-0.75,-1.24,-1.16,-1.35,-1.58,-0.153,0.097,-0.072,0.7,1.4,2.6,-1.0133333333333339,-0.48666666666666664,-1.2066666666666668,0.04066666666666675,0.6666666666666673,-0.68
2008-06-01,-0.68,-0.16,-1.01,0.215,0.6,-0.84,-0.99,-1.21,-0.25,-0.46,-0.75,-1.11,-1.16,-1.35,0.178,-0.153,0.097,-0.1,0.7,1.4,-0.8366666666666672,-0.29,-1.0933333333333335,0.08000000000000007,0.4000000000000006,-0.3
2008-07-01,-0.3,0.28,-0.83,0.246,0.3,-0.68,-0.84,-0.99,-0.16,-0.25,-0.46,-1.01,-1.11,-1.16,0.215,0.178,-0.153,0.6,-0.1,0.7,-0.6066666666666672,-0.043333333333333314,-0.9833333333333335,0.21300000000000008,0.2666666666666673,-0.13
2008-08-01,-0.13,0.5,-0.75,0.124,1.0,-0.3,-0.68,-0.84,0.28,-0.16,-0.25,-0.83,-1.01,-1.11,0.246,0.215,0.178,0.3,0.6,-0.1,-0.3700000000000006,0.2066666666666667,-0.8633333333333334,0.19500000000000006,0.6333333333333339,-0.25
2008-09-01,-0.25,0.3,-0.68,0.086,1.2,-0.13,-0.3,-0.68,0.5,0.28,-0.16,-0.75,-0.83,-1.01,0.124,0.246,0.215,1.0,0.3,0.6,-0.22666666666666724,0.36000000000000004,-0.7533333333333335,0.15200000000000008,0.8333333333333339,-0.35
2008-10-01,-0.35,0.09,-0.59,0.029,1.3,-0.25,-0.13,-0.3,0.3,0.5,0.28,-0.68,-0.75,-0.83,0.086,0.124,0.246,1.2,1.0,0.3,-0.24333333333333393,0.2966666666666667,-0.6733333333333335,0.07966666666666675,1.1666666666666672,-0.46
2008-11-01,-0.46,-0.12,-0.72,-0.128,1.3,-0.35,-0.25,-0.13,0.09,0.3,0.5,-0.59,-0.68,-0.75,0.029,0.086,0.124,1.3,1.2,1.0,-0.35333333333333394,0.09000000000000004,-0.6633333333333334,-0.004333333333333254,1.2666666666666673,-0.86
2008-12-01,-0.86,-0.56,-0.81,-0.053,1.4,-0.46,-0.35,-0.25,-0.12,0.09,0.3,-0.72,-0.59,-0.68,-0.128,0.029,0.086,1.3,1.3,1.2,-0.5566666666666672,-0.19666666666666663,-0.7066666666666669,-0.05066666666666658,1.333333333333334,-0.89
2009-01-01,-0.89,-0.51,-0.95,0.031,1.1,-0.86,-0.46,-0.35,-0.56,-0.12,0.09,-0.81,-0.72,-0.59,-0.053,-0.128,0.029,1.4,1.3,1.3,-0.7366666666666672,-0.39666666666666667,-0.8266666666666668,-0.04999999999999991,1.2666666666666673,-0.79
2009-02-01,-0.79,-0.57,-0.85,0.163,1.9,-0.89,-0.86,-0.46,-0.51,-0.56,-0.12,-0.95,-0.81,-0.72,0.031,-0.053,-0.128,1.1,1.4,1.3,-0.8466666666666672,-0.5466666666666666,-0.8700000000000001,0.04700000000000009,1.4666666666666675,-0.69
2009-03-01,-0.69,-0.71,-0.58,0.1,0.4,-0.79,-0.89,-0.86,-0.57,-0.51,-0.56,-0.85,-0.95,-0.81,0.163,0.031,-0.053,1.9,1.1,1.4,-0.7900000000000006,-0.5966666666666666,-0.7933333333333334,0.09800000000000009,1.133333333333334,-0.35
2009-04-01,-0.35,-0.17,-0.26,0.126,0.8,-0.69,-0.79,-0.89,-0.71,-0.57,-0.51,-0.58,-0.85,-0.95,0.1,0.163,0.031,0.4,1.9,1.1,-0.6100000000000005,-0.4833333333333332,-0.5633333333333335,0.12966666666666676,1.0333333333333339,0.06
2009-05-01,0.06,0.29,-0.01,0.256,-0.1,-0.35,-0.69,-0.79,-0.17,-0.71,-0.57,-0.26,-0.58,-0.85,0.126,0.1,0.163,0.8,0.4,1.9,-0.32666666666666727,-0.19666666666666657,-0.2833333333333335,0.16066666666666676,0.36666666666666736,0.31
2009-06-01,0.31,0.56,0.18,0.1,0.1,0.06,-0.35,-0.69,0.29,-0.17,-0.71,-0.01,-0.26,-0.58,0.256,0.126,0.1,-0.1,0.8,0.4,0.006666666666666081,0.22666666666666677,-0.030000000000000155,0.16066666666666674,0.26666666666666733,0.48
2009-07-01,0.48,0.69,0.29,-0.192,0.2,0.31,0.06,-0.35,0.56,0.29,-0.17,0.18,-0.01,-0.26,0.1,0.256,0.126,0.1,-0.1,0.8,0.2833333333333327,0.5133333333333334,0.15333333333333318,0.054666666666666745,0.06666666666666733,0.56
2009-08-01,0.56,0.8,0.44,-0.104,-0.2,0.48,0.31,0.06,0.69,0.56,0.29,0.29,0.18,-0.01,-0.192,0.1,0.256,0.2,0.1,-0.1,0.44999999999999946,0.6833333333333335,0.3033333333333332,-0.06533333333333326,0.03333333333333401,0.68
2009-09-01,0.68,0.78,0.57,-0.103,0.3,0.56,0.48,0.31,0.8,0.69,0.56,0.44,0.29,0.18,-0.104,-0.192,0.1,-0.2,0.2,0.1,0.5733333333333328,0.7566666666666668,0.4333333333333332,-0.13299999999999992,0.10000000000000066,0.89
2009-10-01,0.89,0.78,0.92,-0.013,-1.2,0.68,0.56,0.48,0.78,0.8,0.69,0.57,0.44,0.29,-0.103,-0.104,-0.192,0.3,-0.2,0.2,0.7099999999999994,0.7866666666666667,0.6433333333333332,-0.07333333333333326,-0.366666666666666,1.46
2009-11-01,1.46,1.08,1.12,-0.067,-0.6,0.89,0.68,0.56,0.78,0.78,0.8,0.92,0.57,0.44,-0.013,-0.103,-0.104,-1.2,0.3,-0.2,1.0099999999999996,0.8800000000000002,0.87,-0.06099999999999992,-0.4999999999999994,1.74
2009-12-01,1.74,1.33,1.18,0.16,-0.7,1.46,0.89,0.68,1.08,0.78,0.78,1.12,0.92,0.57,-0.067,-0.013,-0.103,-0.6,-1.2,0.3,1.3633333333333326,1.0633333333333335,1.0733333333333333,0.02666666666666674,-0.8333333333333326,1.52
2010-01-01,1.52,1.07,1.12,0.294,-1.1,1.74,1.46,0.89,1.33,1.08,0.78,1.18,1.12,0.92,0.16,-0.067,-0.013,-0.7,-0.6,-1.2,1.573333333333333,1.1600000000000001,1.14,0.1290000000000001,-0.7999999999999994,1.25
2010-02-01,1.25,0.88,0.88,0.023,-1.5,1.52,1.74,1.46,1.07,1.33,1.08,1.12,1.18,1.12,0.294,0.16,-0.067,-1.1,-0.7,-0.6,1.5033333333333327,1.0933333333333335,1.0599999999999998,0.15900000000000006,-1.0999999999999994,0.9
2010-03-01,0.9,0.55,0.75,0.458,-0.7,1.25,1.52,1.74,0.88,1.07,1.33,0.88,1.12,1.18,0.023,0.294,0.16,-1.5,-1.1,-0.7,1.2233333333333327,0.8333333333333335,0.9166666666666665,0.25833333333333336,-1.0999999999999994,0.38
2010-04-01,0.38,0.27,0.5,0.37,1.2,0.9,1.25,1.52,0.55,0.88,1.07,0.75,0.88,1.12,0.458,0.023,0.294,-0.7,-1.5,-1.1,0.8433333333333328,0.5666666666666668,0.7099999999999999,0.28366666666666673,-0.33333333333333276,-0.22
2010-05-01,-0.22,-0.17,0.1,-0.03,0.9,0.38,0.9,1.25,0.27,0.55,0.88,0.5,0.75,0.88,0.37,0.458,0.023,1.2,-0.7,-1.5,0.3533333333333328,0.21666666666666676,0.4499999999999999,0.26600000000000007,0.46666666666666723,-0.69
2010-06-01,-0.69,-0.71,-0.31,-0.14,0.4,-0.22,0.38,0.9,-0.17,0.27,0.55,0.1,0.5,0.75,-0.03,0.37,0.458,0.9,1.2,-0.7,-0.17666666666666722,-0.20333333333333325,0.09666666666666653,0.06666666666666674,0.8333333333333339,-1.07
2010-07-01,-1.07,-1.01,-0.79,-0.001,1.8,-0.69,-0.22,0.38,-0.71,-0.17,0.27,-0.31,0.1,0.5,-0.14,-0.03,0.37,0.4,0.9,1.2,-0.6600000000000006,-0.6299999999999999,-0.3333333333333335,-0.05699999999999993,1.0333333333333339,-1.39
2010-08-01,-1.39,-1.14,-1.25,-0.062,1.8,-1.07,-0.69,-0.22,-1.01,-0.71,-0.17,-0.79,-0.31,0.1,-0.001,-0.14,-0.03,1.8,0.4,0.9,-1.0500000000000005,-0.9533333333333333,-0.7833333333333335,-0.0676666666666666,1.333333333333334,-1.6
2010-09-01,-1.6,-1.29,-1.44,-0.268,2.2,-1.39,-1.07,-0.69,-1.14,-1.01,-0.71,-1.25,-0.79,-0.31,-0.062,-0.001,-0.14,1.8,1.8,0.4,-1.3533333333333342,-1.1466666666666667,-1.1600000000000001,-0.11033333333333327,1.9333333333333338,-1.69
2010-10-01,-1.69,-1.48,-1.61,-0.437,1.7,-1.6,-1.39,-1.07,-1.29,-1.14,-1.01,-1.44,-1.25,-0.79,-0.268,-0.062,-0.001,2.2,1.8,1.8,-1.5600000000000005,-1.3033333333333332,-1.4333333333333336,-0.2556666666666666,1.9000000000000006,-1.64
2010-11-01,-1.64,-1.52,-1.59,-0.495,1.3,-1.69,-1.6,-1.39,-1.48,-1.29,-1.14,-1.61,-1.44,-1.25,-0.437,-0.268,-0.062,1.7,2.2,1.8,-1.6433333333333338,-1.4299999999999997,-1.5466666666666669,-0.3999999999999999,1.733333333333334,-1.6
2010-12-01,-1.6,-1.5,-1.45,-0.212,2.9,-1.64,-1.69,-1.6,-1.52,-1.48,-1.29,-1.59,-1.61,-1.44,-0.495,-0.437,-0.268,1.3,1.7,2.2,-1.6433333333333338,-1.5,-1.55,-0.3813333333333333,1.9666666666666675,-1.54
2011-01-01,-1.54,-1.26,-1.4,0.192,2.3,-1.6,-1.64,-1.69,-1.5,-1.52,-1.48,-1.45,-1.59,-1.61,-0.212,-0.495,-0.437,2.9,1.3,1.7,-1.593333333333334,-1.4266666666666667,-1.4800000000000002,-0.1716666666666666,2.1666666666666674,-1.11
2011-02-01,-1.11,-0.77,-1.05,0.242,2.7,-1.54,-1.6,-1.64,-1.26,-1.5,-1.52,-1.4,-1.45,-1.59,0.192,-0.212,-0.495,2.3,2.9,1.3,-1.4166666666666672,-1.1766666666666665,-1.3,0.07400000000000008,2.633333333333334,-0.93
2011-03-01,-0.93,-0.73,-0.81,0.367,2.5,-1.11,-1.54,-1.6,-0.77,-1.26,-1.5,-1.05,-1.4,-1.45,0.242,0.192,-0.212,2.7,2.3,2.9,-1.193333333333334,-0.9199999999999999,-1.0866666666666667,0.26700000000000007,2.5000000000000004,-0.77
2011-04-01,-0.77,-0.33,-0.74,0.154,1.9,-0.93,-1.11,-1.54,-0.73,-0.77,-1.26,-0.81,-1.05,-1.4,0.367,0.242,0.192,2.5,2.7,2.3,-0.9366666666666673,-0.61,-0.8666666666666668,0.2543333333333334,2.3666666666666676,-0.52
2011-05-01,-0.52,-0.29,-0.57,-0.089,0.4,-0.77,-0.93,-1.11,-0.33,-0.73,-0.77,-0.74,-0.81,-1.05,0.154,0.367,0.242,1.9,2.5,2.7,-0.7400000000000007,-0.4499999999999999,-0.7066666666666669,0.14400000000000004,1.6000000000000008,-0.38
2011-06-01,-0.38,-0.12,-0.51,0.055,0.2,-0.52,-0.77,-0.93,-0.29,-0.33,-0.73,-0.57,-0.74,-0.81,-0.089,0.154,0.367,0.4,1.9,2.5,-0.5566666666666672,-0.2466666666666666,-0.6066666666666668,0.04000000000000007,0.8333333333333339,-0.43
2011-07-01,-0.43,-0.2,-0.48,0.223,1.0,-0.38,-0.52,-0.77,-0.12,-0.29,-0.33,-0.51,-0.57,-0.74,0.055,-0.089,0.154,0.2,0.4,1.9,-0.44333333333333397,-0.20333333333333325,-0.5200000000000001,0.06300000000000007,0.533333333333334,-0.65
2011-08-01,-0.65,-0.39,-0.63,0.344,0.4,-0.43,-0.38,-0.52,-0.2,-0.12,-0.29,-0.48,-0.51,-0.57,0.223,0.055,-0.089,1.0,0.2,0.4,-0.48666666666666725,-0.23666666666666658,-0.5400000000000001,0.2073333333333334,0.533333333333334,-0.8
2011-09-01,-0.8,-0.61,-0.76,0.202,1.0,-0.65,-0.43,-0.38,-0.39,-0.2,-0.12,-0.63,-0.48,-0.51,0.344,0.223,0.055,0.4,1.0,0.2,-0.6266666666666673,-0.3999999999999999,-0.6233333333333335,0.25633333333333336,0.8000000000000006,-1.05
2011-10-01,-1.05,-1.06,-0.9,0.356,0.8,-0.8,-0.65,-0.43,-0.61,-0.39,-0.2,-0.76,-0.63,-0.48,0.202,0.344,0.223,1.0,0.4,1.0,-0.8333333333333339,-0.6866666666666665,-0.7633333333333335,0.3006666666666667,0.733333333333334,-1.19
2011-11-01,-1.19,-1.12,-0.9,0.336,1.1,-1.05,-0.8,-0.65,-1.06,-0.61,-0.39,-0.9,-0.76,-0.63,0.356,0.202,0.344,0.8,1.0,0.4,-1.0133333333333339,-0.93,-0.8533333333333335,0.2980000000000001,0.9666666666666673,-1.06
2011-12-01,-1.06,-0.92,-1.01,-0.128,2.5,-1.19,-1.05,-0.8,-1.12,-1.06,-0.61,-0.9,-0.9,-0.76,0.336,0.356,0.202,1.1,0.8,1.0,-1.1000000000000008,-1.0333333333333334,-0.9366666666666669,0.18800000000000006,1.4666666666666675,-0.87
2012-01-01,-0.87,-0.57,-1.02,0.046,1.1,-1.06,-1.19,-1.05,-0.92,-1.12,-1.06,-1.01,-0.9,-0.9,-0.128,0.336,0.356,2.5,1.1,0.8,-1.0400000000000007,-0.87,-0.9766666666666669,0.08466666666666674,1.5666666666666675,-0.67
2012-02-01,-0.67,-0.19,-0.91,-0.078,0.5,-0.87,-1.06,-1.19,-0.57,-0.92,-1.12,-1.02,-1.01,-0.9,0.046,-0.128,0.336,1.1,2.5,1.1,-0.8666666666666673,-0.5599999999999999,-0.9800000000000003,-0.05333333333333326,1.3666666666666671,-0.61
2012-03-01,-0.61,-0.18,-0.77,0.026,0.7,-0.67,-0.87,-1.06,-0.19,-0.57,-0.92,-0.91,-1.02,-1.01,-0.078,0.046,-0.128,0.5,1.1,2.5,-0.7166666666666672,-0.31333333333333324,-0.9000000000000002,-0.0019999999999999267,0.7666666666666672,-0.5
2012-04-01,-0.5,-0.02,-0.59,-0.271,-0.3,-0.61,-0.67,-0.87,-0.18,-0.19,-0.57,-0.77,-0.91,-1.02,0.026,-0.078,0.046,0.7,0.5,1.1,-0.5933333333333338,-0.12999999999999992,-0.7566666666666668,-0.10766666666666659,0.30000000000000054,-0.32
2012-05-01,-0.32,0.09,-0.52,-0.37,0.0,-0.5,-0.61,-0.67,-0.02,-0.18,-0.19,-0.59,-0.77,-0.91,-0.271,0.026,-0.078,-0.3,0.7,0.5,-0.47666666666666724,-0.03666666666666659,-0.6266666666666668,-0.20499999999999993,0.13333333333333391,0.02
2012-06-01,0.02,0.44,-0.39,0.001,-0.4,-0.32,-0.5,-0.61,0.09,-0.02,-0.18,-0.52,-0.59,-0.77,-0.37,-0.271,0.026,0.0,-0.3,0.7,-0.2666666666666673,0.17000000000000007,-0.5000000000000001,-0.21333333333333326,-0.23333333333333273,0.25
2012-07-01,0.25,0.57,-0.26,0.546,-0.0,0.02,-0.32,-0.5,0.44,0.09,-0.02,-0.39,-0.52,-0.59,0.001,-0.37,-0.271,-0.4,0.0,-0.3,-0.016666666666667256,0.3666666666666667,-0.3900000000000001,0.05900000000000009,-0.13333333333333275,0.47
2012-08-01,0.47,0.52,0.08,0.652,-0.2,0.25,0.02,-0.32,0.57,0.44,0.09,-0.26,-0.39,-0.52,0.546,0.001,-0.37,-0.0,-0.4,0.0,0.24666666666666606,0.5100000000000001,-0.19000000000000017,0.3996666666666668,-0.19999999999999943,0.38
2012-09-01,0.38,0.34,0.21,0.453,0.2,0.47,0.25,0.02,0.52,0.57,0.44,0.08,-0.26,-0.39,0.652,0.546,0.001,-0.2,-0.0,-0.4,0.3666666666666661,0.47666666666666674,0.009999999999999842,0.5503333333333335,5.921189464667501e-16,0.26
2012-10-01,0.26,0.02,0.31,0.11,0.3,0.38,0.47,0.25,0.34,0.52,0.57,0.21,0.08,-0.26,0.453,0.652,0.546,0.2,-0.2,-0.0,0.3699999999999994,0.2933333333333334,0.19999999999999984,0.4050000000000001,0.10000000000000059,0.16
2012-11-01,0.16,-0.02,0.3,-0.1,0.3,0.26,0.38,0.47,0.02,0.34,0.52,0.31,0.21,0.08,0.11,0.453,0.652,0.3,0.2,-0.2,0.2666666666666661,0.11333333333333341,0.2733333333333332,0.1543333333333334,0.2666666666666673,-0.25
2012-12-01,-0.25,-0.42,0.06,0.268,-0.6,0.16,0.26,0.38,-0.02,0.02,0.34,0.3,0.31,0.21,-0.1,0.11,0.453,0.3,0.3,0.2,0.05666666666666609,-0.13999999999999993,0.2233333333333332,0.09266666666666674,5.921189464667501e-16,-0.53
2013-01-01,-0.53,-0.66,-0.08,-0.065,-0.1,-0.25,0.16,0.26,-0.42,-0.02,0.02,0.06,0.3,0.31,0.268,-0.1,0.11,-0.6,0.3,0.3,-0.20666666666666725,-0.36666666666666664,0.09333333333333317,0.03433333333333342,-0.13333333333333275,-0.52
2013-02-01,-0.52,-0.56,-0.19,0.189,-0.2,-0.53,-0.25,0.16,-0.66,-0.42,-0.02,-0.08,0.06,0.3,-0.065,0.268,-0.1,-0.1,-0.6,0.3,-0.43333333333333396,-0.5466666666666665,-0.07000000000000016,0.13066666666666674,-0.29999999999999943,-0.25
2013-03-01,-0.25,-0.12,-0.37,0.083,1.5,-0.52,-0.53,-0.25,-0.56,-0.66,-0.42,-0.19,-0.08,0.06,0.189,-0.065,0.268,-0.2,-0.1,-0.6,-0.43333333333333396,-0.4466666666666666,-0.21333333333333349,0.06900000000000008,0.4000000000000005,-0.25
2013-04-01,-0.25,-0.36,-0.27,-0.297,0.2,-0.25,-0.52,-0.53,-0.12,-0.56,-0.66,-0.37,-0.19,-0.08,0.083,0.189,-0.065,1.5,-0.2,-0.1,-0.3400000000000006,-0.3466666666666665,-0.27666666666666684,-0.008333333333333248,0.5000000000000006,-0.4
2013-05-01,-0.4,-0.82,-0.23,-0.506,0.8,-0.25,-0.25,-0.52,-0.36,-0.12,-0.56,-0.27,-0.37,-0.19,-0.297,0.083,0.189,0.2,1.5,-0.2,-0.3000000000000006,-0.4333333333333332,-0.29000000000000015,-0.2399999999999999,0.8333333333333339,-0.42
2013-06-01,-0.42,-0.89,-0.2,-0.497,1.2,-0.4,-0.25,-0.25,-0.82,-0.36,-0.12,-0.23,-0.27,-0.37,-0.506,-0.297,0.083,0.8,0.2,1.5,-0.3566666666666673,-0.69,-0.2333333333333335,-0.4333333333333333,0.7333333333333338,-0.39
2013-07-01,-0.39,-0.7,-0.24,-0.18,0.8,-0.42,-0.4,-0.25,-0.89,-0.82,-0.36,-0.2,-0.23,-0.27,-0.497,-0.506,-0.297,1.2,0.8,0.2,-0.40333333333333393,-0.8033333333333332,-0.2233333333333335,-0.39433333333333326,0.9333333333333339,-0.38
2013-08-01,-0.38,-0.65,-0.18,-0.194,0.2,-0.39,-0.42,-0.4,-0.7,-0.89,-0.82,-0.24,-0.2,-0.23,-0.18,-0.497,-0.506,0.8,1.2,0.8,-0.3966666666666672,-0.7466666666666666,-0.2066666666666668,-0.2903333333333333,0.7333333333333338,-0.18
2013-09-01,-0.18,-0.33,-0.11,-0.31,0.3,-0.38,-0.39,-0.42,-0.65,-0.7,-0.89,-0.18,-0.24,-0.2,-0.194,-0.18,-0.497,0.2,0.8,1.2,-0.31666666666666726,-0.5599999999999999,-0.17666666666666678,-0.2279999999999999,0.43333333333333385,-0.2
2013-10-01,-0.2,-0.19,-0.04,-0.168,-0.1,-0.18,-0.38,-0.39,-0.33,-0.65,-0.7,-0.11,-0.18,-0.24,-0.31,-0.194,-0.18,0.3,0.2,0.8,-0.2533333333333339,-0.3899999999999999,-0.11000000000000014,-0.22399999999999995,0.13333333333333386,-0.14
2013-11-01,-0.14,-0.2,0.04,0.199,0.7,-0.2,-0.18,-0.38,-0.19,-0.33,-0.65,-0.04,-0.11,-0.18,-0.168,-0.31,-0.194,-0.1,0.3,0.2,-0.17333333333333392,-0.2399999999999999,-0.03666666666666681,-0.09299999999999993,0.3000000000000005,-0.17
2013-12-01,-0.17,-0.13,-0.06,0.141,0.1,-0.14,-0.2,-0.18,-0.2,-0.19,-0.33,0.04,-0.04,-0.11,0.199,-0.168,-0.31,0.7,-0.1,0.3,-0.1700000000000006,-0.17333333333333323,-0.020000000000000146,0.0573333333333334,0.2333333333333338,-0.49
2014-01-01,-0.49,-0.43,-0.18,-0.101,1.4,-0.17,-0.14,-0.2,-0.13,-0.2,-0.19,-0.06,0.04,-0.04,0.141,0.199,-0.168,0.1,0.7,-0.1,-0.2666666666666673,-0.25333333333333324,-0.0666666666666668,0.07966666666666673,0.7333333333333338,-0.62
2014-02-01,-0.62,-0.79,0.07,-0.089,0.1,-0.49,-0.17,-0.14,-0.43,-0.13,-0.2,-0.18,-0.06,0.04,-0.101,0.141,0.199,1.4,0.1,0.7,-0.4266666666666672,-0.4499999999999999,-0.05666666666666681,-0.016333333333333266,0.5333333333333339,-0.28
2014-03-01,-0.28,-0.32,0.28,-0.151,-0.9,-0.62,-0.49,-0.17,-0.79,-0.43,-0.13,0.07,-0.18,-0.06,-0.089,-0.101,0.141,0.1,1.4,0.1,-0.463333333333334,-0.5133333333333333,0.05666666666666653,-0.11366666666666658,0.20000000000000048,0.08
2014-04-01,0.08,0.06,0.35,-0.058,0.8,-0.28,-0.62,-0.49,-0.32,-0.79,-0.43,0.28,0.07,-0.18,-0.151,-0.089,-0.101,-0.9,0.1,1.4,-0.2733333333333339,-0.3499999999999999,0.23333333333333317,-0.09933333333333326,5.181040781584064e-16,0.32
2014-05-01,0.32,0.38,0.53,-0.092,0.5,0.08,-0.28,-0.62,0.06,-0.32,-0.79,0.35,0.28,0.07,-0.058,-0.151,-0.089,0.8,-0.9,0.1,0.039999999999999446,0.04000000000000011,0.3866666666666665,-0.10033333333333326,0.13333333333333386,0.23
2014-06-01,0.23,0.53,0.39,-0.028,0.2,0.32,0.08,-0.28,0.38,0.06,-0.32,0.53,0.35,0.28,-0.092,-0.058,-0.151,0.5,0.8,-0.9,0.20999999999999944,0.3233333333333335,0.4233333333333332,-0.05933333333333326,0.5000000000000006,-0.06
2014-07-01,-0.06,0.31,0.14,-0.363,-0.2,0.23,0.32,0.08,0.53,0.38,0.06,0.39,0.53,0.35,-0.028,-0.092,-0.058,0.2,0.5,0.8,0.1633333333333328,0.4066666666666668,0.3533333333333332,-0.16099999999999992,0.16666666666666718,-0.03
2014-08-01,-0.03,0.18,0.25,-0.372,-0.7,-0.06,0.23,0.32,0.31,0.53,0.38,0.14,0.39,0.53,-0.363,-0.028,-0.092,-0.2,0.2,0.5,0.046666666666666114,0.34000000000000014,0.25999999999999984,-0.25433333333333324,-0.2333333333333328,0.29
2014-09-01,0.29,0.37,0.39,-0.145,-0.7,-0.03,-0.06,0.23,0.18,0.31,0.53,0.25,0.14,0.39,-0.372,-0.363,-0.028,-0.7,-0.2,0.2,0.06666666666666611,0.2866666666666668,0.25999999999999984,-0.2933333333333333,-0.5333333333333328,0.44
2014-10-01,0.44,0.58,0.48,0.141,-0.6,0.29,-0.03,-0.06,0.37,0.18,0.31,0.39,0.25,0.14,-0.145,-0.372,-0.363,-0.7,-0.7,-0.2,0.2333333333333328,0.37666666666666676,0.37333333333333324,-0.12533333333333327,-0.6666666666666661,0.75
2014-11-01,0.75,0.77,0.73,0.01,-0.9,0.44,0.29,-0.03,0.58,0.37,0.18,0.48,0.39,0.25,0.141,-0.145,-0.372,-0.6,-0.7,-0.7,0.4933333333333328,0.5733333333333335,0.5333333333333332,0.002000000000000073,-0.7333333333333328,0.71
2014-12-01,0.71,0.68,0.76,0.046,-0.6,0.75,0.44,0.29,0.77,0.58,0.37,0.73,0.48,0.39,0.01,0.141,-0.145,-0.9,-0.6,-0.7,0.6333333333333327,0.6766666666666669,0.6566666666666664,0.06566666666666675,-0.6999999999999994,0.51
2015-01-01,0.51,0.35,0.75,-0.1,-0.8,0.71,0.75,0.44,0.68,0.77,0.58,0.76,0.73,0.48,0.046,0.01,0.141,-0.6,-0.9,-0.6,0.6566666666666662,0.6000000000000002,0.7466666666666665,-0.014666666666666592,-0.7666666666666662,0.42
2015-02-01,0.42,0.05,0.87,-0.345,0.2,0.51,0.71,0.75,0.35,0.68,0.77,0.75,0.76,0.73,-0.1,0.046,0.01,-0.8,-0.6,-0.9,0.5466666666666661,0.36000000000000015,0.7933333333333331,-0.13299999999999992,-0.39999999999999947,0.47
2015-03-01,0.47,0.1,0.9,-0.241,-0.7,0.42,0.51,0.71,0.05,0.35,0.68,0.87,0.75,0.76,-0.345,-0.1,0.046,0.2,-0.8,-0.6,0.4666666666666661,0.16666666666666682,0.8399999999999999,-0.22866666666666657,-0.43333333333333285,0.7
2015-04-01,0.7,0.63,0.98,-0.008,-0.0,0.47,0.42,0.51,0.1,0.05,0.35,0.9,0.87,0.75,-0.241,-0.345,-0.1,-0.7,0.2,-0.8,0.5299999999999995,0.2600000000000002,0.9166666666666665,-0.19799999999999993,-0.1666666666666661,0.92
2015-05-01,0.92,0.94,0.94,0.24,-0.7,0.7,0.47,0.42,0.63,0.1,0.05,0.98,0.9,0.87,-0.008,-0.241,-0.345,-0.0,-0.7,0.2,0.6966666666666662,0.5566666666666668,0.9399999999999998,-0.0029999999999999285,-0.4666666666666661,1.18
2015-06-01,1.18,1.45,0.92,0.296,-0.6,0.92,0.7,0.47,0.94,0.63,0.1,0.94,0.98,0.9,0.24,-0.008,-0.241,-0.7,-0.0,-0.7,0.9333333333333327,1.0066666666666668,0.9466666666666667,0.17600000000000007,-0.43333333333333285,1.46
2015-07-01,1.46,1.85,0.88,0.225,-1.1,1.18,0.92,0.7,1.45,0.94,0.63,0.92,0.94,0.98,0.296,0.24,-0.008,-0.6,-0.7,-0.0,1.1866666666666659,1.4133333333333333,0.9133333333333332,0.25366666666666676,-0.7999999999999995,1.93
2015-08-01,1.93,2.09,0.99,0.567,-1.4,1.46,1.18,0.92,1.85,1.45,0.94,0.88,0.92,0.94,0.225,0.296,0.24,-1.1,-0.6,-0.7,1.5233333333333328,1.7966666666666669,0.9299999999999998,0.3626666666666667,-1.033333333333333,2.21
2015-09-01,2.21,2.5,1.06,0.294,-1.6,1.93,1.46,1.18,2.09,1.85,1.45,0.99,0.88,0.92,0.567,0.225,0.296,-1.4,-1.1,-0.6,1.866666666666666,2.146666666666667,0.9766666666666666,0.36200000000000004,-1.3666666666666663,2.36
2015-10-01,2.36,2.62,1.08,0.483,-1.7,2.21,1.93,1.46,2.5,2.09,1.85,1.06,0.99,0.88,0.294,0.567,0.225,-1.6,-1.4,-1.1,2.166666666666666,2.4033333333333333,1.0433333333333332,0.448,-1.5666666666666662,2.72
2015-11-01,2.72,2.84,1.44,0.347,-0.5,2.36,2.21,1.93,2.62,2.5,2.09,1.08,1.06,0.99,0.483,0.294,0.567,-1.7,-1.6,-1.4,2.4299999999999997,2.6533333333333338,1.1933333333333331,0.3746666666666667,-1.2666666666666662,2.66
2015-12-01,2.66,2.84,1.37,0.272,-0.6,2.72,2.36,2.21,2.84,2.62,2.5,1.44,1.08,1.06,0.347,0.483,0.294,-0.5,-1.7,-1.6,2.5799999999999996,2.766666666666667,1.2966666666666666,0.36733333333333335,-0.9333333333333328,2.57
2016-01-01,2.57,2.59,1.22,0.266,-2.2,2.66,2.72,2.36,2.84,2.84,2.62,1.37,1.44,1.08,0.272,0.347,0.483,-0.6,-0.5,-1.7,2.65,2.7566666666666664,1.343333333333333,0.2950000000000001,-1.0999999999999996,2.26
2016-02-01,2.26,1.97,1.22,-0.11,-2.0,2.57,2.66,2.72,2.59,2.84,2.84,1.22,1.37,1.44,0.266,0.272,0.347,-2.2,-0.6,-0.5,2.496666666666666,2.4666666666666663,1.2699999999999998,0.14266666666666677,-1.5999999999999996,1.62
2016-03-01,1.62,1.53,1.07,-0.009,-0.1,2.26,2.57,2.66,1.97,2.59,2.84,1.22,1.22,1.37,-0.11,0.266,0.272,-2.0,-2.2,-0.6,2.1499999999999995,2.0300000000000002,1.1699999999999997,0.04900000000000008,-1.433333333333333,0.91
2016-04-01,0.91,0.62,0.74,0.146,-1.2,1.62,2.26,2.57,1.53,1.97,2.59,1.07,1.22,1.22,-0.009,-0.11,0.266,-0.1,-2.0,-2.2,1.596666666666666,1.3733333333333333,1.0099999999999998,0.009000000000000072,-1.0999999999999996,0.3
2016-05-01,0.3,-0.03,0.53,-0.113,0.4,0.91,1.62,2.26,0.62,1.53,1.97,0.74,1.07,1.22,0.146,-0.009,-0.11,-1.2,-0.1,-2.0,0.9433333333333329,0.7066666666666669,0.7799999999999998,0.008000000000000076,-0.29999999999999954,-0.03
2016-06-01,-0.03,-0.14,0.39,-0.443,0.6,0.3,0.91,1.62,-0.03,0.62,1.53,0.53,0.74,1.07,-0.113,0.146,-0.009,0.4,-1.2,-0.1,0.39333333333333287,0.15000000000000013,0.5533333333333331,-0.1366666666666666,-0.06666666666666625,-0.48
2016-07-01,-0.48,-0.61,0.15,-0.758,0.4,-0.03,0.3,0.91,-0.14,-0.03,0.62,0.39,0.53,0.74,-0.443,-0.113,0.146,0.6,0.4,-1.2,-0.07000000000000044,-0.25999999999999984,0.35666666666666647,-0.43799999999999994,0.46666666666666706,-0.58
2016-08-01,-0.58,-0.53,-0.06,-0.444,0.7,-0.48,-0.03,0.3,-0.61,-0.14,-0.03,0.15,0.39,0.53,-0.758,-0.443,-0.113,0.4,0.6,0.4,-0.36333333333333373,-0.4266666666666665,0.15999999999999978,-0.5483333333333332,0.566666666666667,-0.58
2016-09-01,-0.58,-0.26,-0.25,-0.437,1.2,-0.58,-0.48,-0.03,-0.53,-0.61,-0.14,-0.06,0.15,0.39,-0.444,-0.758,-0.443,0.7,0.4,0.6,-0.5466666666666671,-0.46666666666666656,-0.05333333333333356,-0.5463333333333332,0.7666666666666669,-0.74
2016-10-01,-0.74,-0.56,-0.44,-0.372,-0.3,-0.58,-0.58,-0.48,-0.26,-0.53,-0.61,-0.25,-0.06,0.15,-0.437,-0.444,-0.758,1.2,0.7,0.4,-0.6333333333333337,-0.4499999999999999,-0.2500000000000002,-0.4176666666666666,0.5333333333333337,-0.76
2016-11-01,-0.76,-0.62,-0.46,-0.382,-0.1,-0.74,-0.58,-0.58,-0.56,-0.26,-0.53,-0.44,-0.25,-0.06,-0.372,-0.437,-0.444,-0.3,1.2,0.7,-0.6933333333333337,-0.4799999999999998,-0.3833333333333335,-0.39699999999999996,0.266666666666667,-0.5
2016-12-01,-0.5,-0.47,-0.19,-0.31,0.3,-0.76,-0.74,-0.58,-0.62,-0.56,-0.26,-0.46,-0.44,-0.25,-0.382,-0.372,-0.437,-0.1,-0.3,1.2,-0.6666666666666671,-0.5499999999999998,-0.36333333333333356,-0.35466666666666663,-0.03333333333333299,-0.43
2017-01-01,-0.43,-0.08,-0.16,-0.086,0.2,-0.5,-0.76,-0.74,-0.47,-0.62,-0.56,-0.19,-0.46,-0.44,-0.31,-0.382,-0.372,0.3,-0.1,-0.3,-0.5633333333333338,-0.38999999999999985,-0.27000000000000024,-0.25933333333333325,0.13333333333333366,-0.08
2017-02-01,-0.08,0.42,-0.09,0.101,-0.1,-0.43,-0.5,-0.76,-0.08,-0.47,-0.62,-0.16,-0.19,-0.46,-0.086,-0.31,-0.382,0.2,0.3,-0.1,-0.3366666666666671,-0.04333333333333319,-0.1466666666666669,-0.09833333333333326,0.13333333333333366,0.03
2017-03-01,0.03,0.35,-0.03,0.357,0.9,-0.08,-0.43,-0.5,0.42,-0.08,-0.47,-0.09,-0.16,-0.19,0.101,-0.086,-0.31,-0.1,0.2,0.3,-0.16000000000000045,0.23000000000000012,-0.09333333333333356,0.12400000000000007,0.3333333333333337,0.22
2017-04-01,0.22,0.45,0.06,0.499,-0.2,0.03,-0.08,-0.43,0.35,0.42,-0.08,-0.03,-0.09,-0.16,0.357,0.101,-0.086,0.9,-0.1,0.2,0.05666666666666622,0.4066666666666668,-0.020000000000000222,0.31900000000000006,0.2000000000000004,0.37
2017-05-01,0.37,0.29,0.19,0.536,0.3,0.22,0.03,-0.08,0.45,0.35,0.42,0.06,-0.03,-0.09,0.499,0.357,0.101,-0.2,0.9,-0.1,0.20666666666666622,0.36333333333333345,0.07333333333333311,0.46400000000000013,0.3333333333333337,0.34
2017-06-01,0.34,0.06,0.32,0.424,-0.4,0.37,0.22,0.03,0.29,0.45,0.35,0.19,0.06,-0.03,0.536,0.499,0.357,0.3,-0.2,0.9,0.30999999999999955,0.26666666666666683,0.1899999999999998,0.48633333333333345,-0.09999999999999964,0.25
2017-07-01,0.25,0.04,0.26,0.52,0.8,0.34,0.37,0.22,0.06,0.29,0.45,0.32,0.19,0.06,0.424,0.536,0.499,-0.4,0.3,-0.2,0.31999999999999956,0.13000000000000014,0.25666666666666643,0.49333333333333346,0.2333333333333337,-0.16
2017-08-01,-0.16,-0.25,0.08,0.349,0.5,0.25,0.34,0.37,0.04,0.06,0.29,0.26,0.32,0.19,0.52,0.424,0.536,0.8,-0.4,0.3,0.1433333333333329,-0.04999999999999985,0.21999999999999978,0.43100000000000005,0.3000000000000003,-0.43
2017-09-01,-0.43,-0.72,-0.04,0.034,0.6,-0.16,0.25,0.34,-0.25,0.04,0.06,0.08,0.26,0.32,0.349,0.52,0.424,0.5,0.8,-0.4,-0.11333333333333379,-0.30999999999999983,0.09999999999999977,0.3010000000000001,0.6333333333333337,-0.56
2017-10-01,-0.56,-0.72,-0.2,0.016,0.9,-0.43,-0.16,0.25,-0.72,-0.25,0.04,-0.04,0.08,0.26,0.034,0.349,0.52,0.6,0.5,0.8,-0.3833333333333338,-0.5633333333333331,-0.05333333333333356,0.1330000000000001,0.666666666666667,-0.97
2017-11-01,-0.97,-1.08,-0.4,0.289,0.9,-0.56,-0.43,-0.16,-0.72,-0.72,-0.25,-0.2,-0.04,0.08,0.016,0.034,0.349,0.9,0.6,0.5,-0.6533333333333338,-0.8399999999999999,-0.21333333333333357,0.1130000000000001,0.8000000000000004,-0.98
2017-12-01,-0.98,-1.22,-0.52,0.109,-0.1,-0.97,-0.56,-0.43,-1.08,-0.72,-0.72,-0.4,-0.2,-0.04,0.289,0.016,0.034,0.9,0.9,0.6,-0.836666666666667,-1.0066666666666666,-0.3733333333333335,0.1380000000000001,0.566666666666667,-0.98
2018-01-01,-0.98,-1.18,-0.44,-0.2,1.1,-0.98,-0.97,-0.56,-1.22,-1.08,-0.72,-0.52,-0.4,-0.2,0.109,0.289,0.016,-0.1,0.9,0.9,-0.976666666666667,-1.16,-0.4533333333333336,0.0660000000000001,0.6333333333333337,-0.78
2018-02-01,-0.78,-0.9,-0.35,0.215,-0.5,-0.98,-0.98,-0.97,-1.18,-1.22,-1.08,-0.44,-0.52,-0.4,-0.2,0.109,0.289,1.1,-0.1,0.9,-0.9133333333333339,-1.0999999999999999,-0.4366666666666669,0.04133333333333344,0.1666666666666671,-0.8
2018-03-01,-0.8,-0.93,-0.22,-0.12,1.5,-0.78,-0.98,-0.98,-0.9,-1.18,-1.22,-0.35,-0.44,-0.52,0.215,-0.2,0.109,-0.5,1.1,-0.1,-0.8533333333333338,-1.0033333333333332,-0.3366666666666669,-0.0349999999999999,0.7000000000000005,-0.51
2018-04-01,-0.51,-0.62,0.02,-0.083,0.5,-0.8,-0.78,-0.98,-0.93,-0.9,-1.18,-0.22,-0.35,-0.44,-0.12,0.215,-0.2,1.5,-0.5,1.1,-0.6966666666666672,-0.8166666666666665,-0.18333333333333357,0.004000000000000105,0.5000000000000003,-0.2
2018-05-01,-0.2,-0.33,0.16,0.122,0.4,-0.51,-0.8,-0.78,-0.62,-0.93,-0.9,0.02,-0.22,-0.35,-0.083,-0.12,0.215,0.5,1.5,-0.5,-0.5033333333333337,-0.6266666666666666,-0.013333333333333558,-0.026999999999999896,0.8000000000000003,0.04
2018-06-01,0.04,0.01,0.24,0.155,-0.1,-0.2,-0.51,-0.8,-0.33,-0.62,-0.93,0.16,0.02,-0.22,0.122,-0.083,-0.12,0.4,0.5,1.5,-0.2233333333333338,-0.3133333333333332,0.13999999999999976,0.06466666666666677,0.26666666666666705,0.12
2018-07-01,0.12,0.11,0.23,0.053,0.2,0.04,-0.2,-0.51,0.01,-0.33,-0.62,0.24,0.16,0.02,0.155,0.122,-0.083,-0.1,0.4,0.5,-0.01333333333333378,-0.06999999999999985,0.20999999999999977,0.1100000000000001,0.16666666666666705,0.09
2018-08-01,0.09,-0.06,0.45,0.122,-0.3,0.12,0.04,-0.2,0.11,0.01,-0.33,0.23,0.24,0.16,0.053,0.155,0.122,0.2,-0.1,0.4,0.08333333333333288,0.020000000000000146,0.3066666666666664,0.1100000000000001,-0.06666666666666628,0.47
2018-09-01,0.47,0.35,0.58,0.604,-0.9,0.09,0.12,0.04,-0.06,0.11,0.01,0.45,0.23,0.24,0.122,0.053,0.155,-0.3,0.2,-0.1,0.2266666666666662,0.13333333333333347,0.41999999999999976,0.25966666666666677,-0.333333333333333,0.9
2018-10-01,0.9,0.75,0.95,0.685,0.4,0.47,0.09,0.12,0.35,-0.06,0.11,0.58,0.45,0.23,0.604,0.122,0.053,-0.9,-0.3,0.2,0.4866666666666662,0.34666666666666685,0.6599999999999998,0.47033333333333344,-0.2666666666666663,0.9
2018-11-01,0.9,0.9,0.92,0.5,-0.1,0.9,0.47,0.09,0.75,0.35,-0.06,0.95,0.58,0.45,0.685,0.604,0.122,0.4,-0.9,-0.3,0.7566666666666663,0.6666666666666669,0.8166666666666664,0.5963333333333335,-0.19999999999999962,0.89
2018-12-01,0.89,0.92,0.91,0.309,1.0,0.9,0.9,0.47,0.9,0.75,0.35,0.92,0.95,0.58,0.5,0.685,0.604,-0.1,0.4,-0.9,0.8966666666666662,0.8566666666666668,0.9266666666666664,0.49800000000000005,0.43333333333333374,0.65
2019-01-01,0.65,0.6,0.76,0.387,-0.0,0.89,0.9,0.9,0.92,0.9,0.75,0.91,0.92,0.95,0.309,0.5,0.685,1.0,-0.1,0.4,0.8133333333333329,0.8066666666666668,0.8633333333333332,0.3986666666666667,0.3000000000000004,0.71
2019-02-01,0.71,0.59,0.71,0.416,-1.4,0.65,0.89,0.9,0.6,0.92,0.9,0.76,0.91,0.92,0.387,0.309,0.5,-0.0,1.0,-0.1,0.7499999999999996,0.7033333333333335,0.7933333333333331,0.3706666666666667,-0.13333333333333294,0.81
2019-03-01,0.81,0.64,0.64,0.224,-0.3,0.71,0.65,0.89,0.59,0.6,0.92,0.71,0.76,0.91,0.416,0.387,0.309,-1.4,-0.0,1.0,0.7233333333333328,0.6100000000000002,0.7033333333333331,0.34233333333333343,-0.5666666666666663,0.62
2019-04-01,0.62,0.55,0.52,0.258,0.1,0.81,0.71,0.65,0.64,0.59,0.6,0.64,0.71,0.76,0.224,0.416,0.387,-0.3,-1.4,-0.0,0.7133333333333329,0.5933333333333334,0.6233333333333331,0.2993333333333334,-0.5333333333333329,0.55
2019-05-01,0.55,0.5,0.54,0.539,-0.4,0.62,0.81,0.71,0.55,0.64,0.59,0.52,0.64,0.71,0.258,0.224,0.416,0.1,-0.3,-1.4,0.6599999999999996,0.5633333333333335,0.5666666666666664,0.34033333333333343,-0.19999999999999962,0.45
2019-06-01,0.45,0.2,0.61,0.605,-0.5,0.55,0.62,0.81,0.5,0.55,0.64,0.54,0.52,0.64,0.539,0.258,0.224,-0.4,0.1,-0.3,0.5399999999999995,0.4166666666666668,0.5566666666666664,0.4673333333333334,-0.26666666666666633,0.35
2019-07-01,0.35,-0.1,0.76,0.597,-0.4,0.45,0.55,0.62,0.2,0.5,0.55,0.61,0.54,0.52,0.605,0.539,0.258,-0.5,-0.4,0.1,0.44999999999999957,0.20000000000000015,0.6366666666666665,0.5803333333333334,-0.43333333333333296,0.04
2019-08-01,0.04,-0.32,0.65,0.436,-0.1,0.35,0.45,0.55,-0.1,0.2,0.5,0.76,0.61,0.54,0.597,0.605,0.539,-0.4,-0.5,-0.4,0.2799999999999995,-0.07333333333333318,0.673333333333333,0.546,-0.333333333333333,0.03
2019-09-01,0.03,-0.27,0.58,0.893,-1.2,0.04,0.35,0.45,-0.32,-0.1,0.2,0.65,0.76,0.61,0.436,0.597,0.605,-0.1,-0.4,-0.5,0.13999999999999954,-0.22999999999999984,0.6633333333333331,0.6420000000000001,-0.5666666666666663,0.48
2019-10-01,0.48,0.16,0.75,0.964,-0.4,0.03,0.04,0.35,-0.27,-0.32,-0.1,0.58,0.65,0.76,0.893,0.436,0.597,-1.2,-0.1,-0.4,0.1833333333333329,-0.1433333333333332,0.6599999999999998,0.7643333333333334,-0.5666666666666663,0.52
2019-11-01,0.52,0.33,0.76,0.835,-0.8,0.48,0.03,0.04,0.16,-0.27,-0.32,0.75,0.58,0.65,0.964,0.893,0.436,-0.4,-1.2,-0.1,0.3433333333333329,0.07333333333333351,0.6966666666666663,0.8973333333333334,-0.7999999999999997,0.52
2019-12-01,0.52,0.24,0.87,0.243,-0.6,0.52,0.48,0.03,0.33,0.16,-0.27,0.76,0.75,0.58,0.835,0.964,0.893,-0.8,-0.4,-1.2,0.5066666666666663,0.2433333333333335,0.7933333333333331,0.6806666666666668,-0.5999999999999996,0.6
2020-01-01,0.6,0.22,0.85,0.173,0.2,0.52,0.52,0.48,0.24,0.33,0.16,0.87,0.76,0.75,0.243,0.835,0.964,-0.6,-0.8,-0.4,0.5466666666666663,0.2633333333333335,0.8266666666666665,0.41700000000000004,-0.3999999999999997,0.37
2020-02-01,0.37,0.1,0.78,0.054,-0.1,0.6,0.52,0.52,0.22,0.24,0.33,0.85,0.87,0.76,0.173,0.243,0.835,0.2,-0.6,-0.8,0.4966666666666663,0.18666666666666684,0.833333333333333,0.15666666666666673,-0.1666666666666663,0.48
2020-03-01,0.48,0.2,0.75,0.019,-0.1,0.37,0.6,0.52,0.1,0.22,0.24,0.78,0.85,0.87,0.054,0.173,0.243,-0.1,0.2,-0.6,0.48333333333333295,0.17333333333333353,0.793333333333333,0.08200000000000007,3.7007434154171886e-16,0.36
2020-04-01,0.36,0.27,0.52,-0.011,0.2,0.48,0.37,0.6,0.2,0.1,0.22,0.75,0.78,0.85,0.019,0.054,0.173,-0.1,-0.1,0.2,0.4033333333333329,0.1900000000000002,0.6833333333333331,0.02066666666666674,3.7007434154171886e-16,-0.27
2020-05-01,-0.27,-0.33,0.09,0.298,0.4,0.36,0.48,0.37,0.27,0.2,0.1,0.52,0.75,0.78,-0.011,0.019,0.054,0.2,-0.1,-0.1,0.18999999999999959,0.046666666666666856,0.45333333333333314,0.10200000000000008,0.16666666666666705,-0.34
2020-06-01,-0.34,-0.69,0.12,0.454,-0.4,-0.27,0.36,0.48,-0.33,0.27,0.2,0.09,0.52,0.75,0.298,-0.011,0.019,0.4,0.2,-0.1,-0.08333333333333376,-0.24999999999999978,0.2433333333333331,0.24700000000000008,0.06666666666666703,-0.3
2020-07-01,-0.3,-0.59,-0.01,0.32,0.4,-0.34,-0.27,0.36,-0.69,-0.33,0.27,0.12,0.09,0.52,0.454,0.298,-0.011,-0.4,0.4,0.2,-0.30333333333333373,-0.5366666666666665,0.06666666666666644,0.35733333333333345,0.13333333333333372,-0.59
2020-08-01,-0.59,-0.61,-0.31,-0.183,1.1,-0.3,-0.34,-0.27,-0.59,-0.69,-0.33,-0.01,0.12,0.09,0.32,0.454,0.298,0.4,-0.4,0.4,-0.41000000000000036,-0.6299999999999998,-0.06666666666666689,0.19700000000000006,0.3666666666666671,-0.83
2020-09-01,-0.83,-0.99,-0.55,-0.19,0.9,-0.59,-0.3,-0.34,-0.61,-0.59,-0.69,-0.31,-0.01,0.12,-0.183,0.32,0.454,1.1,0.4,-0.4,-0.5733333333333337,-0.7299999999999999,-0.29000000000000026,-0.01766666666666659,0.8000000000000004,-1.26
2020-10-01,-1.26,-1.1,-0.8,0.074,0.5,-0.83,-0.59,-0.3,-0.99,-0.61,-0.59,-0.55,-0.31,-0.01,-0.19,-0.183,0.32,0.9,1.1,0.4,-0.8933333333333336,-0.8999999999999998,-0.5533333333333336,-0.09966666666666658,0.8333333333333336,-1.42
2020-11-01,-1.42,-1.21,-0.9,0.02,0.7,-1.26,-0.83,-0.59,-1.1,-0.99,-0.61,-0.8,-0.55,-0.31,0.074,-0.19,-0.183,0.5,0.9,1.1,-1.1700000000000004,-1.0999999999999996,-0.7500000000000003,-0.031999999999999924,0.7000000000000003,-1.15
2020-12-01,-1.15,-0.82,-1.0,0.03,1.8,-1.42,-1.26,-0.83,-1.21,-1.1,-0.99,-0.9,-0.8,-0.55,0.02,0.074,-0.19,0.7,0.5,0.9,-1.276666666666667,-1.0433333333333332,-0.9000000000000002,0.04133333333333341,1.0000000000000004,-1.0
2021-01-01,-1.0,-0.62,-1.05,0.051,1.9,-1.15,-1.42,-1.26,-0.82,-1.21,-1.1,-1.0,-0.9,-0.8,0.03,0.02,0.074,1.8,0.7,0.5,-1.1900000000000004,-0.8833333333333332,-0.9833333333333337,0.03366666666666674,1.466666666666667,-1.0
2021-02-01,-1.0,-0.73,-0.96,0.243,1.5,-1.0,-1.15,-1.42,-0.62,-0.82,-1.21,-1.05,-1.0,-0.9,0.051,0.03,0.02,1.9,1.8,0.7,-1.0500000000000005,-0.723333333333333,-1.0033333333333336,0.10800000000000005,1.7333333333333336,-0.8
2021-03-01,-0.8,-0.69,-0.65,0.266,0.4,-1.0,-1.0,-1.15,-0.73,-0.62,-0.82,-0.96,-1.05,-1.0,0.243,0.051,0.03,1.5,1.9,1.8,-0.9333333333333339,-0.6799999999999997,-0.886666666666667,0.18666666666666676,1.266666666666667,-0.72
2021-04-01,-0.72,-0.79,-0.43,0.25,0.3,-0.8,-1.0,-1.0,-0.69,-0.73,-0.62,-0.65,-0.96,-1.05,0.266,0.243,0.051,0.4,1.5,1.9,-0.8400000000000004,-0.7366666666666664,-0.6800000000000003,0.25300000000000006,0.7333333333333338,-0.46
2021-05-01,-0.46,-0.56,-0.21,0.009,0.5,-0.72,-0.8,-1.0,-0.79,-0.69,-0.73,-0.43,-0.65,-0.96,0.25,0.266,0.243,0.3,0.4,1.5,-0.6600000000000005,-0.6799999999999997,-0.4300000000000003,0.17500000000000004,0.4000000000000004,-0.28
2021-06-01,-0.28,-0.32,-0.14,-0.002,0.4,-0.46,-0.72,-0.8,-0.56,-0.79,-0.69,-0.21,-0.43,-0.65,0.009,0.25,0.266,0.5,0.3,0.4,-0.4866666666666671,-0.5566666666666665,-0.2600000000000003,0.08566666666666672,0.4000000000000004,-0.39
2021-07-01,-0.39,-0.32,-0.23,-0.228,1.4,-0.28,-0.46,-0.72,-0.32,-0.56,-0.79,-0.14,-0.21,-0.43,-0.002,0.009,0.25,0.4,0.5,0.3,-0.37666666666666715,-0.39999999999999974,-0.19333333333333366,-0.07366666666666662,0.766666666666667,-0.53
2021-08-01,-0.53,-0.45,-0.28,-0.099,0.6,-0.39,-0.28,-0.46,-0.32,-0.32,-0.56,-0.23,-0.14,-0.21,-0.228,-0.002,0.009,1.4,0.4,0.5,-0.4000000000000005,-0.3633333333333331,-0.216666666666667,-0.10966666666666662,0.8000000000000004,-0.55
2021-09-01,-0.55,-0.43,-0.54,-0.058,0.8,-0.53,-0.39,-0.28,-0.45,-0.32,-0.32,-0.28,-0.23,-0.14,-0.099,-0.228,-0.002,0.6,1.4,0.4,-0.4900000000000005,-0.39999999999999974,-0.35000000000000037,-0.12833333333333327,0.9333333333333337,-0.94
2021-10-01,-0.94,-0.78,-0.73,-0.091,0.7,-0.55,-0.53,-0.39,-0.43,-0.45,-0.32,-0.54,-0.28,-0.23,-0.058,-0.099,-0.228,0.8,0.6,1.4,-0.6733333333333338,-0.5533333333333331,-0.516666666666667,-0.08266666666666661,0.7000000000000005,-0.94
2021-11-01,-0.94,-1.03,-0.68,0.069,1.0,-0.94,-0.55,-0.53,-0.78,-0.43,-0.45,-0.73,-0.54,-0.28,-0.091,-0.058,-0.099,0.7,0.8,0.6,-0.8100000000000005,-0.7466666666666665,-0.6500000000000004,-0.026666666666666606,0.8333333333333338,-1.06
2021-12-01,-1.06,-1.27,-0.74,-0.12,1.5,-0.94,-0.94,-0.55,-1.03,-0.78,-0.43,-0.68,-0.73,-0.54,0.069,-0.091,-0.058,1.0,0.7,0.8,-0.9800000000000004,-1.0266666666666664,-0.7166666666666671,-0.047333333333333276,1.066666666666667,-0.94
2022-01-01,-0.94,-1.31,-0.37,-0.056,0.5,-1.06,-0.94,-0.94,-1.27,-1.03,-0.78,-0.74,-0.68,-0.73,-0.12,0.069,-0.091,1.5,1.0,0.7,-0.9800000000000004,-1.2033333333333331,-0.596666666666667,-0.035666666666666604,1.0000000000000004,-0.89
2022-02-01,-0.89,-1.14,-0.37,-0.083,1.1,-0.94,-1.06,-0.94,-1.31,-1.27,-1.03,-0.37,-0.74,-0.68,-0.056,-0.12,0.069,0.5,1.5,1.0,-0.9633333333333338,-1.2399999999999998,-0.4933333333333336,-0.08633333333333328,1.0333333333333339,-0.97
2022-03-01,-0.97,-0.73,-0.69,-0.093,1.8,-0.89,-0.94,-1.06,-1.14,-1.31,-1.27,-0.37,-0.37,-0.74,-0.083,-0.056,-0.12,1.1,0.5,1.5,-0.9333333333333337,-1.0599999999999998,-0.476666666666667,-0.07733333333333328,1.1333333333333337,-1.11
2022-04-01,-1.11,-0.92,-0.83,-0.068,1.7,-0.97,-0.89,-0.94,-0.73,-1.14,-1.31,-0.69,-0.37,-0.37,-0.093,-0.083,-0.056,1.8,1.1,0.5,-0.9900000000000005,-0.9299999999999997,-0.6300000000000002,-0.08133333333333329,1.5333333333333339,-1.11
2022-05-01,-1.11,-1.05,-0.8,-0.122,1.4,-1.11,-0.97,-0.89,-0.92,-0.73,-1.14,-0.83,-0.69,-0.37,-0.068,-0.093,-0.083,1.7,1.8,1.1,-1.0633333333333337,-0.8999999999999998,-0.7733333333333338,-0.09433333333333327,1.6333333333333337,-0.75
2022-06-01,-0.75,-0.81,-0.7,-0.335,1.7,-1.11,-1.11,-0.97,-1.05,-0.92,-0.73,-0.8,-0.83,-0.69,-0.122,-0.068,-0.093,1.4,1.7,1.8,-0.9900000000000005,-0.9266666666666664,-0.776666666666667,-0.17499999999999996,1.6000000000000005,-0.69
2022-07-01,-0.69,-0.53,-0.98,-0.195,0.8,-0.75,-1.11,-1.11,-0.81,-1.05,-0.92,-0.7,-0.8,-0.83,-0.335,-0.122,-0.068,1.7,1.4,1.7,-0.8500000000000005,-0.7966666666666665,-0.826666666666667,-0.2173333333333333,1.3000000000000005,-0.97
2022-08-01,-0.97,-0.67,-1.09,-0.246,1.0,-0.69,-0.75,-1.11,-0.53,-0.81,-1.05,-0.98,-0.7,-0.8,-0.195,-0.335,-0.122,0.8,1.7,1.4,-0.8033333333333337,-0.6699999999999998,-0.9233333333333338,-0.25866666666666666,1.1666666666666672,-1.07
2022-09-01,-1.07,-0.96,-1.17,-0.322,1.6,-0.97,-0.69,-0.75,-0.67,-0.53,-0.81,-1.09,-0.98,-0.7,-0.246,-0.195,-0.335,1.0,0.8,1.7,-0.9100000000000005,-0.7199999999999998,-1.0800000000000003,-0.2543333333333333,1.1333333333333337,-0.99
2022-10-01,-0.99,-1.11,-1.12,-0.691,1.7,-1.07,-0.97,-0.69,-0.96,-0.67,-0.53,-1.17,-1.09,-0.98,-0.322,-0.246,-0.195,1.6,1.0,0.8,-1.0100000000000005,-0.9133333333333331,-1.126666666666667,-0.41966666666666663,1.4333333333333338,-0.9
2022-11-01,-0.9,-0.94,-0.99,-0.269,0.3,-0.99,-1.07,-0.97,-1.11,-0.96,-0.67,-1.12,-1.17,-1.09,-0.691,-0.322,-0.246,1.7,1.6,1.0,-0.9866666666666672,-1.0033333333333332,-1.0933333333333337,-0.4273333333333333,1.2000000000000004,-0.85
2022-12-01,-0.85,-0.82,-0.84,-0.092,2.1,-0.9,-0.99,-1.07,-0.94,-1.11,-0.96,-0.99,-1.12,-1.17,-0.269,-0.691,-0.322,0.3,1.7,1.6,-0.9133333333333337,-0.9566666666666666,-0.9833333333333337,-0.3506666666666666,1.3666666666666671,-0.72
2023-01-01,-0.72,-0.56,-0.66,0.109,1.4,-0.85,-0.9,-0.99,-0.82,-0.94,-1.11,-0.84,-0.99,-1.12,-0.092,-0.269,-0.691,2.1,0.3,1.7,-0.8233333333333338,-0.7733333333333331,-0.8300000000000004,-0.08399999999999996,1.266666666666667,-0.46
2023-02-01,-0.46,-0.1,-0.55,0.157,1.4,-0.72,-0.85,-0.9,-0.56,-0.82,-0.94,-0.66,-0.84,-0.99,0.109,-0.092,-0.269,1.4,2.1,0.3,-0.6766666666666672,-0.4933333333333331,-0.6833333333333337,0.05800000000000003,1.6333333333333337,-0.11
2023-03-01,-0.11,0.3,-0.25,0.415,0.2,-0.46,-0.72,-0.85,-0.1,-0.56,-0.82,-0.55,-0.66,-0.84,0.157,0.109,-0.092,1.4,1.4,2.1,-0.43000000000000044,-0.11999999999999982,-0.4866666666666671,0.227,1.0000000000000004,0.14
2023-04-01,0.14,0.47,0.13,0.56,0.2,-0.11,-0.46,-0.72,0.3,-0.1,-0.56,-0.25,-0.55,-0.66,0.415,0.157,0.109,0.2,1.4,1.4,-0.14333333333333378,0.22333333333333352,-0.22333333333333372,0.37733333333333335,0.6000000000000004,0.46
2023-05-01,0.46,0.84,0.3,0.443,-1.0,0.14,-0.11,-0.46,0.47,0.3,-0.1,0.13,-0.25,-0.55,0.56,0.415,0.157,0.2,0.2,1.4,0.16333333333333291,0.5366666666666668,0.05999999999999963,0.47266666666666673,-0.19999999999999954,0.84
2023-06-01,0.84,1.26,0.58,0.665,0.3,0.46,0.14,-0.11,0.84,0.47,0.3,0.3,0.13,-0.25,0.443,0.56,0.415,-1.0,0.2,0.2,0.47999999999999954,0.8566666666666668,0.3366666666666663,0.556,-0.16666666666666624,1.02
2023-07-01,1.02,1.6,0.7,0.498,-0.3,0.84,0.46,0.14,1.26,0.84,0.47,0.58,0.3,0.13,0.665,0.443,0.56,0.3,-1.0,0.2,0.7733333333333329,1.2333333333333336,0.5266666666666663,0.5353333333333333,-0.33333333333333287,1.35
2023-08-01,1.35,2.0,0.93,0.825,-0.8,1.02,0.84,0.46,1.6,1.26,0.84,0.7,0.58,0.3,0.498,0.665,0.443,-0.3,0.3,-1.0,1.0699999999999996,1.6200000000000003,0.7366666666666662,0.6626666666666666,-0.2666666666666662,1.6
2023-09-01,1.6,2.1,1.12,0.946,-1.3,1.35,1.02,0.84,2.0,1.6,1.26,0.93,0.7,0.58,0.825,0.498,0.665,-0.8,-0.3,0.3,1.323333333333333,1.9000000000000004,0.9166666666666664,0.7563333333333334,-0.7999999999999995,1.72
2023-10-01,1.72,2.15,1.23,0.804,-0.5,1.6,1.35,1.02,2.1,2.0,1.6,1.12,0.93,0.7,0.946,0.825,0.498,-1.3,-0.8,-0.3,1.5566666666666664,2.0833333333333335,1.0933333333333328,0.8583333333333334,-0.8666666666666663,2.02
2023-11-01,2.02,2.1,1.51,0.92,-0.8,1.72,1.6,1.35,2.15,2.1,2.0,1.23,1.12,0.93,0.804,0.946,0.825,-0.5,-1.3,-0.8,1.7799999999999994,2.1166666666666667,1.2866666666666664,0.89,-0.8666666666666663,2.03
2023-12-01,2.03,2.02,1.5,0.851,-0.2,2.02,1.72,1.6,2.1,2.15,2.1,1.51,1.23,1.12,0.92,0.804,0.946,-0.8,-0.5,-1.3,1.9233333333333327,2.0900000000000003,1.4133333333333329,0.8583333333333334,-0.49999999999999956,1.81
2024-01-01,1.81,1.85,1.54,0.765,0.5,2.03,2.02,1.72,2.02,2.1,2.15,1.5,1.51,1.23,0.851,0.92,0.804,-0.2,-0.8,-0.5,1.953333333333333,1.9900000000000002,1.5166666666666664,0.8453333333333334,-0.16666666666666624,1.52
2024-02-01,1.52,1.52,1.26,0.328,-1.4,1.81,2.03,2.02,1.85,2.02,2.1,1.54,1.5,1.51,0.765,0.851,0.92,0.5,-0.2,-0.8,1.786666666666666,1.7966666666666669,1.433333333333333,0.648,-0.3666666666666662,1.13
2024-03-01,1.13,0.83,0.99,0.421,0.4,1.52,1.81,2.03,1.52,1.85,2.02,1.26,1.54,1.5,0.328,0.765,0.851,-1.4,0.5,-0.2,1.4866666666666661,1.4000000000000001,1.263333333333333,0.5046666666666666,-0.16666666666666619,0.77
2024-04-01,0.77,0.5,0.92,0.44,-0.2,1.13,1.52,1.81,0.83,1.52,1.85,0.99,1.26,1.54,0.421,0.328,0.765,0.4,-1.4,0.5,1.1399999999999995,0.9500000000000002,1.0566666666666664,0.39633333333333337,-0.39999999999999947,0.23
2024-05-01,0.23,-0.19,0.79,0.297,0.5,0.77,1.13,1.52,0.5,0.83,1.52,0.92,0.99,1.26,0.44,0.421,0.328,-0.2,0.4,-1.4,0.7099999999999994,0.3800000000000001,0.8999999999999996,0.38599999999999995,0.23333333333333384,0.17
2024-06-01,0.17,-0.27,0.71,0.197,0.0,0.23,0.77,1.13,-0.19,0.5,0.83,0.79,0.92,0.99,0.297,0.44,0.421,0.5,-0.2,0.4,0.3899999999999994,0.013333333333333475,0.8066666666666663,0.3113333333333333,0.10000000000000048,0.04
2024-07-01,0.04,-0.14,0.51,0.033,-0.7,0.17,0.23,0.77,-0.27,-0.19,0.5,0.71,0.79,0.92,0.197,0.297,0.44,0.0,0.5,-0.2,0.14666666666666608,-0.19999999999999987,0.6699999999999996,0.17566666666666667,-0.06666666666666617,-0.12
2024-08-01,-0.12,-0.29,0.41,0.267,0.9,0.04,0.17,0.23,-0.14,-0.27,-0.19,0.51,0.71,0.79,0.033,0.197,0.297,-0.7,0.0,0.5,0.029999999999999416,-0.23333333333333317,0.543333333333333,0.16566666666666668,0.06666666666666717,-0.26
2024-09-01,-0.26,-0.2,0.15,0.115,-0.1,-0.12,0.04,0.17,-0.29,-0.14,-0.27,0.41,0.51,0.71,0.267,0.033,0.197,0.9,-0.7,0.0,-0.11333333333333391,-0.20999999999999985,0.3566666666666663,0.13833333333333334,0.03333333333333383,-0.27
2024-10-01,-0.27,-0.16,0.12,-0.196,0.5,-0.26,-0.12,0.04,-0.2,-0.29,-0.14,0.15,0.41,0.51,0.115,0.267,0.033,-0.1,0.9,-0.7,-0.21666666666666723,-0.21666666666666654,0.22666666666666627,0.062,0.43333333333333385,-0.25
2024-11-01,-0.25,-0.16,0.12,-0.383,0.5,-0.27,-0.26,-0.12,-0.16,-0.2,-0.29,0.12,0.15,0.41,-0.196,0.115,0.267,0.5,-0.1,0.9,-0.2600000000000006,-0.1733333333333332,0.12999999999999964,-0.15466666666666667,0.3000000000000005,-0.6
2024-12-01,-0.6,-0.39,-0.28,-0.331,1.2,-0.25,-0.27,-0.26,-0.16,-0.16,-0.2,0.12,0.12,0.15,-0.383,-0.196,0.115,0.5,0.5,-0.1,-0.3733333333333339,-0.2366666666666665,-0.013333333333333705,-0.3033333333333334,0.7333333333333338,-0.74
2025-01-01,-0.74,-0.3,-0.55,-0.196,0.2,-0.6,-0.25,-0.27,-0.39,-0.16,-0.16,-0.28,0.12,0.12,-0.331,-0.383,-0.196,1.2,0.5,0.5,-0.5300000000000006,-0.28333333333333316,-0.23666666666666705,-0.30333333333333334,0.6333333333333339,-0.43
2025-02-01,-0.43,0.02,-0.52,0.017,0.5,-0.74,-0.6,-0.25,-0.3,-0.39,-0.16,-0.55,-0.28,0.12,-0.196,-0.331,-0.383,0.2,1.2,0.5,-0.5900000000000005,-0.22333333333333316,-0.4500000000000004,-0.17,0.6333333333333337,0.01
